thread,index,value
0,0,12345678
0,1,326640756
0,2,3845107730
0,3,1273744264
0,4,2008197558
0,5,786378492
0,6,1255878458
0,7,2427847632
0,8,1625577886
0,9,3132069636
0,10,1743960546
0,11,361762200
0,12,742824198
0,13,2085594252
0,14,2490120202
0,15,538964192
0,16,2667188206
0,17,2962694036
0,18,3236762034
0,19,1481717160
0,20,2402477654
0,21,1876381724
0,22,2909941466
0,23,3994870768
0,24,1872806974
0,25,4150459940
0,26,1400371074
0,27,3637609400
0,28,1381421478
0,29,2694214060
0,30,3953284010
0,31,3084590336
0,32,2335422094
0,33,3445584564
0,34,1994697554
0,35,1561016264
0,36,2580126454
0,37,2454014268
0,38,858383994
0,39,2288049168
0,40,2194024158
0,41,1710275908
0,42,3816582434
0,43,3713044952
0,44,1088062022
0,45,2654213836
0,46,1403922250
0,47,2576113952
0,48,1965249838
0,49,43195860
0,50,4286610674
0,51,357290472
0,52,4279289750
0,53,1011554908
0,54,1162630682
0,55,2501110832
0,56,2748219774
0,57,1809503332
0,58,204085954
0,59,1962883064
0,60,1831578342
0,61,2886374380
0,62,1167700714
0,63,897957184
0,64,3892505550
0,65,3396608244
0,66,850036370
0,67,1908737032
0,68,3928124470
0,69,4253729660
0,70,3567484346
0,71,1195906128
0,72,129225758
0,73,3760407428
0,74,1898643554
0,75,927954456
0,76,1612991366
0,77,2054940940
0,78,2448357002
0,79,161034592
0,80,3935074926
0,81,2697231380
0,82,1741473842
0,83,3098070568
0,84,3919087830
0,85,1864778908
0,86,4185480538
0,87,4019147888
0,88,2934972094
0,89,726403748
0,90,94969346
0,91,557009976
0,92,1444832294
0,93,1399461420
0,94,12055082
0,95,3239624064
0,96,2667184398
0,97,583413556
0,98,366035410
0,99,2779328584
0,100,2408390006
0,101,1405066684
0,102,2476209402
0,103,469478544
0,104,92103006
0,105,1733765572
0,106,2890822562
0,107,3038558808
0,108,3740529862
0,109,976689996
0,110,4051609034
0,111,1423335840
0,112,3808788398
0,113,792410708
0,114,1931604850
0,115,2314742376
0,116,295315990
0,117,3078147804
0,118,3930670234
0,119,3089046704
0,120,2195037182
0,121,2143723748
0,122,3611623746
0,123,452837496
0,124,2113863014
0,125,197458028
0,126,4216131946
0,127,723787200
0,128,4025022030
0,129,107322740
0,130,363388178
0,131,1816640648
0,132,3906580150
0,133,267638780
0,134,1280789562
0,135,755737808
0,136,1240649374
0,137,1369206788
0,138,674678498
0,139,1078484632
0,140,1243184646
0,141,2658512268
0,142,2360161546
0,143,936636896
0,144,4200490222
0,145,1778866324
0,146,2463104690
0,147,684320424
0,148,1910877014
0,149,1548925212
0,150,2953579482
0,151,2169718000
0,152,3377396030
0,153,3411711780
0,154,273532034
0,155,4159607992
0,156,2375906982
0,157,3794483884
0,158,2343112874
0,159,473423360
0,160,3533687694
0,161,3177343924
0,162,528570450
0,163,2435885256
0,164,2362974198
0,165,1161261628
0,166,1395753850
0,167,2030566672
0,168,1524898782
0,169,218306116
0,170,1882454562
0,171,442655448
0,172,1717888838
0,173,4693964
0,174,4123698250
0,175,1193402912
0,176,2221353518
0,177,624482004
0,178,807856626
0,179,2360214248
0,180,1028328598
0,181,1019478876
0,182,1527886618
0,183,3048983856
0,184,3828102782
0,185,2283269476
0,186,940795842
0,187,2778056952
0,188,1707724774
0,189,2074926316
0,190,2149314538
0,191,350486080
0,192,4142825678
0,193,2815203828
0,194,413840274
0,195,938734856
0,196,1247310134
0,197,2660920444
0,198,1953929914
0,199,3598759248
0,200,1981892894
0,201,530259076
0,202,127274338
0,203,3707422488
0,204,816197766
0,205,1354560012
0,206,925299594
0,207,4015010400
0,208,2364526446
0,209,1289729300
0,210,2893460786
0,211,87326504
0,212,3734654422
0,213,3487346076
0,214,1940535898
0,215,2548610416
0,216,3980219326
0,217,1208918948
0,218,3454397186
0,219,1770216760
0,220,525601062
0,221,358211372
0,222,519417642
0,223,1840807552
0,224,3299153422
0,225,1035216948
0,226,3732205266
0,227,3693191496
0,228,673882742
0,229,1596769980
0,230,4101411322
0,231,4094021008
0,232,2440713822
0,233,661947076
0,234,1772945570
0,235,2040630104
0,236,3719125446
0,237,417702988
0,238,3541181130
0,239,1961812640
0,240,3620230318
0,241,3842765652
0,242,1628397682
0,243,971856744
0,244,4171460374
0,245,615299036
0,246,4196770202
0,247,1114242480
0,248,3058847998
0,249,3041835492
0,250,1226133058
0,251,3779547512
0,252,185344614
0,253,2218934636
0,254,646336106
0,255,1464164032
0,256,1536396110
0,257,254350964
0,258,1177553426
0,259,1363783048
0,260,1696510902
0,261,1644069116
0,262,2407622970
0,263,1478968784
0,264,1522484126
0,265,3667872004
0,266,164156386
0,267,971419544
0,268,3662308102
0,269,2043786892
0,270,3285987850
0,271,4102943456
0,272,3770726894
0,273,164467092
0,274,2671831986
0,275,711497640
0,276,1714843734
0,277,3796115996
0,278,1725163738
0,279,2815403504
0,280,3376098878
0,281,2447912996
0,282,418484610
0,283,41002424
0,284,2982288294
0,285,896926636
0,286,3441282474
0,287,3659177728
0,288,2475286670
0,289,3292226740
0,290,489424210
0,291,3271301576
0,292,2013570294
0,293,438278972
0,294,2045190266
0,295,1635065360
0,296,935334110
0,297,120287044
0,298,1396279074
0,299,3210359768
0,300,3410840646
0,301,747710668
0,302,2077565258
0,303,1656578848
0,304,3685285678
0,305,4013199316
0,306,2958776050
0,307,775304168
0,308,975393174
0,309,1202908252
0,310,2852458522
0,311,2460593712
0,312,1741155198
0,313,3085633124
0,314,2764747970
0,315,445798904
0,316,3561354470
0,317,772089324
0,318,3238800618
0,319,3603447616
0,320,4233631182
0,321,486216436
0,322,683204754
0,323,3033064968
0,324,262960694
0,325,2459964796
0,326,1610069946
0,327,1182750288
0,328,1179434526
0,329,2468935044
0,330,2840533602
0,331,59512856
0,332,2374374790
0,333,2184444684
0,334,3847024778
0,335,2349675360
0,336,3025216622
0,337,3780177428
0,338,3584991794
0,339,4108726312
0,340,3208254166
0,341,738793116
0,342,738793306
0,343,2777159280
0,344,2345175230
0,345,426196132
0,346,1274066946
0,347,3476647480
0,348,1801956902
0,349,184526892
0,350,681667626
0,351,98451328
0,352,3721276174
0,353,4051181876
0,354,640064466
0,355,37753416
0,356,317073270
0,357,1854926780
0,358,1711484666
0,359,366341776
0,360,1546996574
0,361,2091375556
0,362,1733922210
0,363,1477205080
0,364,902086342
0,365,1674194252
0,366,1653841866
0,367,353199008
0,368,243870126
0,369,1144171604
0,370,1217056114
0,371,2248707176
0,372,2018161686
0,373,4267090140
0,374,3442474650
0,375,1526390448
0,376,3876390398
0,377,3228357348
0,378,1706269506
0,379,502719096
0,380,2818000742
0,381,24480364
0,382,2720893802
0,383,4159479744
0,384,935075918
0,385,834834292
0,386,3401922322
0,387,3740376712
0,388,2692855990
0,389,3909036540
0,390,676955706
0,391,3054036688
0,392,122271902
0,393,3652723204
0,394,3769164002
0,395,1718288536
0,396,282675206
0,397,1382268812
0,398,3455659786
0,399,2051929056
0,400,1176571630
0,401,2481572500
0,402,977262770
0,403,1093486760
0,404,539309398
0,405,3316353820
0,406,3855205850
0,407,93456112
0,408,3815072574
0,409,3473656100
0,410,1097031298
0,411,1549448888
0,412,4072980646
0,413,3732327596
0,414,1140886186
0,415,360931328
0,416,3253859726
0,417,3857341876
0,418,3286544978
0,419,3597503176
0,420,256846326
0,421,3573400636
0,422,3142237562
0,423,3853008656
0,424,2371487198
0,425,3630811204
0,426,1619858466
0,427,808977624
0,428,2744365382
0,429,1729147340
0,430,2043518538
0,431,274654240
0,432,1860752430
0,433,1686522068
0,434,3558720498
0,435,3722732776
0,436,2845415062
0,437,555210076
0,438,1176923418
0,439,3487403824
0,440,2728501374
0,441,2136219492
0,442,642777538
0,443,938797816
0,444,3969915366
0,445,118714092
0,446,2624219626
0,447,2670886976
0,448,3963595470
0,449,771722228
0,450,3067415954
0,451,3426998024
0,452,3994975030
0,453,2644229756
0,454,2871448762
0,455,994309968
0,456,3962975006
0,457,3201093252
0,458,710289250
0,459,251881752
0,460,2864970374
0,461,1390478348
0,462,811658634
0,463,63976544
0,464,1420851566
0,465,1645750036
0,466,930385714
0,467,1807606056
0,468,1064818646
0,469,1202421660
0,470,915797082
0,471,3161290608
0,472,4270964158
0,473,592827812
0,474,1405715714
0,475,3059056440
0,476,1851347750
0,477,2019258668
0,478,2981833002
0,479,2911502464
0,480,3732226062
0,481,1108482612
0,482,1088833746
0,483,4228154184
0,484,62893174
0,485,1172904124
0,486,4231908346
0,487,627838864
0,488,3652075614
0,489,3941676228
0,490,2035554978
0,491,3026005336
0,492,456795078
0,493,1592047180
0,494,872619210
0,495,1496442016
0,496,2068315822
0,497,1353672020
0,498,2106866290
0,499,1380564328
0,500,1150286102
0,501,141986268
0,502,2003327898
0,503,2781986736
0,504,2298854142
0,505,622914532
0,506,18868290
0,507,890008440
0,508,2294312038
0,509,3344880492
0,510,37931114
0,511,823779520
0,512,2019734862
0,513,1915881588
0,514,4150813714
0,515,4181692296
0,516,1325579702
0,517,1760940796
0,518,719299386
0,519,3937437648
0,520,3281137054
0,521,3538352900
0,522,2161569250
0,523,701845912
0,524,566635782
0,525,1814808716
0,526,1057238026
0,527,3977508064
0,528,511665134
0,529,207356820
0,530,3083650482
0,531,1360525736
0,532,1404172886
0,533,3397973020
0,534,1089315546
0,535,1050306544
0,536,2345506878
0,537,113599012
0,538,1570974594
0,539,1772734392
0,540,2225431974
0,541,556635564
0,542,2219919274
0,543,4067565824
0,544,1373112974
0,545,644830900
0,546,1739284306
0,547,2944728008
0,548,112701174
0,549,970059068
0,550,727472762
0,551,2845925392
0,552,3484547806
0,553,79569220
0,554,1814995234
0,555,3506165208
0,556,590878278
0,557,4089854668
0,558,2209618762
0,559,1946576160
0,560,841394478
0,561,2301493716
0,562,4016976114
0,563,2142803432
0,564,1068358550
0,565,2364718684
0,566,1131792922
0,567,290943024
0,568,146363774
0,569,1649621092
0,570,2426621634
0,571,1639807992
0,572,3805822694
0,573,1255651308
0,574,2788599530
0,575,2451751232
0,576,3131391950
0,577,3738830068
0,578,385825426
0,579,1650771976
0,580,2578350134
0,581,2207082364
0,582,1778643386
0,583,1489934416
0,584,3688736798
0,585,646358916
0,586,1588278370
0,587,1667283480
0,588,3160399750
0,589,113511692
0,590,2892163722
0,591,2056861024
0,592,1645071982
0,593,3543490580
0,594,633895986
0,595,1304138280
0,596,324246742
0,597,3871598748
0,598,2807091546
0,599,2157500528
0,600,3113808574
0,601,3923406500
0,602,3111145986
0,603,2195165240
0,604,1546188838
0,605,2708290092
0,606,1313007146
0,607,2294006144
0,608,3130676494
0,609,864162612
0,610,2192831954
0,611,2909729864
0,612,2931241334
0,613,2839036348
0,614,3408292090
0,615,3335008400
0,616,2112173406
0,617,4132474308
0,618,1939646370
0,619,4069785176
0,620,3255666886
0,621,1312112460
0,622,3680541130
0,623,1700554144
0,624,302306222
0,625,243408468
0,626,1412147058
0,627,2192633448
0,628,292765206
0,629,118256348
0,630,214874266
0,631,3337527472
0,632,272396286
0,633,1735066852
0,634,4015666498
0,635,2324169848
0,636,3781661030
0,637,436083820
0,638,3670410602
0,639,650977728
0,640,294079054
0,641,3564601716
0,642,538546450
0,643,2217967752
0,644,614580918
0,645,2783083516
0,646,2870198330
0,647,2585667792
0,648,60334750
0,649,1244386308
0,650,3193109218
0,651,3894780568
0,652,1091637766
0,653,187289996
0,654,2868717834
0,655,1893725664
0,656,1574680814
0,657,1998863508
0,658,1810346674
0,659,1042852520
0,660,3034365782
0,661,3034340636
0,662,2352971738
0,663,4142450928
0,664,913558846
0,665,3172268836
0,666,1102116994
0,667,2388580536
0,668,2607024806
0,669,1100635820
0,670,571475114
0,671,2498159104
0,672,926687118
0,673,2311737268
0,674,1551895634
0,675,843214024
0,676,306066422
0,677,211555900
0,678,3726374778
0,679,1365278992
0,680,1925705694
0,681,271088196
0,682,1243491874
0,683,94742232
0,684,2117761862
0,685,380748748
0,686,763926602
0,687,2981357088
0,688,425885230
0,689,1630255828
0,690,1447861746
0,691,4155688680
0,692,2959089814
0,693,1329833820
0,694,3052611354
0,695,4212609328
0,696,235866750
0,697,3840430436
0,698,3083115458
0,699,4226551032
0,700,3941491686
0,701,1028784364
0,702,1920001002
0,703,3550020160
0,704,1535694030
0,705,864714228
0,706,2637653906
0,707,1529592072
0,708,3327952182
0,709,141889660
0,710,2962165434
0,711,1126119760
0,712,2302876958
0,713,1314291844
0,714,441336162
0,715,1688472344
0,716,4133078150
0,717,3789362700
0,718,3981633418
0,719,342373984
0,720,3496551278
0,721,950573332
0,722,4104808754
0,723,2128560936
0,724,4006437334
0,725,3444724124
0,726,2453253722
0,727,2517252464
0,728,819865534
0,729,4042590116
0,730,1357192962
0,731,2562695480
0,732,1758895398
0,733,3392471852
0,734,2453185322
0,735,3144909440
0,736,1715300878
0,737,3385330740
0,738,1066377938
0,739,4202653000
0,740,3352082038
0,741,1551723196
0,742,3871147514
0,743,2649379216
0,744,3168414302
0,745,583395012
0,746,707998882
0,747,1991298904
0,748,1581182406
0,749,1975240780
0,750,3970701002
0,751,1569515168
0,752,3334449326
0,753,2175457108
0,754,542184562
0,755,4215152488
0,756,2465497878
0,757,3189267420
0,758,2707625370
0,759,1649508784
0,760,4038141182
0,761,189472228
0,762,73564738
0,763,2187957624
0,764,3857495654
0,765,1028875628
0,766,3216458346
0,767,4245054144
0,768,4146716494
0,769,1553136244
0,770,2564341266
0,771,1674408328
0,772,3579758518
0,773,1673864444
0,774,3170229562
0,775,1750190544
0,776,995956638
0,777,3280383236
0,778,1830619106
0,779,89912216
0,780,2730096390
0,781,1935530636
0,782,2783192586
0,783,699528928
0,784,4164292078
0,785,3628234132
0,786,2861604786
0,787,3965672360
0,788,4154819670
0,789,1218823708
0,790,3686751450
0,791,3531418096
0,792,1465385534
0,793,1979356196
0,794,3247228290
0,795,779741624
0,796,1795207078
0,797,2210211756
0,798,2973548970
0,799,551658240
0,800,1713255566
0,801,335235252
0,802,4133665106
0,803,1118166472
0,804,3856840950
0,805,291258172
0,806,3884553338
0,807,2162532880
0,808,3936085214
0,809,2124993348
0,810,3462118178
0,811,842364888
0,812,3902464070
0,813,332614860
0,814,189470026
0,815,3982976800
0,816,412898094
0,817,4034884564
0,818,1555630834
0,819,701691880
0,820,2947573142
0,821,738889820
0,822,2979955738
0,823,823996976
0,824,648200062
0,825,2333305444
0,826,1874061506
0,827,1786813944
0,828,954370278
0,829,578963948
0,830,2501452010
0,831,2274706240
0,832,3270142414
0,833,806418164
0,834,2642252946
0,835,2593696264
0,836,673745462
0,837,4031953276
0,838,2462591930
0,839,2654329424
0,840,1751552542
0,841,3124517252
0,842,826232418
0,843,1993169944
0,844,2360453510
0,845,673980172
0,846,2268128394
0,847,4114429792
0,848,2478995566
0,849,2524041748
0,850,4162475570
0,851,3811111976
0,852,2246387414
0,853,3210132124
0,854,189827930
0,855,2697042544
0,856,3630259390
0,857,3164971172
0,858,3995593730
0,859,1544401464
0,860,3361882662
0,861,917687340
0,862,295460906
0,863,1773224832
0,864,3579739918
0,865,149161268
0,866,3413725138
0,867,3342194248
0,868,50346870
0,869,599299004
0,870,1661051642
0,871,1322414736
0,872,177020766
0,873,4098965444
0,874,1897382306
0,875,2763235416
0,876,600724166
0,877,427315532
0,878,4226126794
0,879,1707304864
0,880,2373483950
0,881,2921959508
0,882,906264946
0,883,2683392104
0,884,2098448406
0,885,4053419228
0,886,1227190938
0,887,469394096
0,888,2657343998
0,889,2495690468
0,890,339267394
0,891,2159093368
0,892,3394231142
0,893,1969139308
0,894,1159102314
0,895,3620053952
0,896,491418702
0,897,243561332
0,898,3047549714
0,899,2081251976
0,900,356109494
0,901,1721617916
0,902,1954937402
0,903,4182469328
0,904,3739192478
0,905,3271001604
0,906,1630868706
0,907,3849864344
0,908,2059459590
0,909,3905414028
0,910,3283690250
0,911,998897632
0,912,3784205038
0,913,867610260
0,914,3351743666
0,915,1069288616
0,916,3490466134
0,917,1239756572
0,918,1131231706
0,919,1968671472
0,920,1652176702
0,921,3044420900
0,922,2973143682
0,923,2918906552
0,924,662394022
0,925,731246764
0,926,3319234218
0,927,3127010304
0,928,3531491726
0,929,3372368308
0,930,2303944274
0,931,3299823304
0,932,900021750
0,933,202532924
0,934,1537552762
0,935,3694183184
0,936,2871908830
0,937,3560909892
0,938,3437709346
0,939,3131787480
0,940,2522432838
0,941,791336396
0,942,2969277002
0,943,1260447776
0,944,601106478
0,945,992554196
0,946,1454602226
0,947,4195952872
0,948,4053707414
0,949,3880221020
0,950,1249370394
0,951,1466503984
0,952,3329520766
0,953,3637805924
0,954,2356229570
0,955,293285624
0,956,11840998
0,957,1047040748
0,958,2721013226
0,959,3524756544
0,960,3838443214
0,961,3631050740
0,962,1808908690
0,963,78355208
0,964,1930596150
0,965,4280705660
0,966,615467194
0,967,236092240
0,968,3980920606
0,969,3996660356
0,970,2004769634
0,971,4259097880
0,972,3009908358
0,973,498149388
0,974,234676618
0,975,1092106336
0,976,2686045550
0,977,4036037396
0,978,2216182578
0,979,1587062056
0,980,2358963158
0,981,2161189788
0,982,647325786
0,983,1153366896
0,984,606245310
0,985,3505142180
0,986,1698216194
0,987,818004792
0,988,2932598566
0,989,719754540
0,990,1617829162
0,991,3077899392
0,992,4227699726
0,993,4107664948
0,994,2054225106
0,995,4153558856
0,996,340902006
0,997,3270098108
0,998,1408516090
0,999,2105578384
1,0,3674084446
1,1,4008876228
1,2,474631842
1,3,3768349016
1,4,1186707398
1,5,2104154700
1,6,2634879178
1,7,2717903008
1,8,1513050798
1,9,2550024532
1,10,3913674354
1,11,1422557544
1,12,2211515670
1,13,1704078812
1,14,404082586
1,15,2548646832
1,16,2371129086
1,17,2278379492
1,18,4074576962
1,19,3915298680
1,20,3264282726
1,21,102758252
1,22,4276337770
1,23,3674924224
1,24,2011760974
1,25,3997953140
1,26,3397457938
1,27,2968736648
1,28,2553467318
1,29,1919710972
1,30,3854833466
1,31,4044032976
1,32,1646264734
1,33,3430833924
1,34,1855660514
1,35,3967456664
1,36,4247109894
1,37,2942823564
1,38,2558271498
1,39,3395811552
1,40,233093102
1,41,2374035348
1,42,395082162
1,43,473873832
1,44,4061204054
1,45,2090506268
1,46,3611891418
1,47,2205674480
1,48,3420089406
1,49,4287088164
1,50,3836632962
1,51,1893862328
1,52,81000870
1,53,2099558828
1,54,4091558826
1,55,2238260480
1,56,1885101710
1,57,2900310708
1,58,1766986578
1,59,2623455176
1,60,3045442294
1,61,3233714492
1,62,1315884666
1,63,121758736
1,64,679333598
1,65,2498463044
1,66,432067874
1,67,50797016
1,68,3145050694
1,69,2897764044
1,70,2996440906
1,71,4007684384
1,72,789183790
1,73,1160308180
1,74,2554062066
1,75,1283807720
1,76,707456918
1,77,1157259868
1,78,2491366938
1,79,301659184
1,80,1636051326
1,81,1378589796
1,82,3791422146
1,83,1423687672
1,84,1986319078
1,85,3573865452
1,86,766745322
1,87,3609183552
1,88,3039269838
1,89,815786228
1,90,1546907282
1,91,2103741448
1,92,1528468534
1,93,4176481148
1,94,2051302842
1,95,917838928
1,96,2347203614
1,97,1850346372
1,98,3238750306
1,99,1574043160
1,100,2658890630
1,101,107753740
1,102,364306058
1,103,469317984
1,104,3916374638
1,105,1258701844
1,106,3970183218
1,107,3576583720
1,108,3069096150
1,109,3586231452
1,110,4161291610
1,111,637688944
1,112,2283914942
1,113,2982728356
1,114,2316797442
1,115,2061227064
1,116,1343458342
1,117,3939524140
1,118,313383466
1,119,3367945600
1,120,3457853710
1,121,2443048756
1,122,2692131282
1,123,1872017480
1,124,2948679030
1,125,4262520252
1,126,3449085178
1,127,3455366288
1,128,2720860510
1,129,2527719876
1,130,4291484578
1,131,2389394008
1,132,4211547334
1,133,3851641676
1,134,1679986122
1,135,910322080
1,136,551823278
1,137,1126761044
1,138,2383764338
1,139,4257854056
1,140,1529631254
1,141,3724547804
1,142,573844634
1,143,2048795824
1,144,830686206
1,145,1752131812
1,146,1951361346
1,147,544360568
1,148,45098342
1,149,865550444
1,150,2166290794
1,151,718677440
1,152,4211449422
1,153,4293485940
1,154,728384786
1,155,3867100296
1,156,306828982
1,157,1261510652
1,158,615527482
1,159,4086344912
1,160,958297758
1,161,1679505412
1,162,1766797026
1,163,2120410776
1,164,1575527942
1,165,188609932
1,166,3089964298
1,167,4199283168
1,168,1899564270
1,169,3919650964
1,170,3990841010
1,171,1709665960
1,172,296997718
1,173,2764439836
1,174,2874340314
1,175,2698923248
1,176,125346110
1,177,3626983204
1,178,804531330
1,179,3677297848
1,180,923442854
1,181,3161031340
1,182,3478583466
1,183,2784355840
1,184,867726222
1,185,3281138612
1,186,3932078162
1,187,2914267336
1,188,428099574
1,189,4083202620
1,190,3555093370
1,191,2786657552
1,192,3599483870
1,193,1152245316
1,194,2296930850
1,195,1867049688
1,196,2347765574
1,197,3497781196
1,198,2753989706
1,199,4238731808
1,200,775803438
1,201,310288084
1,202,1968329202
1,203,85428968
1,204,223687830
1,205,153307996
1,206,2746522394
1,207,80926000
1,208,1808916094
1,209,2065216868
1,210,1146474434
1,211,2560774392
1,212,3455252454
1,213,710354156
1,214,3416643562
1,215,3131967040
1,216,671295694
1,217,1017668084
1,218,3265534866
1,219,3905125640
1,220,2487261494
1,221,2712646780
1,222,2810675898
1,223,3156065616
1,224,3091525918
1,225,3195135108
1,226,3789976930
1,227,4205661976
1,228,2179815558
1,229,643643916
1,230,845077386
1,231,2850044512
1,232,1673688942
1,233,2849078548
1,234,2243829042
1,235,719980328
1,236,3101717974
1,237,2183656860
1,238,2477335130
1,239,3901472112
1,240,2019490750
1,241,3812322212
1,242,818172674
1,243,2656822584
1,244,3761844518
1,245,3127912236
1,246,3160119082
1,247,3247343232
1,248,1068875278
1,249,3812356148
1,250,2441762514
1,251,322775368
1,252,2303642230
1,253,2569932476
1,254,3823335930
1,255,3828274576
1,256,3558473310
1,257,1870088900
1,258,4019808418
1,259,304091992
1,260,1957724614
1,261,2515659852
1,262,3844475594
1,263,1183509152
1,264,3583442094
1,265,3014245204
1,266,2020788338
1,267,2129585000
1,268,3072694038
1,269,518258652
1,270,2072021402
1,271,1721304496
1,272,4277139710
1,273,3131539940
1,274,1821357634
1,275,2313935224
1,276,3199027814
1,277,1103399276
1,278,1606956650
1,279,3945227968
1,280,2594190158
1,281,1197268596
1,282,744583698
1,283,11613576
1,284,931060662
1,285,3035351292
1,286,1162498362
1,287,2765901264
1,288,3621448606
1,289,231608580
1,290,626080738
1,291,4281415576
1,292,3507063558
1,293,1078591116
1,294,3066829322
1,295,4013292256
1,296,4287324654
1,297,1276598676
1,298,2663404466
1,299,11935656
1,300,3807680598
1,301,2254924316
1,302,3549090010
1,303,1904913904
1,304,2304038462
1,305,3278698532
1,306,1728575874
1,307,1357000120
1,308,4062135206
1,309,761547692
1,310,3963336106
1,311,1074308864
1,312,278038670
1,313,286993588
1,314,1618570578
1,315,3702497736
1,316,362859766
1,317,1744364348
1,318,788602
1,319,1555441168
1,320,693614814
1,321,1736849220
1,322,3999133474
1,323,1668332504
1,324,1002992710
1,325,3732238540
1,326,429984074
1,327,2557569824
1,328,359638830
1,329,2804570068
1,330,1106689778
1,331,131054568
1,332,1327331734
1,333,4156699740
1,334,2350381082
1,335,3555767856
1,336,1499304830
1,337,3617312356
1,338,2273123522
1,339,1087300088
1,340,996089062
1,341,2187292140
1,342,268834026
1,343,2697086784
1,344,828161486
1,345,8837876
1,346,4079110290
1,347,717778440
1,348,3531906614
1,349,3177536892
1,350,3229130682
1,351,1112301136
1,352,3865077278
1,353,1655684484
1,354,2920252002
1,355,946774040
1,356,2445098374
1,357,3246670604
1,358,4160018570
1,359,248331104
1,360,51629166
1,361,284341780
1,362,2741373490
1,363,1137424424
1,364,1181760214
1,365,1241800348
1,366,225967962
1,367,811277936
1,368,1759129790
1,369,3913548964
1,370,759111682
1,371,4282512952
1,372,2470237734
1,373,3720736812
1,374,4051129386
1,375,3320072064
1,376,1154405134
1,377,3987728692
1,378,2712404946
1,379,3331037768
1,380,1425690486
1,381,1480669116
1,382,2866812666
1,383,1680799376
1,384,3838112606
1,385,4250575812
1,386,3216373154
1,387,3485131864
1,388,3887589062
1,389,3532027212
1,390,3021440970
1,391,4141444000
1,392,1816646062
1,393,3984618580
1,394,4234032498
1,395,3157922920
1,396,1270668310
1,397,3963480284
1,398,939189914
1,399,22668976
1,400,1771744766
1,401,41261796
1,402,2946368322
1,403,2311809656
1,404,713584486
1,405,1957155436
1,406,786396010
1,407,1073653696
1,408,1253623886
1,409,3366344564
1,410,560373522
1,411,3817416328
1,412,3151093942
1,413,1939632636
1,414,1536323130
1,415,2834165456
1,416,2991939742
1,417,1301735940
1,418,1990281442
1,419,3538258072
1,420,2324197382
1,421,2458650508
1,422,676927242
1,423,3441818592
1,424,2900080366
1,425,3101921940
1,426,2117025970
1,427,3500855464
1,428,433282390
1,429,3850294044
1,430,1676717530
1,431,2575109872
1,432,3312388926
1,433,1161859364
1,434,1575601794
1,435,905658040
1,436,1779558566
1,437,336925868
1,438,3733877418
1,439,2007066624
1,440,4209679758
1,441,2574919092
1,442,530717266
1,443,223417032
1,444,1574654454
1,445,3800501308
1,446,3873416570
1,447,3474540304
1,448,2497818078
1,449,2171899972
1,450,505510946
1,451,1132367064
1,452,4278114630
1,453,447019468
1,454,2802419274
1,455,3863145504
1,456,3634330670
1,457,120328404
1,458,1378429938
1,459,950922472
1,460,2743320214
1,461,3570867548
1,462,1638487322
1,463,592746288
1,464,2653374590
1,465,3954501476
1,466,2138204610
1,467,2975953656
1,468,4071178726
1,469,555595500
1,470,2396279274
1,471,2908522560
1,472,3308540622
1,473,2151371764
1,474,1101952402
1,475,661872392
1,476,3387335478
1,477,269551228
1,478,3642211514
1,479,1832976208
1,480,2319047454
1,481,3741554308
1,482,4186345314
1,483,2065035544
1,484,32187014
1,485,467749900
1,486,4202222986
1,487,1858092128
1,488,3143836014
1,489,2221534996
1,490,2577135410
1,491,64186664
1,492,329121750
1,493,4048996252
1,494,2037701722
1,495,2708504432
1,496,3448989118
1,497,1206033828
1,498,1401416962
1,499,26085176
1,500,2636020518
1,501,2563881260
1,502,1174475050
1,503,4190111872
1,504,3513116686
1,505,3036275252
1,506,618377426
1,507,1837108040
1,508,3334722678
1,509,4283064508
1,510,915059706
1,511,4059371408
1,512,1210968158
1,513,3293838532
1,514,1142981282
1,515,725333336
1,516,2283621318
1,517,3746627148
1,518,1693910218
1,519,1798171808
1,520,3640043182
1,521,4104990036
1,522,1842848370
1,523,2578138472
1,524,3438420246
1,525,168677852
1,526,1805861786
1,527,3999319984
1,528,3850593022
1,529,3285824484
1,530,293228610
1,531,2215705464
1,532,2051118182
1,533,272702316
1,534,2187636842
1,535,1297868992
1,536,4283391310
1,537,2277888116
1,538,1585040402
1,539,1929844616
1,540,1396893110
1,541,1262689020
1,542,2072546106
1,543,2747633616
1,544,1015928222
1,545,2809512708
1,546,826234338
1,547,1568659864
1,548,3194311942
1,549,1174671500
1,550,2698253322
1,551,3088841952
1,552,1831472110
1,553,872795028
1,554,3760991666
1,555,3116728744
1,556,1783636566
1,557,2248948764
1,558,1887734490
1,559,3166007280
1,560,801587262
1,561,3786025508
1,562,3902378882
1,563,4000993208
1,564,3538062758
1,565,3028016556
1,566,978268074
1,567,1891641600
1,568,3871388302
1,569,1622089396
1,570,2077804370
1,571,597197768
1,572,2788415222
1,573,655045948
1,574,2623619706
1,575,2705483792
1,576,2368316126
1,577,377022788
1,578,3962767650
1,579,1936874968
1,580,160644678
1,581,3372909260
1,582,3764388682
1,583,169504032
1,584,1808617774
1,585,914606548
1,586,4192835826
1,587,2075270632
1,588,3196584854
1,589,1684145756
1,590,946385434
1,591,2533259312
1,592,2922315134
1,593,996409444
1,594,3520194
1,595,1314522104
1,596,668034790
1,597,1251082220
1,598,3692072682
1,599,75286848
1,600,3616139214
1,601,3217411316
1,602,38314642
1,603,3267645448
1,604,778479670
1,605,1571991420
1,606,90495418
1,607,3774586960
1,608,399593502
1,609,3077402500
1,610,2555092066
1,611,648233496
1,612,108464006
1,613,2037667084
1,614,3454718602
1,615,3988340064
1,616,2159048302
1,617,137832468
1,618,3160400946
1,619,1325472296
1,620,3563701462
1,621,1008677020
1,622,3953113434
1,623,3754680432
1,624,445291198
1,625,2199336612
1,626,2006891010
1,627,155195448
1,628,836640806
1,629,798196268
1,630,1308151338
1,631,2166475136
1,632,3648716046
1,633,1025104692
1,634,1863933394
1,635,3961158728
1,636,2460703094
1,637,1380551100
1,638,2598588666
1,639,830552208
1,640,1918164318
1,641,1214469572
1,642,1356402594
1,643,2292352600
1,644,2313203910
1,645,5343052
1,646,2344911306
1,647,3347606944
1,648,262372270
1,649,3442468436
1,650,551489394
1,651,4215436904
1,652,4005914134
1,653,1012120284
1,654,712614042
1,655,3517819056
1,656,3869906942
1,657,2194918628
1,658,1713675586
1,659,3703344248
1,660,3789076838
1,661,1485857900
1,662,3998739818
1,663,926886336
1,664,2892231246
1,665,2293975412
1,666,932903186
1,667,2469070984
1,668,2983324342
1,669,4292854780
1,670,3106711610
1,671,962801872
1,672,3934538398
1,673,2674564100
1,674,690709218
1,675,50342552
1,676,2694855174
1,677,2662472076
1,678,3023900938
1,679,3558342112
1,680,880173294
1,681,3246261396
1,682,414653106
1,683,2684760744
1,684,2288707414
1,685,739222812
1,686,222717914
1,687,2134102256
1,688,1012757822
1,689,480887588
1,690,3675742338
1,691,3730792632
1,692,1620128422
1,693,1385735852
1,694,2474503338
1,695,1332013568
1,696,3356805006
1,697,1790580660
1,698,3374150738
1,699,59110600
1,700,2729073654
1,701,4186267196
1,702,881909626
1,703,1999735056
1,704,2251266014
1,705,2861777476
1,706,747804194
1,707,1464610520
1,708,2407899974
1,709,765856716
1,710,1503952970
1,711,670559776
1,712,3271108142
1,713,959546068
1,714,2369258994
1,715,3034337000
1,716,1412057238
1,717,1784868700
1,718,609619738
1,719,3538835760
1,720,4252283518
1,721,1252596068
1,722,3720807362
1,723,2075694328
1,724,249007078
1,725,1119635692
1,726,2344274922
1,727,3391294016
1,728,1549630670
1,729,3274065396
1,730,2297483154
1,731,3770368264
1,732,3020205366
1,733,1783257212
1,734,1499461306
1,735,1098662224
1,736,52872478
1,737,1877821572
1,738,1583262050
1,739,2669056792
1,740,3546344582
1,741,507338252
1,742,105566090
1,743,2948087392
1,744,1190906734
1,745,2690277652
1,746,1605488946
1,747,156551976
1,748,1020496342
1,749,3999111580
1,750,2012780122
1,751,2406302064
1,752,3284127678
1,753,518115236
1,754,1837336322
1,755,2052598072
1,756,2239481126
1,757,3859499820
1,758,2640218922
1,759,2148108928
1,760,1359876622
1,761,2316293172
1,762,3563391698
1,763,643493192
1,764,1823530614
1,765,356430524
1,766,3957976570
1,767,3335739792
1,768,3610890846
1,769,227061444
1,770,3118439586
1,771,1273976664
1,772,553784774
1,773,2038960204
1,774,3162504906
1,775,803794592
1,776,72241326
1,777,2064162644
1,778,1769241714
1,779,3305088872
1,780,1698081558
1,781,1192207324
1,782,2289958298
1,783,1329629616
1,784,3775843582
1,785,3278104036
1,786,2174544450
1,787,4157480312
1,788,2504908390
1,789,2442505580
1,790,112798314
1,791,564685504
1,792,1173784398
1,793,3481715316
1,794,13248018
1,795,670366088
1,796,2340351926
1,797,1433562364
1,798,679396666
1,799,231133648
1,800,809025438
1,801,3111482628
1,802,845508578
1,803,661027736
1,804,1698242310
1,805,3767935628
1,806,4136898058
1,807,1159331552
1,808,4139824622
1,809,1699495316
1,810,2077231026
1,811,1735189416
1,812,673426518
1,813,2609450524
1,814,1312179418
1,815,2230858224
1,816,1597090366
1,817,2050972708
1,818,157494658
1,819,1772777912
1,820,1193138086
1,821,845901740
1,822,2115676586
1,823,932162304
1,824,2464603278
1,825,3147501748
1,826,1534075218
1,827,2434360776
1,828,121561334
1,829,502630204
1,830,3278797946
1,831,4108757520
1,832,4092824798
1,833,3250821956
1,834,3007324962
1,835,1393295320
1,836,3302361158
1,837,2356647116
1,838,2799107402
1,839,1675325216
1,840,3525507886
1,841,322255828
1,842,1611952882
1,843,3358359528
1,844,409636246
1,845,2866403420
1,846,963734554
1,847,2065971760
1,848,4294469502
1,849,2642686564
1,850,3961934018
1,851,2642224632
1,852,3686510822
1,853,1302106604
1,854,835913962
1,855,575621952
1,856,1202655694
1,857,2388442868
1,858,698809490
1,859,1700278792
1,860,247509558
1,861,4191682940
1,862,3909686202
1,863,851632720
1,864,3225041438
1,865,2357404036
1,866,532657762
1,867,1215292440
1,868,2628309382
1,869,1312581388
1,870,932760714
1,871,3636281184
1,872,38084718
1,873,1356044820
1,874,3616652850
1,875,382630952
1,876,14372566
1,877,3423732380
1,878,847213402
1,879,1414832752
1,880,1026753726
1,881,2671929508
1,882,154555394
1,883,3101047352
1,884,3421989414
1,885,3740716
1,886,3358738474
1,887,444025728
1,888,740239118
1,889,2681982260
1,890,2831071186
1,891,4283976
1,892,148136822
1,893,204069820
1,894,1033800442
1,895,1441495696
1,896,3940337502
1,897,2546206660
1,898,1395927458
1,899,3642894424
1,900,2172746438
1,901,2398394700
1,902,2334751690
1,903,3360649120
1,904,2868323758
1,905,37181524
1,906,2610424178
1,907,3672299624
1,908,3829788694
1,909,3997273308
1,910,2578471578
1,911,186215088
1,912,1219592702
1,913,160038628
1,914,937637698
1,915,960867960
1,916,3365995366
1,917,4283496044
1,918,1602774890
1,919,815246272
1,920,3221691470
1,921,1613249396
1,922,235361042
1,923,358935176
1,924,2487874742
1,925,268113404
1,926,3716080186
1,927,3304092368
1,928,2175480990
1,929,2039893508
1,930,552434914
1,931,783469720
1,932,1076888582
1,933,1336945548
1,934,4225305354
1,935,790757344
1,936,2819164910
1,937,594572948
1,938,1568076978
1,939,4093220008
1,940,4252660054
1,941,2558031644
1,942,1196696026
1,943,1912771312
1,944,205774654
1,945,2120938788
1,946,1199372930
1,947,4099637944
1,948,3129506982
1,949,2549364908
1,950,2384815786
1,951,1296067584
1,952,993456526
1,953,1464994228
1,954,2261831250
1,955,2958218952
1,956,2280744438
1,957,1482403900
1,958,1559894394
1,959,3194080016
1,960,1249214942
1,961,3758748740
1,962,1413197858
1,963,3400650968
1,964,3716443462
1,965,696196556
1,966,1542945354
1,967,3787780128
1,968,2370490414
1,969,3364811988
1,970,3330203634
1,971,2577576168
1,972,3209220758
1,973,3922116956
1,974,2344274202
1,975,866130736
1,976,700062846
1,977,3086306148
1,978,4283669954
1,979,396867320
1,980,3263026662
1,981,2939345644
1,982,1650017770
1,983,822185024
1,984,2373887694
1,985,627652596
1,986,946547090
1,987,882582280
1,988,4070225718
1,989,3495668348
1,990,3361747130
1,991,1489994576
1,992,3272322846
1,993,2435775108
1,994,2960048994
1,995,2259629336
1,996,2521740934
1,997,1299279884
1,998,4124363146
1,999,2361933920
2,0,2794222958
2,1,497210132
2,2,2013244210
2,3,1533947176
2,4,3565229014
2,5,2570873756
2,6,791957594
2,7,3531735920
2,8,4209260990
2,9,2285437348
2,10,515318018
2,11,683297592
2,12,961613606
2,13,3256671532
2,14,1651770666
2,15,1953172608
2,16,1588476942
2,17,2189280820
2,18,1076258002
2,19,1573769032
2,20,454420598
2,21,4211803324
2,22,2751539194
2,23,2194250640
2,24,557694046
2,25,1796563140
2,26,4040603298
2,27,2486892888
2,28,3747536838
2,29,2224497228
2,30,2344679626
2,31,3032215712
2,32,4154325678
2,33,1723601236
2,34,189355634
2,35,552339816
2,36,536032534
2,37,4125717980
2,38,1913698202
2,39,2839038896
2,40,2442278654
2,41,3645249508
2,42,1559725122
2,43,86196088
2,44,2949785702
2,45,3854712684
2,46,2361762922
2,47,2282548416
2,48,244691278
2,49,1050653812
2,50,3008528402
2,51,1065016200
2,52,2150824374
2,53,4084842236
2,54,3962371898
2,55,48239568
2,56,1390127518
2,57,1674389252
2,58,3368258018
2,59,2095390104
2,60,1703209222
2,61,805319820
2,62,1477183498
2,63,3056599264
2,64,1011834862
2,65,4293570452
2,66,296477106
2,67,699155880
2,68,3161405014
2,69,3873300508
2,70,211812058
2,71,3931304944
2,72,3079935038
2,73,2905378340
2,74,1768212354
2,75,3799159736
2,76,4006683046
2,77,3342008748
2,78,1469981610
2,79,3027709184
2,80,3037005454
2,81,1105134260
2,82,2671737682
2,83,1160923080
2,84,3636587254
2,85,1823988028
2,86,355710586
2,87,2007165968
2,88,4256528094
2,89,2305183044
2,90,3817159970
2,91,574464472
2,92,227594822
2,93,1220323020
2,94,218494794
2,95,3316936992
2,96,3899696430
2,97,1564388820
2,98,343362802
2,99,222224872
2,100,4240775062
2,101,3945376348
2,102,791815706
2,103,2690776112
2,104,4005155198
2,105,503080036
2,106,3947817666
2,107,1312311288
2,108,4145937126
2,109,2877236204
2,110,2974647018
2,111,439995712
2,112,567032782
2,113,2353770740
2,114,155014802
2,115,847516680
2,116,328383542
2,117,2983547772
2,118,191188410
2,119,1470243920
2,120,2140873758
2,121,32560004
2,122,3832270946
2,123,3184821784
2,124,4099054470
2,125,1608284428
2,126,3573466762
2,127,4023992672
2,128,668060270
2,129,180882452
2,130,2499516466
2,131,3140738600
2,132,1808062678
2,133,433902748
2,134,2182557018
2,135,2918540400
2,136,1892904638
2,137,1573231268
2,138,2181426690
2,139,772037688
2,140,25736230
2,141,1874241068
2,142,2343466
2,143,2984562048
2,144,3703263502
2,145,905297716
2,146,4003205586
2,147,587219016
2,148,1467313526
2,149,2783063484
2,150,856802554
2,151,4050500752
2,152,3999052126
2,153,192723396
2,154,1724335010
2,155,3778660952
2,156,1855603910
2,157,2658118476
2,158,1380349386
2,159,422474144
2,160,3728920494
2,161,2895563348
2,162,210289522
2,163,2065381992
2,164,3426646550
2,165,570908380
2,166,631182490
2,167,3449629872
2,168,800123902
2,169,3063427300
2,170,3302609218
2,171,3211186296
2,172,2128694630
2,173,2297006188
2,174,577823082
2,175,1275604416
2,176,631391822
2,177,1861037428
2,178,1152101650
2,179,2318847112
2,180,54132406
2,181,3287181308
2,182,1753816122
2,183,1804973264
2,184,399122078
2,185,4229562372
2,186,4259813090
2,187,1979543192
2,188,154652166
2,189,3313909132
2,190,2670527754
2,191,4265869792
2,192,2811475182
2,193,4273662100
2,194,3966684850
2,195,3968136872
2,196,419560278
2,197,1253656860
2,198,2988039130
2,199,2447987952
2,200,3575793982
2,201,2323916580
2,202,1125815426
2,203,2549064888
2,204,402114214
2,205,69716652
2,206,1854202026
2,207,2436099584
2,208,4098956174
2,209,2135030708
2,210,4173080658
2,211,867678408
2,212,2914021366
2,213,520749628
2,214,1790842
2,215,3299478800
2,216,2176019422
2,217,1104717380
2,218,891079202
2,219,3182392024
2,220,2298165062
2,221,774909900
2,222,1308783690
2,223,866775584
2,224,3616832046
2,225,3578029780
2,226,2650651122
2,227,117510888
2,228,2229230742
2,229,1929548636
2,230,936870682
2,231,1701436720
2,232,3271001726
2,233,1402568036
2,234,2216179650
2,235,2771310840
2,236,2912690150
2,237,2256628972
2,238,2997862378
2,239,33033792
2,240,4170698958
2,241,3338938868
2,242,4028466066
2,243,1125319944
2,244,631816502
2,245,1648688252
2,246,3323488954
2,247,3543844176
2,248,1776851230
2,249,1657318532
2,250,2411126114
2,251,1373624088
2,252,3937697926
2,253,3380445708
2,254,1763099530
2,255,636502624
2,256,2048204654
2,257,474170644
2,258,2189788466
2,259,438275880
2,260,2057739734
2,261,301153692
2,262,1059588698
2,263,2326709616
2,264,318809022
2,265,2749903780
2,266,119716610
2,267,750021944
2,268,1486772518
2,269,1292267308
2,270,893484842
2,271,4142173824
2,272,2588304910
2,273,3192109108
2,274,136298194
2,275,869839176
2,276,1911747190
2,277,3501151932
2,278,4275069434
2,279,1171774864
2,280,3325666910
2,281,4244247236
2,282,2298859682
2,283,605985624
2,284,1664330182
2,285,545141836
2,286,1924788938
2,287,430371488
2,288,1390781614
2,289,3620176724
2,290,4082511986
2,291,3446696808
2,292,2636627734
2,293,916146140
2,294,3361436058
2,295,474484144
2,296,2534252798
2,297,629164516
2,298,1133125186
2,299,3423625592
2,300,1775137382
2,301,751227244
2,302,3028950634
2,303,2693361344
2,304,4180466510
2,305,4111509108
2,306,370334226
2,307,3650665864
2,308,3512665014
2,309,1163464956
2,310,1720924474
2,311,2735822288
2,312,1148621726
2,313,3330070788
2,314,2488902626
2,315,2113650584
2,316,1598599942
2,317,1413629580
2,318,1698431498
2,319,727581408
2,320,3721791982
2,321,601956756
2,322,1103084466
2,323,545499048
2,324,3341992022
2,325,2282402332
2,326,1270986970
2,327,214283760
2,328,3639508542
2,329,2591146020
2,330,2828951938
2,331,2027075000
2,332,1778150310
2,333,2463273900
2,334,1725537706
2,335,125218560
2,336,3977982094
2,337,326825140
2,338,3880179026
2,339,1608722888
2,340,3132945654
2,341,861023036
2,342,833679482
2,343,1232547344
2,344,1248813278
2,345,2371944260
2,346,486692642
2,347,17253336
2,348,2210634822
2,349,500807884
2,350,3001872714
2,351,1336242976
2,352,1320570670
2,353,882909140
2,354,3071420146
2,355,1793672168
2,356,194486678
2,357,1162968156
2,358,3114983450
2,359,649575984
2,360,443759486
2,361,3704395364
2,362,2645525698
2,363,2156620280
2,364,435700966
2,365,2218374636
2,366,4202691818
2,367,205279040
2,368,98657742
2,369,3650265844
2,370,1091285138
2,371,1246230024
2,372,3705456182
2,373,2779424124
2,374,209291194
2,375,1872324176
2,376,4126412318
2,377,934708612
2,378,2253384290
2,379,2798725144
2,380,2910086534
2,381,3461647116
2,382,1176289418
2,383,1393378144
2,384,2438362222
2,385,1444183572
2,386,2493346354
2,387,1546731560
2,388,3039191766
2,389,1165993628
2,390,2053564250
2,391,212739696
2,392,1433131198
2,393,3735080100
2,394,2181924866
2,395,2294971960
2,396,1922170406
2,397,2651600940
2,398,2513255466
2,399,1735020416
2,400,2337241870
2,401,526889268
2,402,3769723858
2,403,1951867464
2,404,512653174
2,405,1064468412
2,406,456982266
2,407,604503696
2,408,483695454
2,409,3280825284
2,410,731012514
2,411,3236523096
2,412,4046130886
2,413,1321385292
2,414,2166058954
2,415,3659887520
2,416,1233549742
2,417,3964550228
2,418,330407282
2,419,4226522216
2,420,1185874966
2,421,4154798300
2,422,1850068634
2,423,960032432
2,424,1000887806
2,425,2852020964
2,426,2903010114
2,427,2401235576
2,428,2761529190
2,429,358226540
2,430,3608238954
2,431,2844831680
2,432,2100654158
2,433,3574210420
2,434,2072512274
2,435,295743112
2,436,2661419190
2,437,1002027516
2,438,4199241274
2,439,1297282768
2,440,1289816222
2,441,1190507012
2,442,1612296418
2,443,4175433880
2,444,2612500486
2,445,540299148
2,446,1043922698
2,447,1635648480
2,448,3541458670
2,449,1935497876
2,450,1704896690
2,451,2846382248
2,452,2063697238
2,453,1657936668
2,454,3986134490
2,455,4276623088
2,456,922268478
2,457,1626691876
2,458,1844457090
2,459,3910911672
2,460,417271974
2,461,3073596588
2,462,3567016618
2,463,994013184
2,464,2472756622
2,465,42593716
2,466,3202318930
2,467,2914294472
2,468,3018291702
2,469,1838175292
2,470,3186920826
2,471,2852802320
2,472,3421066718
2,473,4026488900
2,474,1865802786
2,475,1346704600
2,476,837419334
2,477,1538867660
2,478,3485822538
2,479,1034351648
2,480,1104553006
2,481,2136070356
2,482,3014956018
2,483,485979368
2,484,1156441750
2,485,639001948
2,486,3366731034
2,487,2286657328
2,488,1764552830
2,489,1033219940
2,490,202691010
2,491,1145961208
2,492,1882352102
2,493,3903323884
2,494,482228714
2,495,1560711232
2,496,1034484430
2,497,3354860532
2,498,1342692754
2,499,740484872
2,500,3979266870
2,501,1074155132
2,502,4069041338
2,503,3502114640
2,504,2545779486
2,505,79322756
2,506,2620847970
2,507,547911960
2,508,1888635526
2,509,2992739340
2,510,1097098
2,511,2603631712
2,512,1637206382
2,513,3158030100
2,514,524508978
2,515,1701376296
2,516,3477350358
2,517,2021789596
2,518,1205060698
2,519,3623061360
2,520,2887060926
2,521,2448385444
2,522,3334886658
2,523,2789642040
2,524,2204345126
2,525,2798125356
2,526,3049716010
2,527,662048896
2,528,2748747790
2,529,1566681652
2,530,3427866834
2,531,3363541832
2,532,289930358
2,533,3056314556
2,534,2622987258
2,535,805183376
2,536,1714262110
2,537,3812017348
2,538,577563298
2,539,463093080
2,540,1283486662
2,541,1832732236
2,542,292220106
2,543,2125067424
2,544,3055898286
2,545,3995792724
2,546,3248163442
2,547,3935096168
2,548,2094287126
2,549,690297308
2,550,727591834
2,551,3362770864
2,552,2441153278
2,553,3356654564
2,554,3579099202
2,555,1821737848
2,556,1665317990
2,557,2258854764
2,558,503748714
2,559,2333995200
2,560,2780562766
2,561,316250228
2,562,3372954642
2,563,374251400
2,564,520293814
2,565,1796236028
2,566,934376250
2,567,240818128
2,568,2768862622
2,569,25463556
2,570,891796962
2,571,1252680088
2,572,4068769030
2,573,1834768524
2,574,3190029322
2,575,3299083488
2,576,2069148654
2,577,4046427028
2,578,2886440370
2,579,1811089832
2,580,3899542102
2,581,2668594204
2,582,2879091418
2,583,206600176
2,584,1665198142
2,585,1645146660
2,586,1729100674
2,587,1288361912
2,588,1486861734
2,589,3041535404
2,590,1271732138
2,591,1351495936
2,592,3676920462
2,593,1349445300
2,594,3548786514
2,595,19663816
2,596,1294991094
2,597,2445573436
2,598,3102091898
2,599,2321772560
2,600,2049002206
2,601,3987976516
2,602,4290212130
2,603,258532824
2,604,3345901126
2,605,734972620
2,606,948693834
2,607,565081376
2,608,2767452462
2,609,3109654996
2,610,3890544882
2,611,19637736
2,612,3840027542
2,613,3645984348
2,614,2027657754
2,615,774209584
2,616,589604222
2,617,4193568868
2,618,2739412674
2,619,1417055224
2,620,3830091494
2,621,4157360108
2,622,2909435626
2,623,408342848
2,624,2481885134
2,625,2519831796
2,626,1897007762
2,627,3433289736
2,628,178180150
2,629,4116182908
2,630,2353381818
2,631,2594744400
2,632,3276077086
2,633,1305753476
2,634,2775319650
2,635,593873432
2,636,1745760134
2,637,3114573068
2,638,720550538
2,639,576275808
2,640,3738377838
2,641,1387851796
2,642,1987529778
2,643,432448040
2,644,2097147094
2,645,1861908636
2,646,3144589658
2,647,2424236144
2,648,2331787966
2,649,1104412324
2,650,2840404482
2,651,3911753784
2,652,3205711910
2,653,2872691244
2,654,690927146
2,655,1527239040
2,656,3621496078
2,657,2083627828
2,658,520013266
2,659,340132936
2,660,4263477622
2,661,4175090108
2,662,2518694138
2,663,230310032
2,664,373589342
2,665,3757448644
2,666,1100314530
2,667,2553351768
2,668,2838747334
2,669,3220033356
2,670,3081267658
2,671,724858272
2,672,2361533358
2,673,3781013076
2,674,1360164722
2,675,2102656616
2,676,4086795798
2,677,2400912092
2,678,329549978
2,679,1844228272
2,680,211271678
2,681,62690532
2,682,2423194946
2,683,3362854008
2,684,3653886310
2,685,3298995308
2,686,493475178
2,687,1764831680
2,688,1723898446
2,689,2994671988
2,690,1385980178
2,691,3416428680
2,692,109187766
2,693,2539457532
2,694,851808314
2,695,2317891792
2,696,3236950686
2,697,2049532932
2,698,3884174050
2,699,3613045400
2,700,2544853510
2,701,2142921100
2,702,2029844746
2,703,2026898912
2,704,3398502638
2,705,2706885780
2,706,1762034354
2,707,1264827048
2,708,3279490902
2,709,12774684
2,710,2580369370
2,711,3640580336
2,712,3519487294
2,713,566135588
2,714,1744685186
2,715,132114616
2,716,1564367526
2,717,3507941036
2,718,1617679530
2,719,1801646592
2,720,3094179726
2,721,19521460
2,722,2033900626
2,723,1045003464
2,724,982942710
2,725,1676584508
2,726,914737018
2,727,2390921488
2,728,3373744094
2,729,176032324
2,730,2726755874
2,731,2725426904
2,732,2018560838
2,733,3524940748
2,734,2168481866
2,735,532411936
2,736,1812975150
2,737,3870771924
2,738,2812505586
2,739,4219852520
2,740,2675208342
2,741,587347804
2,742,3728275226
2,743,3158663472
2,744,3160038014
2,745,2515132772
2,746,927558594
2,747,352656632
2,748,2856367078
2,749,4121333996
2,750,1082438634
2,751,1647120960
2,752,4239533262
2,753,1212288500
2,754,4163516306
2,755,264947976
2,756,3912029494
2,757,2308939900
2,758,3987791546
2,759,1901676880
2,760,3968494878
2,761,2533625988
2,762,1978601826
2,763,319363864
2,764,3353875590
2,765,673031692
2,766,1522710410
2,767,210257504
2,768,4245582702
2,769,495724820
2,770,3996727602
2,771,1565152040
2,772,1918480854
2,773,3974685084
2,774,3912728154
2,775,3662694768
2,776,1713469374
2,777,1917753252
2,778,4255248130
2,779,3044061496
2,780,1503718694
2,781,4016149292
2,782,2214884138
2,783,639603328
2,784,459192846
2,785,2144836660
2,786,750416594
2,787,1001813320
2,788,2568291958
2,789,3414162108
2,790,479647226
2,791,1631347088
2,792,2702801502
2,793,1036744388
2,794,1561068706
2,795,2595086168
2,796,994393542
2,797,2329172044
2,798,131327690
2,799,63239840
2,800,3244095662
2,801,3387320148
2,802,370664562
2,803,2554408808
2,804,1593365270
2,805,3985042396
2,806,991487386
2,807,3450835376
2,808,552367358
2,809,3774655972
2,810,2992067138
2,811,112371064
2,812,1009714790
2,813,324531564
2,814,1765479018
2,815,1741320896
2,816,3024301902
2,817,3086649972
2,818,1815842322
2,819,362578312
2,820,153032630
2,821,2225059068
2,822,4287081786
2,823,1690032592
2,824,345270174
2,825,887373060
2,826,1261295586
2,827,49349528
2,828,3208136454
2,829,2605607564
2,830,46396938
2,831,2718041824
2,832,3033226734
2,833,2278950292
2,834,4035932082
2,835,737831848
2,836,3223442518
2,837,1273779740
2,838,3425512666
2,839,150157808
2,840,4136325694
2,841,604251172
2,842,1153013122
2,843,2119891384
2,844,1522204582
2,845,1318696876
2,846,2792919466
2,847,2948444928
2,848,523207822
2,849,414898356
2,850,66947410
2,851,1225584072
2,852,807078134
2,853,2819542844
2,854,1255367802
2,855,1516745232
2,856,751514846
2,857,3395183428
2,858,732203810
2,859,1835173848
2,860,2022780998
2,861,2459688140
2,862,1038280010
2,863,1540323104
2,864,2334761774
2,865,191562708
2,866,1190124274
2,867,4026927080
2,868,681883030
2,869,3341361244
2,870,214193178
2,871,3601547824
2,872,2832076670
2,873,2507471460
2,874,2618865858
2,875,3925454328
2,876,4128561382
2,877,641128940
2,878,1779233002
2,879,1586058048
2,880,1811134926
2,881,3794306804
2,882,961569938
2,883,3650599432
2,884,1020844598
2,885,3235727740
2,886,717880250
2,887,4174375504
2,888,2274222622
2,889,1682565508
2,890,3787464290
2,891,1402104856
2,892,3290429830
2,893,1103933196
2,894,595637386
2,895,2109556576
2,896,2957494382
2,897,548758036
2,898,3666421298
2,899,334758952
2,900,1666283222
2,901,3058518684
2,902,3845020506
2,903,1499966064
2,904,2978262206
2,905,2808033444
2,906,2546252802
2,907,1864286776
2,908,2265748006
2,909,3074382892
2,910,1514680362
2,911,2898088832
2,912,1650446094
2,913,1817417012
2,914,1233395666
2,915,583853640
2,916,2519239542
2,917,4061864892
2,918,1136358138
2,919,3464790672
2,920,2058121054
2,921,2159464388
2,922,1221628322
2,923,2266017880
2,924,917807814
2,925,300998988
2,926,2515362762
2,927,744191904
2,928,1207291310
2,929,2881822804
2,930,1688949106
2,931,525623400
2,932,1928861718
2,933,141087964
2,934,3048948378
2,935,2344121008
2,936,1115630078
2,937,3822241508
2,938,252550978
2,939,2337945208
2,940,3195153254
2,941,3066248812
2,942,2507820906
2,943,2867442624
2,944,2185479246
2,945,659293044
2,946,1776859922
2,947,3627840136
2,948,3671727286
2,949,4141374972
2,950,2985806394
2,951,1108703952
2,952,334945438
2,953,3048543748
2,954,874898658
2,955,829248664
2,956,2636065798
2,957,68711308
2,958,4017681162
2,959,1681524704
2,960,771994350
2,961,2829729428
2,962,2527485106
2,963,4055309480
2,964,2456328534
2,965,1150009116
2,966,1455098330
2,967,1076730608
2,968,1166903102
2,969,3974085924
2,970,3510854274
2,971,339479224
2,972,2232788134
2,973,1909620908
2,974,2985512618
2,975,1100903424
2,976,57645454
2,977,2602684852
2,978,3352180306
2,979,91643592
2,980,3787296246
2,981,572848188
2,982,164561274
2,983,2450707216
2,984,423438814
2,985,2975120452
2,986,1863325730
2,987,3560462552
2,988,4230976838
2,989,2975032780
2,990,41116234
2,991,4192794656
2,992,4131485742
2,993,729070804
2,994,432687090
2,995,3266066664
2,996,879950486
2,997,2311457116
2,998,410890522
2,999,559358768
3,0,1551877246
3,1,2090210148
3,2,2780169666
3,3,928268024
3,4,4224122342
3,5,3447530220
3,6,3187879402
3,7,829133888
3,8,3585298126
3,9,1743060980
3,10,2290389394
3,11,235580168
3,12,3114458934
3,13,1594946172
3,14,1469126842
3,15,3574369104
3,16,139417374
3,17,967164548
3,18,3168742242
3,19,1224850712
3,20,2427838086
3,21,1253160972
3,22,422359434
3,23,2583185504
3,24,3967753582
3,25,1614060308
3,26,2405897010
3,27,566474024
3,28,65485782
3,29,2401743772
3,30,3277011034
3,31,2982480752
3,32,3777356222
3,33,1694878116
3,34,1270188290
3,35,2050151224
3,36,2069247782
3,37,1188242732
3,38,1073343786
3,39,316740736
3,40,2698961934
3,41,1168477748
3,42,3378236626
3,43,2911459144
3,44,2841251958
3,45,816598204
3,46,529403898
3,47,4187136912
3,48,385705054
3,49,750266564
3,50,3638763170
3,51,3243868504
3,52,3481405382
3,53,2571332172
3,54,4126466250
3,55,3371694240
3,56,344761006
3,57,2331629908
3,58,2429337202
3,59,4136472936
3,60,3818216726
3,61,2747317724
3,62,2542509978
3,63,1275548592
3,64,3847216894
3,65,2420039652
3,66,2056383554
3,67,3127363448
3,68,2492682342
3,69,4075063148
3,70,908561514
3,71,1452209344
3,72,3301071182
3,73,74677364
3,74,2678319122
3,75,4152517512
3,76,800268726
3,77,2986804988
3,78,1578493754
3,79,3325369296
3,80,857166238
3,81,2157702916
3,82,1986785762
3,83,3335497112
3,84,1701056774
3,85,4263017612
3,86,3541823498
3,87,3816294624
3,88,708446190
3,89,131364756
3,90,2940946866
3,91,2157563304
3,92,3998047830
3,93,2929797148
3,94,1299637978
3,95,581827568
3,96,852343870
3,97,5330468
3,98,3785043842
3,99,763567032
3,100,273566118
3,101,2126596524
3,102,383519658
3,103,1157969152
3,104,1496166030
3,105,2355022516
3,106,413983570
3,107,1468387272
3,108,58594038
3,109,2519802172
3,110,2272829050
3,111,3649303568
3,112,40705758
3,113,1130435908
3,114,1086956834
3,115,989080024
3,116,925628998
3,117,1916858060
3,118,1660018506
3,119,503871776
3,120,2706853166
3,121,1255437780
3,122,1949480178
3,123,1467509224
3,124,1994342294
3,125,785969756
3,126,358944282
3,127,1078527024
3,128,1265596798
3,129,3477941348
3,130,673272514
3,131,1628753912
3,132,4015465190
3,133,796486636
3,134,3496438506
3,135,4275295552
3,136,770761678
3,137,3715594484
3,138,969326226
3,139,2435030024
3,140,327869494
3,141,674929532
3,142,2282108346
3,143,2853121104
3,144,3805203486
3,145,2602015620
3,146,3679205474
3,147,1465323032
3,148,1638515590
3,149,2261565708
3,150,3485904522
3,151,2235124064
3,152,2780066414
3,153,3758740500
3,154,1624440882
3,155,1790535208
3,156,135987414
3,157,997727388
3,158,2544244058
3,159,2271767664
3,160,1761941182
3,161,792879780
3,162,3983824386
3,163,984409144
3,164,1786633254
3,165,3793546796
3,166,3373902378
3,167,2089473408
3,168,3403413774
3,169,265127732
3,170,4291026
3,171,3219900488
3,172,2259260790
3,173,1261663676
3,174,3289296122
3,175,2254881936
3,176,3926677854
3,177,3318710724
3,178,3779308450
3,179,2911392344
3,180,967666886
3,181,1691087692
3,182,3152698826
3,183,4254759328
3,184,455178158
3,185,1803850324
3,186,4001114994
3,187,32293480
3,188,1691394582
3,189,2207164124
3,190,4102683802
3,191,2996581552
3,192,2103350270
3,193,1782642916
3,194,3370400066
3,195,4158347384
3,196,4069684582
3,197,196857964
3,198,3745696106
3,199,2394568128
3,200,1874783822
3,201,1399911796
3,202,1634538770
3,203,1466848392
3,204,3148490422
3,205,2049683452
3,206,400688186
3,207,2501557456
3,208,3858089630
3,209,429443076
3,210,3858759394
3,211,655881880
3,212,1275524614
3,213,3444475276
3,214,1101851914
3,215,1136396768
3,216,2641255662
3,217,2840899732
3,218,2390636210
3,219,3164765864
3,220,2278564694
3,221,1311543580
3,222,3294675930
3,223,1416912112
3,224,843837758
3,225,3797479204
3,226,1237384322
3,227,774909112
3,228,811921062
3,229,3110474412
3,230,1764935850
3,231,3723621888
3,232,342475662
3,233,4033987508
3,234,1251577938
3,235,591085768
3,236,1230804982
3,237,3358804540
3,238,3620748154
3,239,3569030416
3,240,1549472734
3,241,75722308
3,242,1959866914
3,243,93715160
3,244,1569087302
3,245,426014668
3,246,4083047498
3,247,3962436128
3,248,2154504750
3,249,1837772500
3,250,2854822386
3,251,2456460008
3,252,2749990038
3,253,2053233500
3,254,393898778
3,255,3615548720
3,256,3919392382
3,257,295322980
3,258,4149911490
3,259,3409666296
3,260,80037862
3,261,2418783468
3,262,892970986
3,263,3938588224
3,264,1756133582
3,265,1189081588
3,266,2702633874
3,267,1189252360
3,268,4270909750
3,269,3764012156
3,270,3492369082
3,271,467127632
3,272,2332836126
3,273,211776644
3,274,285689186
3,275,3801243416
3,276,1794877574
3,277,975030796
3,278,3679366026
3,279,1669352032
3,280,3488073582
3,281,2754940180
3,282,2731339058
3,283,3537180456
3,284,602719702
3,285,2134803868
3,286,1982263898
3,287,2119290224
3,288,3173141438
3,289,2316630948
3,290,1359028994
3,291,344782136
3,292,2290319654
3,293,3441211180
3,294,2309449514
3,295,230332032
3,296,3562475022
3,297,3469443124
3,298,1110779602
3,299,1039415624
3,300,3793164918
3,301,95461052
3,302,1161644538
3,303,419489168
3,304,1742294622
3,305,3489454788
3,306,905066658
3,307,2946311000
3,308,2838942150
3,309,3096083532
3,310,2077088458
3,311,3997366944
3,312,1337216174
3,313,1365592916
3,314,3518601330
3,315,628224872
3,316,2863261462
3,317,1808961500
3,318,3770046874
3,319,1668748720
3,320,2125154558
3,321,4124643812
3,322,3456403010
3,323,2813651320
3,324,208640614
3,325,1162418540
3,326,617350762
3,327,2003531456
3,328,2000257870
3,329,407137908
3,330,54805010
3,331,3691005320
3,332,851389366
3,333,323377404
3,334,4082901306
3,335,1388731856
3,336,2693938078
3,337,78356740
3,338,1457654754
3,339,3058059160
3,340,2231884550
3,341,3048902284
3,342,3475761674
3,343,2835745504
3,344,2074128878
3,345,2435508628
3,346,2285839282
3,347,2312187816
3,348,317778006
3,349,3878550044
3,350,3480789210
3,351,2038480368
3,352,3087541822
3,353,385255460
3,354,3719612802
3,355,2051227064
3,356,425300902
3,357,1707137964
3,358,1022854570
3,359,811906816
3,360,690215054
3,361,3411721396
3,362,2979282258
3,363,1284944328
3,364,1733893366
3,365,2083222332
3,366,248895610
3,367,666383888
3,368,2600929502
3,369,2025572164
3,370,3743858466
3,371,2552089560
3,372,2738799686
3,373,3938320588
3,374,1203296586
3,375,2287565600
3,376,2273113902
3,377,2543183828
3,378,263032562
3,379,1468189672
3,380,1871825302
3,381,811648092
3,382,851298330
3,383,2331952688
3,384,2869486462
3,385,3346882148
3,386,3881954498
3,387,3653759480
3,388,1880190182
3,389,865336812
3,390,2155472106
3,391,422991680
3,392,2045119950
3,393,2820565748
3,394,309663890
3,395,323452424
3,396,783609398
3,397,1265626492
3,398,1140486074
3,399,3462819408
3,400,1963439646
3,401,306007428
3,402,839930466
3,403,1320398872
3,404,3769339270
3,405,2829374220
3,406,3485771914
3,407,1489849184
3,408,1595481198
3,409,2964735508
3,410,2840910386
3,411,1041680424
3,412,190614230
3,413,511372956
3,414,1926614874
3,415,981544560
3,416,1367179454
3,417,4185756836
3,418,1247539202
3,419,1808991800
3,420,157754918
3,421,1272086572
3,422,363013162
3,423,3933230976
3,424,2974819086
3,425,2258598196
3,426,3812021202
3,427,195209800
3,428,1872928630
3,429,606324668
3,430,3071928058
3,431,1432422032
3,432,73679710
3,433,3477091268
3,434,2867774882
3,435,731378776
3,436,1377711814
3,437,3632203084
3,438,3382663114
3,439,3203496864
3,440,2789548462
3,441,1083966548
3,442,2391082354
3,443,1159537768
3,444,1763781654
3,445,546076892
3,446,1880143514
3,447,43513520
3,448,1563819518
3,449,3070700260
3,450,1576194882
3,451,770996856
3,452,371900262
3,453,3817628268
3,454,2596488042
3,455,883079104
3,456,3476166734
3,457,1458431860
3,458,3643371282
3,459,1765291656
3,460,1223831734
3,461,1096221180
3,462,75775546
3,463,2738355920
3,464,3605835934
3,465,3319036420
3,466,2635208930
3,467,3629815960
3,468,1147584518
3,469,4217149324
3,470,261678858
3,471,928386016
3,472,3100706542
3,473,3277267604
3,474,4035842226
3,475,3425034408
3,476,1135586646
3,477,1034248988
3,478,2193522138
3,479,903028464
3,480,939678526
3,481,573186340
3,482,1903597186
3,483,1975275192
3,484,4281088166
3,485,3352405164
3,486,640303786
3,487,1616738304
3,488,2338057614
3,489,555333044
3,490,2711415378
3,491,3080200904
3,492,292790774
3,493,1981389884
3,494,1082750330
3,495,1987794704
3,496,846265822
3,497,604643396
3,498,1405766690
3,499,1451990232
3,500,1012214086
3,501,709724620
3,502,4093728330
3,503,378207264
3,504,2861354030
3,505,3438780628
3,506,4173331442
3,507,2327903464
3,508,2379746966
3,509,349547868
3,510,2066687258
3,511,4274169648
3,512,62036094
3,513,1962309476
3,514,3426171330
3,515,4038755064
3,516,1698402790
3,517,1571964652
3,518,1177035242
3,519,2922420288
3,520,1436394190
3,521,87221236
3,522,3789637010
3,523,3662835464
3,524,1475801910
3,525,763074172
3,526,4151938234
3,527,1706757968
3,528,348203806
3,529,804333188
3,530,308764514
3,531,4290445592
3,532,4139348614
3,533,375512076
3,534,1093182858
3,535,2300595296
3,536,1195929966
3,537,160268052
3,538,3362441010
3,539,2424207656
3,540,1919569878
3,541,3710736284
3,542,2712841306
3,543,1609994096
3,544,2585179582
3,545,24915364
3,546,2911157506
3,547,2759792440
3,548,556321574
3,549,2721990956
3,550,17621290
3,551,917248128
3,552,1439119374
3,553,994669108
3,554,927367378
3,555,217520968
3,556,3813418102
3,557,1787621564
3,558,765756410
3,559,3750176656
3,560,866990174
3,561,1201245380
3,562,339301026
3,563,2239284568
3,564,1751358406
3,565,145329740
3,566,962516170
3,567,2477128864
3,568,315881134
3,569,1026080084
3,570,2027844210
3,571,1156470120
3,572,1412854038
3,573,1706844636
3,574,3063485338
3,575,872339376
3,576,2365502206
3,577,835404772
3,578,1286545474
3,579,4003072888
3,580,1136911462
3,581,713403244
3,582,3576201322
3,583,3932158144
3,584,1806216526
3,585,325935220
3,586,924621842
3,587,3809879944
3,588,2990749110
3,589,3361581820
3,590,1599757114
3,591,711958480
3,592,4244972958
3,593,3776140036
3,594,2358257122
3,595,4048873880
3,596,3190007046
3,597,3795099788
3,598,2532566026
3,599,313265376
3,600,1224694766
3,601,1138318228
3,602,459996594
3,603,1738576296
3,604,3456922198
3,605,361942044
3,606,4063386330
3,607,762019824
3,608,641372222
3,609,2280897060
3,610,3641074562
3,611,2224775096
3,612,366796198
3,613,597192108
3,614,3100311466
3,615,2447128832
3,616,789709454
3,617,4121865908
3,618,1857263442
3,619,1212126152
3,620,4222363382
3,621,2046674236
3,622,2162889338
3,623,1694791696
3,624,2526606046
3,625,2322495812
3,626,2797328674
3,627,2766106072
3,628,1556713030
3,629,471012044
3,630,2352468810
3,631,3133308192
3,632,3717898542
3,633,296704468
3,634,3110103282
3,635,270872040
3,636,2998686614
3,637,3955267164
3,638,80642586
3,639,3603728432
3,640,1738165630
3,641,2651164772
3,642,2044364482
3,643,1947407352
3,644,407090918
3,645,1384550380
3,646,440688362
3,647,3450919232
3,648,4023597006
3,649,1646091508
3,650,1666937490
3,651,2147704840
3,652,777451574
3,653,1249722236
3,654,4272335290
3,655,2245374032
3,656,3728252958
3,657,3921346436
3,658,2248961122
3,659,1504203288
3,660,3777320838
3,661,3344229644
3,662,3279594122
3,663,410602848
3,664,2088093294
3,665,2998581268
3,666,1410249778
3,667,2920032808
3,668,219550934
3,669,2136326300
3,670,381520218
3,671,2461134960
3,672,183364286
3,673,638633636
3,674,1316719106
3,675,579938360
3,676,63467558
3,677,341840428
3,678,3756301866
3,679,376297856
3,680,3049016590
3,681,4039732020
3,682,2456038866
3,683,636587080
3,684,4044597622
3,685,2632718780
3,686,3168608506
3,687,1534281872
3,688,1773415774
3,689,3171476932
3,690,1171382178
3,691,557815384
3,692,537329862
3,693,2366248780
3,694,1594642890
3,695,2422242720
3,696,2304822190
3,697,1259042388
3,698,3838173042
3,699,149259880
3,700,535410198
3,701,4284631772
3,702,3360649370
3,703,2611722416
3,704,2181392382
3,705,3928317156
3,706,1849257282
3,707,1302699128
3,708,3376089446
3,709,1580528748
3,710,1744551274
3,711,3164813760
3,712,1084047950
3,713,1371724148
3,714,1897777426
3,715,765073544
3,716,582105782
3,717,1817859068
3,718,400455738
3,719,2355970256
3,720,2262538910
3,721,3664260100
3,722,4183569122
3,723,1697987224
3,724,641632774
3,725,2923604364
3,726,4181516554
3,727,1594363360
3,728,539734254
3,729,380736660
3,730,1557523122
3,731,1078018728
3,732,1711748950
3,733,854996252
3,734,835991514
3,735,71950576
3,736,4138779966
3,737,3428012836
3,738,3898880130
3,739,182481080
3,740,2439742118
3,741,3172284076
3,742,2295970986
3,743,3907058176
3,744,138811278
3,745,1293526964
3,746,1826112594
3,747,3800892616
3,748,3657608182
3,749,1272442428
3,750,3824856954
3,751,2538838288
3,752,998172638
3,753,803787332
3,754,2885379618
3,755,3877191384
3,756,949744454
3,757,68066252
3,758,2757513290
3,759,2566913568
3,760,346453550
3,761,1773998804
3,762,2777601522
3,763,3417267944
3,764,2453575830
3,765,2032238428
3,766,3818643226
3,767,3072092464
3,768,1254097534
3,769,3333073252
3,770,3293303746
3,771,3352405240
3,772,3173637094
3,773,1443944684
3,774,2429459434
3,775,2612468288
3,776,1015467214
3,777,3269318132
3,778,3940786066
3,779,3898233096
3,780,1708457270
3,781,1718937724
3,782,1837221562
3,783,3535163728
3,784,1164842270
3,785,3281705092
3,786,1627355490
3,787,3229328152
3,788,3555671174
3,789,4286443020
3,790,3938099082
3,791,718818912
3,792,4070644590
3,793,2956849428
3,794,2688590130
3,795,2059393832
3,796,2405423574
3,797,3371444636
3,798,3858130522
3,799,1991463280
3,800,402857918
3,801,3946536868
3,802,20993794
3,803,1242118456
3,804,3846575398
3,805,3862420268
3,806,1177180970
3,807,2914359936
3,808,3308216846
3,809,2870961204
3,810,1217387218
3,811,982646088
3,812,1291398774
3,813,2134983356
3,814,2026094074
3,815,1831168400
3,816,444146270
3,817,3012443844
3,818,330853538
3,819,1659660120
3,820,2903008710
3,821,2845876300
3,822,3467103946
3,823,3642818208
3,824,4260077742
3,825,1849962324
3,826,641420402
3,827,1963112296
3,828,2151349014
3,829,2977838044
3,830,3107179930
3,831,3718158768
3,832,2957647102
3,833,1679128036
3,834,2526132802
3,835,2937531768
3,836,3666882150
3,837,3264888172
3,838,3879533162
3,839,3479993024
3,840,1108334414
3,841,367940212
3,842,3677156882
3,843,751045000
3,844,1312767926
3,845,4048354556
3,846,1108383034
3,847,1831920080
3,848,3899658142
3,849,903021828
3,850,3077980130
3,851,2549844888
3,852,2964811526
3,853,2743513740
3,854,3396591114
3,855,1080692448
3,856,844498414
3,857,1071631764
3,858,147773362
3,859,973599656
3,860,3214933078
3,861,1506778652
3,862,1436816602
3,863,1584284144
3,864,493156926
3,865,1934158884
3,866,1938816386
3,867,1821082040
3,868,2782406566
3,869,3628597164
3,870,710310314
3,871,2305538816
3,872,184036494
3,873,727359668
3,874,4027248978
3,875,1786803656
3,876,1618424054
3,877,2947028796
3,878,2109230202
3,879,2976430608
3,880,2502089950
3,881,2558077764
3,882,931722018
3,883,2168000472
3,884,63723590
3,885,641737932
3,886,3496922442
3,887,3577970464
3,888,1135627054
3,889,3642805204
3,890,290145010
3,891,2707394536
3,892,3764313494
3,893,2163763292
3,894,731331610
3,895,1135757872
3,896,555988862
3,897,1927660132
3,898,2139824322
3,899,1341535736
3,900,2280521958
3,901,2890998252
3,902,1036441834
3,903,1011047232
3,904,800612814
3,905,729042676
3,906,3430534290
3,907,4149690888
3,908,2993750582
3,909,1164087676
3,910,1477108666
3,911,4032623184
3,912,3194063390
3,913,1100001668
3,914,2000717410
3,915,2553607192
3,916,51847558
3,917,48035596
3,918,1256758410
3,919,3829223264
3,920,2647289966
3,921,102181396
3,922,16813618
3,923,3667495976
3,924,2907152086
3,925,2114491036
3,926,593314650
3,927,2952442480
3,928,894850238
3,929,3573282980
3,930,2580751362
3,931,2129087032
3,932,4188125734
3,933,1539679276
3,934,3353221162
3,935,545479552
3,936,2015393550
3,937,1850432820
3,938,2915665874
3,939,785935944
3,940,2868687734
3,941,3582749628
3,942,1968724730
3,943,3097332368
3,944,3120306014
3,945,2938738628
3,946,1374484898
3,947,2927573080
3,948,1130875590
3,949,2725062988
3,950,472992714
3,951,2447867808
3,952,1685353902
3,953,2865948756
3,954,2436807026
3,955,1833298024
3,956,690634774
3,957,1074797788
3,958,2638621338
3,959,2648144560
3,960,2345456126
3,961,597397220
3,962,2578974530
3,963,1995357816
3,964,2881704806
3,965,2612364908
3,966,3874240362
3,967,1186708416
3,968,1677749326
3,969,1676659572
3,970,3377079058
3,971,3298032264
3,972,3907667126
3,973,456500732
3,974,4059083322
3,975,1891271376
3,976,2512553118
3,977,2001985028
3,978,2598259938
3,979,3987201176
3,980,2442023942
3,981,100711308
3,982,2660817674
3,983,3671199712
3,984,1937660654
3,985,3278112404
3,986,1935000754
3,987,955557032
3,988,2396438870
3,989,1310656284
3,990,1906438618
3,991,3755516656
3,992,240594750
3,993,13927716
3,994,1317653122
3,995,228364984
3,996,2267204774
3,997,3106982060
3,998,826357418
3,999,2541517824
4,0,724058510
4,1,2490472884
4,2,1280024146
4,3,3290031816
4,4,1124709878
4,5,1768833084
4,6,1646520698
4,7,1464064784
4,8,394580446
4,9,1210025028
4,10,493125666
4,11,3611222232
4,12,4066032966
4,13,3332877772
4,14,2758756938
4,15,2475491360
4,16,1589125166
4,17,1675265236
4,18,1351987186
4,19,1966457064
4,20,1360863894
4,21,3343208796
4,22,4039153946
4,23,546188080
4,24,1589996670
4,25,649517924
4,26,2140696002
4,27,1887487736
4,28,2895128038
4,29,2571594476
4,30,3039630826
4,31,3545603136
4,32,3177707214
4,33,2682308596
4,34,1545468306
4,35,2432316168
4,36,3358263094
4,37,2873506428
4,38,3527540922
4,39,2194248528
4,40,3172138782
4,41,3885795972
4,42,2630849378
4,43,1154762008
4,44,2728199814
4,45,359792652
4,46,2013567370
4,47,1755861088
4,48,1911670126
4,49,3091620628
4,50,3394140978
4,51,2979609896
4,52,449668054
4,53,1653799836
4,54,3807518810
4,55,3800568688
4,56,3605498302
4,57,1733464484
4,58,3962827010
4,59,623598392
4,60,1960533798
4,61,3104402732
4,62,4177515818
4,63,2463571072
4,64,3264187406
4,65,1045255732
4,66,370226386
4,67,3871661896
4,68,3206428790
4,69,1674417340
4,70,3332044794
4,71,3789269904
4,72,3158117470
4,73,869986500
4,74,3564078754
4,75,1744308568
4,76,388313030
4,77,3144659532
4,78,3685271754
4,79,3736338592
4,80,2969258670
4,81,79143252
4,82,2043684466
4,83,3585022312
4,84,3468133654
4,85,1863845340
4,86,2290517914
4,87,2153143216
4,88,2290976510
4,89,2897717220
4,90,1269584962
4,91,153898872
4,92,1892972646
4,93,763809644
4,94,4211700842
4,95,1183907008
4,96,2590966094
4,97,1070023796
4,98,2406830098
4,99,3641305992
4,100,2796767670
4,101,2920566524
4,102,998166330
4,103,990520272
4,104,47380894
4,105,585807620
4,106,2006211042
4,107,3392810392
4,108,4240652550
4,109,431015052
4,110,162256906
4,111,1379930336
4,112,3617894382
4,113,2772320148
4,114,4033524146
4,115,554128808
4,116,2276165206
4,117,3554963484
4,118,2580401882
4,119,747176944
4,120,1032283198
4,121,4176879140
4,122,1297192834
4,123,1377018808
4,124,1766551974
4,125,2748289452
4,126,832172970
4,127,924007680
4,128,1557550734
4,129,2355008180
4,130,3583658834
4,131,3545847752
4,132,901397238
4,133,1026189628
4,134,2772272762
4,135,753204240
4,136,916768478
4,137,3269188932
4,138,831393058
4,139,1294643672
4,140,944185926
4,141,692401868
4,142,3026044746
4,143,4158423328
4,144,1505621294
4,145,233455060
4,146,3077446898
4,147,724693480
4,148,2558093206
4,149,268974684
4,150,1192752666
4,151,4054846512
4,152,2007310718
4,153,1713239140
4,154,2557721282
4,155,2373015544
4,156,1594903270
4,157,1626584044
4,158,2332119786
4,159,2230181184
4,160,3650456526
4,161,606290164
4,162,3989841554
4,163,2571314184
4,164,1526926390
4,165,1545593724
4,166,4029095354
4,167,771503184
4,168,3045225502
4,169,968778628
4,170,2779553890
4,171,710514200
4,172,3867208582
4,173,2067597580
4,174,101619338
4,175,3692646752
4,176,1662458478
4,177,3402341396
4,178,1344956466
4,179,3820940840
4,180,2347837654
4,181,982738076
4,182,951385434
4,183,2992338032
4,184,1891024574
4,185,641673892
4,186,3429023234
4,187,2698341432
4,188,2331182118
4,189,1107506732
4,190,1838125610
4,191,682679680
4,192,2558304526
4,193,522538804
4,194,3580289490
4,195,1180127304
4,196,1029553526
4,197,3993288124
4,198,2156631290
4,199,2363477136
4,200,2503737694
4,201,3315747268
4,202,1866470306
4,203,4082555480
4,204,1547736262
4,205,950549324
4,206,2702067146
4,207,3817243040
4,208,3615498158
4,209,2146589268
4,210,871338866
4,211,2453555816
4,212,618842646
4,213,43380444
4,214,2398413978
4,215,689650864
4,216,445398014
4,217,2204745956
4,218,2154733890
4,219,3385843832
4,220,1573100902
4,221,3155040364
4,222,3079975274
4,223,4075568576
4,224,3646658126
4,225,2910109044
4,226,2175696146
4,227,1311104136
4,228,999968438
4,229,1843984380
4,230,851110970
4,231,1881130192
4,232,2745265822
4,233,3164049412
4,234,563635938
4,235,2444394136
4,236,643177990
4,237,580308364
4,238,2678904074
4,239,3400798688
4,240,1388905710
4,241,3916331156
4,242,3557662386
4,243,3594520232
4,244,1579043670
4,245,2938099996
4,246,3794250714
4,247,3900663024
4,248,519412030
4,249,3752703780
4,250,1139238018
4,251,2649797816
4,252,2152863398
4,253,3693370028
4,254,3210784938
4,255,2351955456
4,256,2483186574
4,257,388074420
4,258,3757504594
4,259,2084489416
4,260,3968385014
4,261,4007432764
4,262,1527063418
4,263,3595312400
4,264,1719843806
4,265,2360227396
4,266,1208326690
4,267,1190953688
4,268,160532294
4,269,2451095500
4,270,2486846538
4,271,640811552
4,272,683788846
4,273,3679450836
4,274,2580842994
4,275,2807309032
4,276,1785965718
4,277,524362588
4,278,1117606682
4,279,1528294704
4,280,3754088062
4,281,3038448996
4,282,2652702658
4,283,180873464
4,284,3547230182
4,285,1196817644
4,286,1396936682
4,287,1963728448
4,288,2017534158
4,289,3158030836
4,290,3583005586
4,291,4096922888
4,292,519639350
4,293,468683900
4,294,3317316282
4,295,2515850576
4,296,464513310
4,297,3153476740
4,298,1708633442
4,299,2898585368
4,300,46321798
4,301,2017333772
4,302,2298909578
4,303,1653625440
4,304,1698328430
4,305,1101452564
4,306,3868480818
4,307,1426759464
4,308,3031625174
4,309,3389640092
4,310,950393434
4,311,3279213936
4,312,1992553406
4,313,2512503716
4,314,241142530
4,315,1441103160
4,316,1877518630
4,317,984809260
4,318,3113045802
4,319,101752448
4,320,3991385614
4,321,349390900
4,322,1070239442
4,323,831504712
4,324,3652928118
4,325,942794428
4,326,3072995834
4,327,1571417488
4,328,3103323742
4,329,3900678852
4,330,4133396642
4,331,3030100824
4,332,1186593222
4,333,1578550348
4,334,6406858
4,335,3294560928
4,336,3422745774
4,337,545461076
4,338,329056370
4,339,2264103784
4,340,3752595222
4,341,3196704732
4,342,3297853850
4,343,1009130928
4,344,3049844990
4,345,733075940
4,346,201256514
4,347,484012408
4,348,2794504806
4,349,2336973164
4,350,2962091626
4,351,1875738304
4,352,348531534
4,353,2969056884
4,354,4092963346
4,355,132631944
4,356,1537168310
4,357,515088636
4,358,3953461562
4,359,3019597264
4,360,3962430366
4,361,3361368324
4,362,1827304418
4,363,2819674008
4,364,1111950086
4,365,1689441932
4,366,4103852554
4,367,1747849952
4,368,3639302638
4,369,2482286996
4,370,1916701618
4,371,1017034664
4,372,3324973142
4,373,2748400156
4,374,1588562138
4,375,3082536432
4,376,648138302
4,377,955994148
4,378,105591170
4,379,1429456312
4,380,3586982
4,381,2788107180
4,382,1855286698
4,383,3134373632
4,384,3299639438
4,385,951747764
4,386,3210847570
4,387,2731162056
4,388,460670198
4,389,1115994940
4,390,2541404282
4,391,4151918096
4,392,454996190
4,393,697732932
4,394,885729058
4,395,682906584
4,396,2587487302
4,397,1159874764
4,398,3624190282
4,399,1116570400
4,400,3217268526
4,401,3490426836
4,402,1271461618
4,403,3449574376
4,404,2064380310
4,405,3102739548
4,406,4149260314
4,407,12963376
4,408,186551166
4,409,2544772708
4,410,1687442626
4,411,1283750392
4,412,1034589414
4,413,2423145964
4,414,2717109482
4,415,3350224704
4,416,2372580814
4,417,1814704884
4,418,1734246546
4,419,2244412936
4,420,3356300854
4,421,2931111292
4,422,1727748026
4,423,1588819536
4,424,1671126558
4,425,4064548228
4,426,2974857826
4,427,806762520
4,428,727889286
4,429,1349851916
4,430,2498531466
4,431,537744224
4,432,1817953390
4,433,551030292
4,434,3784065586
4,435,3917238312
4,436,1225962198
4,437,3572905628
4,438,4140087130
4,439,3117692528
4,440,1561274558
4,441,970611876
4,442,2250921986
4,443,2824572472
4,444,1471958566
4,445,3877161004
4,446,1895369770
4,447,1324769152
4,448,3067136782
4,449,592920884
4,450,2839296978
4,451,2356032072
4,452,1211549558
4,453,106237884
4,454,2121715450
4,455,4164554384
4,456,2608065374
4,457,544406468
4,458,1036725666
4,459,264666200
4,460,177299142
4,461,1874545996
4,462,2376286154
4,463,2772272032
4,464,2189674926
4,465,3932802132
4,466,1826123122
4,467,2546904168
4,468,3004388374
4,469,1727250652
4,470,1029414554
4,471,1568079536
4,472,3460539902
4,473,697299684
4,474,3260889922
4,475,1716060792
4,476,2134632294
4,477,3745426028
4,478,2046110570
4,479,3778330560
4,480,1085194318
4,481,1313976180
4,482,977983250
4,483,3931094664
4,484,3133298870
4,485,2222213628
4,486,2050827834
4,487,2862417616
4,488,1350064286
4,489,3392356868
4,490,764051682
4,491,1901404312
4,492,2224416774
4,493,604299148
4,494,2625163018
4,495,1320031200
4,496,1577823982
4,497,2832263828
4,498,519927986
4,499,941844648
4,500,1943917910
4,501,1979231004
4,502,593847770
4,503,1044260592
4,504,3364619070
4,505,2296310052
4,506,1753022082
4,507,3688683192
4,508,486105254
4,509,1173351596
4,510,3543673514
4,511,3875241984
4,512,3805582734
4,513,4113137076
4,514,3352973906
4,515,721136328
4,516,1988086262
4,517,4230145084
4,518,1855872378
4,519,879517456
4,520,3363349982
4,521,496298052
4,522,3420369954
4,523,1448223960
4,524,507531590
4,525,2254557644
4,526,331169354
4,527,1894712352
4,528,314799150
4,529,4028459220
4,530,558588914
4,531,2181727464
4,532,2118268566
4,533,2702505308
4,534,2033323290
4,535,2260315952
4,536,1840791678
4,537,2446802788
4,538,3218710978
4,539,3064400632
4,540,3519330790
4,541,2151452396
4,542,185731562
4,543,2698682432
4,544,219302606
4,545,938388468
4,546,4147817874
4,547,838989576
4,548,171907894
4,549,3631275644
4,550,3890902202
4,551,741873488
4,552,21287710
4,553,1621618308
4,554,1545062242
4,555,407734552
4,556,2489358982
4,557,1206002700
4,558,3183512970
4,559,948982880
4,560,1820006766
4,561,1818183444
4,562,2500996914
4,563,2232680744
4,564,4245714902
4,565,525901724
4,566,2266076250
4,567,964269936
4,568,2543345086
4,569,2525558180
4,570,130229506
4,571,4231503672
4,572,1986917158
4,573,2335478060
4,574,668125482
4,575,660742272
4,576,3879198734
4,577,1320237620
4,578,1706813650
4,579,988980040
4,580,1020284022
4,581,476985532
4,582,3933301754
4,583,9449360
4,584,2964119646
4,585,4051457220
4,586,428194466
4,587,1758940504
4,588,3687236550
4,589,2979386956
4,590,3704798410
4,591,2854356128
4,592,4009926318
4,593,3785786708
4,594,2476857970
4,595,2832194920
4,596,1394120982
4,597,3218319836
4,598,223607706
4,599,822992816
4,600,3623639806
4,601,17042404
4,602,2005502018
4,603,169775992
4,604,465898598
4,605,4226282348
4,606,2815060074
4,607,1797390528
4,608,1360352590
4,609,2306943092
4,610,2829976594
4,611,3646795656
4,612,218324406
4,613,1663759100
4,614,4068688698
4,615,4161054672
4,616,1149291934
4,617,1176640260
4,618,930647522
4,619,1367306648
4,620,558025990
4,621,2760697996
4,622,725863434
4,623,2721322208
4,624,3593077742
4,625,738403220
4,626,776627634
4,627,2899188136
4,628,455776854
4,629,3918926876
4,630,1145651930
4,631,537298928
4,632,2025076798
4,633,1398309412
4,634,1048365954
4,635,2515265464
4,636,177866150
4,637,4284921260
4,638,2169038762
4,639,883572992
4,640,3799689870
4,641,1349416628
4,642,1298202450
4,643,4174584776
4,644,2980597494
4,645,3753315644
4,646,4100979322
4,647,824541200
4,648,3801127646
4,649,3970515268
4,650,3779084578
4,651,869660120
4,652,3383014982
4,653,2581027532
4,654,3680746314
4,655,3579217184
4,656,364988718
4,657,1065689556
4,658,1851511026
4,659,2828973544
4,660,672562070
4,661,2611994204
4,662,3695274522
4,663,2431881264
4,664,2073032062
4,665,664164452
4,666,2213342914
4,667,2905578488
4,668,3283934950
4,669,1522587628
4,670,580798186
4,671,613081408
4,672,3946307534
4,673,596190452
4,674,3643071122
4,675,3705858056
4,676,2576293942
4,677,1562543996
4,678,1552388538
4,679,2726475856
4,680,1756121118
4,681,2334246788
4,682,976016482
4,683,3379223064
4,684,1908178822
4,685,2726636812
4,686,2541914762
4,687,3491321184
4,688,1503161966
4,689,675053588
4,690,1428560946
4,691,198292008
4,692,2225880278
4,693,1831930012
4,694,4253839706
4,695,3865376880
4,696,2589954750
4,697,802000548
4,698,1730802178
4,699,3044651064
4,700,4294809638
4,701,1795578412
4,702,1914340906
4,703,3008618880
4,704,1931277582
4,705,2598449972
4,706,3377042898
4,707,555553864
4,708,1804063094
4,709,1048404412
4,710,253364474
4,711,447500432
4,712,1822676318
4,713,3751521732
4,714,1569605538
4,715,600710744
4,716,3998886086
4,717,1738956620
4,718,2180004298
4,719,4144792992
4,720,92238766
4,721,171523668
4,722,3690547058
4,723,2650213992
4,724,1941691926
4,725,2368312028
4,726,1215977626
4,727,1525334192
4,728,1190334462
4,729,906896612
4,730,4286829890
4,731,1817846904
4,732,2955686246
4,733,625425516
4,734,3457000810
4,735,831865280
4,736,972679758
4,737,1720099188
4,738,2468294930
4,739,3104940168
4,740,107111094
4,741,2128059388
4,742,1752653882
4,743,1077037264
4,744,1011303070
4,745,3223778308
4,746,1588894434
4,747,2895102616
4,748,1280160262
4,749,709554572
4,750,888981770
4,751,2260735456
4,752,893802734
4,753,562781332
4,754,4096086706
4,755,2124335784
4,756,1880448854
4,757,3265887516
4,758,3579518938
4,759,18147568
4,760,2870635838
4,761,476584740
4,762,1548392578
4,763,3881892024
4,764,4246252198
4,765,378764972
4,766,214410410
4,767,3353281024
4,768,3080634254
4,769,1317629876
4,770,2750786642
4,771,4031810760
4,772,2163135478
4,773,2973840956
4,774,1022334842
4,775,2443485456
4,776,3714486238
4,777,450075204
4,778,1223675426
4,779,624936664
4,780,3496418118
4,781,3280135116
4,782,3271047242
4,783,2479097376
4,784,3166510638
4,785,3259161300
4,786,2264546802
4,787,626583272
4,788,747159702
4,789,1824573276
4,790,880723738
4,791,3279122736
4,792,2829429374
4,793,3706417508
4,794,2228108226
4,795,2485005560
4,796,1200817126
4,797,1677402348
4,798,2090370026
4,799,1992368704
4,800,467367118
4,801,855219700
4,802,1629292434
4,803,1785321736
4,804,704455990
4,805,13250684
4,806,3637685946
4,807,1704155472
4,808,231849246
4,809,4122058884
4,810,529523042
4,811,2809015064
4,812,4151731334
4,813,2757637644
4,814,3056764810
4,815,178804320
4,816,666092398
4,817,1483716884
4,818,1976043826
4,819,1639277352
4,820,2481324502
4,821,2189390236
4,822,1848987226
4,823,1687574896
4,824,3647260606
4,825,2309498788
4,826,2019475202
4,827,941736248
4,828,678116646
4,829,3398312748
4,830,3822076714
4,831,382444160
4,832,1317014030
4,833,199699508
4,834,669336274
4,835,585991496
4,836,2287818358
4,837,813861564
4,838,7382522
4,839,3935203728
4,840,1129892446
4,841,1859192516
4,842,3722761378
4,843,2762665816
4,844,1984662982
4,845,3589072972
4,846,284931786
4,847,2952595104
4,848,3120187566
4,849,1747056468
4,850,2581509234
4,851,1531199336
4,852,3372032790
4,853,2465561564
4,854,47101338
4,855,2131599792
4,856,2401748222
4,857,1286487524
4,858,776741442
4,859,4043027832
4,860,1886475878
4,861,2673640812
4,862,2159993450
4,863,1485734592
4,864,4015816526
4,865,3915520628
4,866,1302224402
4,867,1835766152
4,868,1524590518
4,869,2608481532
4,870,4028202298
4,871,656796112
4,872,2882254750
4,873,3158428932
4,874,2000594914
4,875,3867546520
4,876,968267526
4,877,4181654156
4,878,1302578698
4,879,542250720
4,880,1868606958
4,881,2372507028
4,882,3297656754
4,883,2442492840
4,884,647898198
4,885,3308447260
4,886,3936025818
4,887,2238269936
4,888,3552485950
4,889,1745728548
4,890,2514904450
4,891,876349880
4,892,678776742
4,893,3480635308
4,894,162816426
4,895,3298411264
4,896,1447089294
4,897,4084885684
4,898,530078034
4,899,4118019528
4,900,2555599094
4,901,885088060
4,902,1545417850
4,903,4192846352
4,904,754615518
4,905,739504964
4,906,3605879586
4,907,2391775192
4,908,1720156230
4,909,1197763788
4,910,1585100106
4,911,3493300000
4,912,4223071022
4,913,2086048724
4,914,3206982386
4,915,3694729192
4,916,1066993046
4,917,3628576860
4,918,2515149850
4,919,3258536496
4,920,1761173374
4,921,903252580
4,922,2524809410
4,923,3480403448
4,924,2437359846
4,925,3756747244
4,926,2902507754
4,927,3145556800
4,928,2466056654
4,929,1782585076
4,930,3810735250
4,931,3197553160
4,932,1871260214
4,933,2271730044
4,934,1892404154
4,935,426375760
4,936,1689596446
4,937,609712516
4,938,3762351714
4,939,374832152
4,940,1502497158
4,941,2439855884
4,942,2916123786
4,943,205346656
4,944,3402438766
4,945,16314900
4,946,1257764402
4,947,1790907432
4,948,3736979158
4,949,591649436
4,950,3976997722
4,951,1477294704
4,952,3366452414
4,953,672710820
4,954,258051074
4,955,3895448120
4,956,599188006
4,957,3989564460
4,958,284426282
4,959,1976132480
4,960,1835081486
4,961,2781029684
4,962,3582914514
4,963,610530888
4,964,1196481398
4,965,3061691324
4,966,3530900218
4,967,339120784
4,968,2831925086
4,969,589062084
4,970,1854497186
4,971,1332592728
4,972,2811949766
4,973,1080652108
4,974,502608842
4,975,4176709536
4,976,7544238
4,977,4284526676
4,978,559030642
4,979,3300356200
4,980,115107862
4,981,2503435484
4,982,1347490458
4,983,1098285744
4,984,614103550
4,985,3370407652
4,986,3621941058
4,987,4228073080
4,988,2425650022
4,989,2921844332
4,990,1407065962
4,991,68010944
4,992,1698501710
4,993,370381684
4,994,741051154
4,995,3664478856
4,996,3195694262
4,997,2098392572
4,998,2640943674
4,999,1356827344
5,0,118369438
5,1,3195184644
5,2,1427551458
5,3,1667392664
5,4,494763014
5,5,1432945548
5,6,154714890
5,7,2464815072
5,8,2021196526
5,9,1939721876
5,10,4085591218
5,11,3383897256
5,12,4072991062
5,13,3039973148
5,14,2550716890
5,15,1359194864
5,16,1721816894
5,17,3125366052
5,18,3209704066
5,19,3766295224
5,20,3232756902
5,21,1846481068
5,22,202317482
5,23,1322943488
5,24,2992695694
5,25,1128358324
5,26,340330066
5,27,3963449032
5,28,2882919926
5,29,775391292
5,30,1710805370
5,31,234152720
5,32,1162639838
5,33,2758429764
5,34,1597564962
5,35,3552930008
5,36,3221611846
5,37,1769731532
5,38,1105932874
5,39,2930837536
5,40,3333343278
5,41,1908427988
5,42,1793136626
5,43,2973714664
5,44,356993686
5,45,2722404700
5,46,344162586
5,47,826618672
5,48,814421118
5,49,3059196772
5,50,2365248962
5,51,3274526456
5,52,3571011046
5,53,311538412
5,54,1205272042
5,55,381658176
5,56,1151114958
5,57,3445395444
5,58,3006751122
5,59,3177822984
5,60,506670902
5,61,3036381820
5,62,947054778
5,63,1644600144
5,64,3780552478
5,65,2601734788
5,66,1346370402
5,67,2049363224
5,68,3422826118
5,69,2914142220
5,70,308052362
5,71,4174927968
5,72,920939886
5,73,634923796
5,74,683008818
5,75,183420200
5,76,422808534
5,77,327041948
5,78,2383480922
5,79,1691032432
5,80,3693687230
5,81,2401196452
5,82,3299586
5,83,698606392
5,84,635471654
5,85,415216940
5,86,2374352170
5,87,4098696320
5,88,3284153358
5,89,1819614772
5,90,642161874
5,91,159409992
5,92,1549951094
5,93,2490293436
5,94,2569527290
5,95,1000649616
5,96,284996702
5,97,2155722948
5,98,3816550050
5,99,2283180376
5,100,3058194374
5,101,3944479308
5,102,1021096138
5,103,4126148768
5,104,3437884078
5,105,3556075860
5,106,3327364722
5,107,3192955240
5,108,3780750614
5,109,1475300828
5,110,1157722010
5,111,1176855472
5,112,2068524798
5,113,783314916
5,114,3494296642
5,115,4050704248
5,116,1150656614
5,117,2510886764
5,118,3681246314
5,119,1477641408
5,120,2409343310
5,121,4036693108
5,122,2194061330
5,123,3826348936
5,124,3845353910
5,125,3886126844
5,126,2221389626
5,127,1633627088
5,128,3255738782
5,129,1253670660
5,130,3426533858
5,131,2267329944
5,132,732061958
5,133,2194214028
5,134,4223385610
5,135,42473696
5,136,1150244846
5,137,3626502036
5,138,3574208946
5,139,183819688
5,140,2290724438
5,141,1453832220
5,142,4054103770
5,143,132385776
5,144,3619753022
5,145,2535122468
5,146,2894593922
5,147,1344547768
5,148,4190673318
5,149,912120236
5,150,2815941546
5,151,2325824768
5,152,3221159566
5,153,1105091252
5,154,3590828882
5,155,3098337224
5,156,1870029558
5,157,1638117692
5,158,1854041722
5,159,1908802576
5,160,2589748958
5,161,131507524
5,162,3050468642
5,163,1491155416
5,164,283265606
5,165,1841921740
5,166,21606218
5,167,1395689760
5,168,296000814
5,169,2793407956
5,170,3727262962
5,171,2288744936
5,172,1637060502
5,173,2394391132
5,174,3293240858
5,175,3029799984
5,176,1935329662
5,177,3798908004
5,178,1011229378
5,179,3545096184
5,180,1179218662
5,181,1072561132
5,182,3776658154
5,183,2894587200
5,184,616182734
5,185,1615792372
5,186,626626194
5,187,1256369160
5,188,3925554230
5,189,1300573052
5,190,1137182138
5,191,3815324752
5,192,4155907102
5,193,3722783620
5,194,1133316194
5,195,920395288
5,196,2195198854
5,197,1026380044
5,198,2010545802
5,199,4101593440
5,200,1610203758
5,201,3406652436
5,202,1661063218
5,203,642020904
5,204,4148646102
5,205,388934812
5,206,1698948442
5,207,785284208
5,208,2280154814
5,209,1119613604
5,210,517023234
5,211,1618867256
5,212,1659382822
5,213,2406055468
5,214,3984947754
5,215,3059148160
5,216,1167935758
5,217,1677530932
5,218,1846299090
5,219,3057834056
5,220,2073159030
5,221,2388002236
5,222,1753775354
5,223,81319056
5,224,4025198942
5,225,183833028
5,226,280787874
5,227,2997183064
5,228,3595812038
5,229,436503372
5,230,28454346
5,231,3404892576
5,232,324978606
5,233,3923780180
5,234,3705863026
5,235,739234408
5,236,208990742
5,237,2669491932
5,238,4108307610
5,239,823805104
5,240,121234430
5,241,34769124
5,242,3950577986
5,243,893675640
5,244,3228878182
5,245,2581618796
5,246,2875627882
5,247,2023638464
5,248,1652047438
5,249,2096661876
5,250,2775573778
5,251,1851614344
5,252,2198501046
5,253,2670084092
5,254,3105084474
5,255,4238658768
5,256,1355617950
5,257,3843446788
5,258,2964377314
5,259,3050112664
5,260,2552579590
5,261,3311342988
5,262,3106716938
5,263,2469140960
5,264,3349392622
5,265,3204989076
5,266,3172796082
5,267,962432680
5,268,2615964502
5,269,1838358812
5,270,191796186
5,271,1309306096
5,272,2602516798
5,273,2189590308
5,274,831376514
5,275,3878763704
5,276,129973926
5,277,1818403500
5,278,1896781994
5,279,2616067584
5,280,1931154318
5,281,4082193332
5,282,3100926034
5,283,1052922056
5,284,2536826870
5,285,2466634300
5,286,2310671226
5,287,3378324752
5,288,2687132638
5,289,3663265348
5,290,2931425826
5,291,2179140312
5,292,2367467334
5,293,2555185100
5,294,815148106
5,295,3786803744
5,296,3499651630
5,297,513130196
5,298,1828712946
5,299,1170057960
5,300,3632125078
5,301,1637903196
5,302,3107994394
5,303,4029609264
5,304,2775088766
5,305,1042011492
5,306,2019520450
5,307,1674866936
5,308,429365222
5,309,2885698796
5,310,214792170
5,311,2698389056
5,312,659933390
5,313,655852020
5,314,2374613906
5,315,1258396936
5,316,2262907190
5,317,352638076
5,318,2798330554
5,319,1100078416
5,320,466850078
5,321,1892484228
5,322,2384991586
5,323,2960617240
5,324,2986997894
5,325,2212387340
5,326,1916697482
5,327,589322848
5,328,973936494
5,329,4103642388
5,330,1306246450
5,331,2696947496
5,332,754521558
5,333,4065662364
5,334,2258944602
5,335,1511513456
5,336,1072012222
5,337,3337522084
5,338,1061024514
5,339,4038985016
5,340,248369446
5,341,2512996140
5,342,3304273706
5,343,3756435072
5,344,3875036686
5,345,2421887028
5,346,14677714
5,347,246106440
5,348,1491036790
5,349,1748184764
5,350,1419188730
5,351,332592528
5,352,3113786974
5,353,1182952132
5,354,3393915042
5,355,857355096
5,356,1002250694
5,357,287509580
5,358,7711434
5,359,2616920736
5,360,3352403118
5,361,1159781204
5,362,3103811698
5,363,4059366248
5,364,1009661718
5,365,784408540
5,366,1944856986
5,367,2790598064
5,368,1013356798
5,369,3339362788
5,370,4252587586
5,371,729676152
5,372,942795366
5,373,4274891116
5,374,1473238634
5,375,2309981888
5,376,3520254798
5,377,3207331444
5,378,3894874642
5,379,1565480328
5,380,1275034550
5,381,1738598652
5,382,1332605242
5,383,3333451216
5,384,659131294
5,385,294203652
5,386,3597851618
5,387,1398495128
5,388,2533763846
5,389,1630215820
5,390,3582704138
5,391,1758862048
5,392,4122345966
5,393,742291860
5,394,4290638770
5,395,955006888
5,396,3773642838
5,397,3186919964
5,398,4184240346
5,399,3346451952
5,400,616265278
5,401,8394788
5,402,576821634
5,403,161762744
5,404,513008550
5,405,1411214252
5,406,4222834090
5,407,2797651712
5,408,3216320654
5,409,1536838836
5,410,279907666
5,411,1652408776
5,412,3608243446
5,413,2254308156
5,414,3416238202
5,415,3099215376
5,416,3400947934
5,417,2683393860
5,418,502239010
5,419,2999639000
5,420,1756697670
5,421,755405004
5,422,1674619210
5,423,2118224672
5,424,4153034542
5,425,3724638164
5,426,1801740018
5,427,3442858984
5,428,772151702
5,429,3741275228
5,430,123967514
5,431,2282542640
5,432,984888190
5,433,1298067044
5,434,356957378
5,435,3636527608
5,436,2193865958
5,437,2596834796
5,438,1592636650
5,439,397043520
5,440,1081040334
5,441,632683252
5,442,1070065810
5,443,2714144264
5,444,2833595958
5,445,3480911228
5,446,1971077050
5,447,545291856
5,448,3249473054
5,449,3620396420
5,450,68231778
5,451,1257816088
5,452,2375671174
5,453,3318047500
5,454,2509535370
5,455,2832030560
5,456,3105778798
5,457,2793002516
5,458,1027844658
5,459,1583470632
5,460,1850268374
5,461,1760657052
5,462,104046426
5,463,2326216304
5,464,2015416510
5,465,2679579812
5,466,897105922
5,467,1046746680
5,468,1569814054
5,469,1876889644
5,470,2815357994
5,471,2499569536
5,472,2614194958
5,473,4119791924
5,474,851551186
5,475,4139366984
5,476,2823483254
5,477,3859175356
5,478,1901311738
5,479,210966160
5,480,3791885150
5,481,3072705476
5,482,3827799458
5,483,1836385368
5,484,444892870
5,485,343381324
5,486,3441895370
5,487,2366213024
5,488,3728896430
5,489,3921122388
5,490,2930496882
5,491,4093654120
5,492,612727830
5,493,3403352284
5,494,3592849050
5,495,1238763184
5,496,2396081662
5,497,26786532
5,498,3662127938
5,499,941460088
5,500,3754757990
5,501,141619820
5,502,1957106538
5,503,2940651456
5,504,3517671502
5,505,3140843380
5,506,2666282770
5,507,2498184840
5,508,4094853302
5,509,85037564
5,510,1534463546
5,511,1669467856
5,512,3112435870
5,513,1410468356
5,514,293791970
5,515,3285166232
5,516,1548029958
5,517,2586650508
5,518,3839407882
5,519,2810584032
5,520,3267778286
5,521,600486548
5,522,4042055858
5,523,3986747560
5,524,193723734
5,525,197915420
5,526,3482078682
5,527,405352176
5,528,3902122814
5,529,2501095716
5,530,1392731778
5,531,461201080
5,532,1917225126
5,533,831403180
5,534,3687191210
5,535,3474556928
5,536,2580364686
5,537,2126071220
5,538,832027218
5,539,132068040
5,540,3809210870
5,541,4289473596
5,542,1211319674
5,543,3822937872
5,544,2382384606
5,545,3701452868
5,546,3614645282
5,547,1335405784
5,548,3618339142
5,549,1878399436
5,550,788080202
5,551,1288899616
5,552,2054822958
5,553,3905106132
5,554,760663026
5,555,47451368
5,556,372006550
5,557,3402906972
5,558,3266639130
5,559,540063536
5,560,2805852286
5,561,2486699876
5,562,3875277250
5,563,2517865208
5,564,3050168806
5,565,1346819820
5,566,1803284970
5,567,889497664
5,568,1678176974
5,569,1613394932
5,570,2417235346
5,571,858881800
5,572,67584822
5,573,1088824956
5,574,3285933242
5,575,607461200
5,576,1565031198
5,577,2531178116
5,578,2034773858
5,579,1784680728
5,580,1233633926
5,581,1189243916
5,582,1977120138
5,583,2843761760
5,584,3509436782
5,585,3836808980
5,586,2235143986
5,587,1126795560
5,588,1865850838
5,589,1057220508
5,590,4159732826
5,591,1685888880
5,592,2761557438
5,593,1360379300
5,594,3582037250
5,595,2909808440
5,596,2201164582
5,597,1638586668
5,598,706261290
5,599,4187498624
5,600,1479051278
5,601,2543387188
5,602,1471238354
5,603,1382951752
5,604,500462710
5,605,3419373756
5,606,3535688698
5,607,2467903376
5,608,3710683230
5,609,3772718276
5,610,844243618
5,611,3317028184
5,612,2796153798
5,613,1744969292
5,614,4224099530
5,615,3256749216
5,616,1253131950
5,617,3684978004
5,618,300237426
5,619,372335976
5,620,2038087958
5,621,929755612
5,622,797893530
5,623,3214731184
5,624,1920598782
5,625,901567460
5,626,1441001538
5,627,3206749048
5,628,3947246694
5,629,4207557484
5,630,2515292266
5,631,224659648
5,632,1442970958
5,633,1964306548
5,634,499084306
5,635,4179965832
5,636,792954294
5,637,997735164
5,638,4046203706
5,639,1998172112
5,640,2071754142
5,641,816898820
5,642,903935458
5,643,1797912984
5,644,467793158
5,645,3026530444
5,646,2064888842
5,647,1933319392
5,648,584362990
5,649,2846682004
5,650,3836333490
5,651,997958056
5,652,3486040662
5,653,454646812
5,654,2715822810
5,655,3827404784
5,656,1521344574
5,657,3292351012
5,658,2540909442
5,659,2159833016
5,660,920071590
5,661,1219820972
5,662,2772881322
5,663,955795712
5,664,4116927118
5,665,1622032052
5,666,1871603538
5,667,317105096
5,668,1864660726
5,669,3270530364
5,670,326427258
5,671,4005988368
5,672,1577599710
5,673,342100292
5,674,2940512546
5,675,3159129560
5,676,234872390
5,677,2770051788
5,678,638559050
5,679,1902808352
5,680,1298657582
5,681,1121642964
5,682,114768114
5,683,3398974952
5,684,1156621206
5,685,3911132764
5,686,4281618970
5,687,1553635376
5,688,1594203518
5,689,2527535204
5,690,3246347970
5,691,4291568632
5,692,3870688998
5,693,276504556
5,694,3329765098
5,695,484763968
5,696,2250016718
5,697,3665095924
5,698,3530441362
5,699,3812782088
5,700,1279739958
5,701,759680892
5,702,2783476154
5,703,4038049872
5,704,1654648862
5,705,839421828
5,706,3251453026
5,707,1923965464
5,708,433301382
5,709,1261794572
5,710,2802479754
5,711,1228496224
5,712,1983583854
5,713,3007203348
5,714,2042463282
5,715,857160232
5,716,3821167830
5,717,948719772
5,718,1876646234
5,719,2341994608
5,720,961624766
5,721,1594513060
5,722,4082653698
5,723,2715957304
5,724,3014836262
5,725,2938937900
5,726,3754978858
5,727,834267520
5,728,268279054
5,729,2054748980
5,730,3283025362
5,731,97033288
5,732,1836841334
5,733,3717114300
5,734,2362896634
5,735,1264933008
5,736,521370974
5,737,1202615748
5,738,2294984610
5,739,2682037848
5,740,338514118
5,741,1338156876
5,742,542384586
5,743,1597541792
5,744,18750382
5,745,518456916
5,746,917286770
5,747,1015584360
5,748,4010673686
5,749,946920156
5,750,2485469338
5,751,2880030896
5,752,1533065214
5,753,3883330788
5,754,1145978178
5,755,613330040
5,756,2392676710
5,757,433685612
5,758,1335856490
5,759,3355920832
5,760,1389793870
5,761,4039797108
5,762,3097532690
5,763,1846093960
5,764,2979170998
5,765,3470058492
5,766,613435450
5,767,2776060112
5,768,3778210462
5,769,728087556
5,770,395117282
5,771,2909424280
5,772,165468678
5,773,4090706316
5,774,742174986
5,775,4026015200
5,776,165740782
5,777,3253019796
5,778,787790514
5,779,108810920
5,780,3785590614
5,781,2950481180
5,782,2221017050
5,783,3479171312
5,784,4010022206
5,785,301785892
5,786,3283157122
5,787,2640412856
5,788,2688930470
5,789,3717318316
5,790,3962932394
5,791,140315136
5,792,3329714062
5,793,91830196
5,794,512955474
5,795,1737757896
5,796,794491894
5,797,2485812796
5,798,1097105274
5,799,2104862992
5,800,2932750302
5,801,3409863236
5,802,2036610594
5,803,1558597336
5,804,1068647238
5,805,276245452
5,806,3709083722
5,807,268963360
5,808,1683211822
5,809,4031292116
5,810,1273341426
5,811,142765800
5,812,1850927254
5,813,4259319644
5,814,3504451354
5,815,3779754288
5,816,3591066238
5,817,3635165540
5,818,2026939330
5,819,2045424888
5,820,1232874470
5,821,526739692
5,822,65170410
5,823,4081789504
5,824,2595232974
5,825,2559927796
5,826,1524002706
5,827,2516148488
5,828,900025654
5,829,1486846076
5,830,799250106
5,831,703619408
5,832,1169515806
5,833,759720068
5,834,2980071778
5,835,3353391896
5,836,847088774
5,837,381582860
5,838,3173674890
5,839,2885181024
5,840,2621860718
5,841,371294484
5,842,1859088690
5,843,304802600
5,844,2146183638
5,845,428521884
5,846,2180265562
5,847,2751029616
5,848,2856742846
5,849,1301606308
5,850,1660757762
5,851,2142914872
5,852,588277030
5,853,2623826732
5,854,1559636778
5,855,1633790592
5,856,3075518990
5,857,2720986164
5,858,3401231058
5,859,4106816840
5,860,1262583414
5,861,3745764028
5,862,3013447162
5,863,3648485776
5,864,465072734
5,865,1871957700
5,866,3146857634
5,867,1609135960
5,868,2534323654
5,869,263794764
5,870,3469713098
5,871,2287537824
5,872,4119392430
5,873,3078602580
5,874,1895963762
5,875,1258669928
5,876,960449302
5,877,2448212956
5,878,401186202
5,879,2986125744
5,880,3179638014
5,881,2596734436
5,882,2038860354
5,883,3428859256
5,884,4258430566
5,885,2845756780
5,886,901827178
5,887,53512896
5,888,3156813646
5,889,844489332
5,890,3280979474
5,891,3616741768
5,892,788500406
5,893,2200407292
5,894,161637690
5,895,2459627984
5,896,1588027294
5,897,3358627076
5,898,2324107234
5,899,4002454424
5,900,1513471750
5,901,2625061516
5,902,2354294282
5,903,1102716640
5,904,1810585070
5,905,1886608788
5,906,600680370
5,907,849544104
5,908,4112272470
5,909,2383818268
5,910,2333205722
5,911,2112115184
5,912,429410878
5,913,38960164
5,914,2881277314
5,915,3580662200
5,916,3801249702
5,917,874811308
5,918,1150437802
5,919,1632094976
5,920,17398926
5,921,1897541812
5,922,2460336466
5,923,3924264392
5,924,3618603254
5,925,928687932
5,926,3858898042
5,927,871025168
5,928,4099026142
5,929,2234432324
5,930,164741922
5,931,2506498008
5,932,2697111622
5,933,4127765708
5,934,3892747594
5,935,1286311712
5,936,3007159086
5,937,4111227860
5,938,1350701810
5,939,2693963752
5,940,1179856278
5,941,3440834652
5,942,1270680602
5,943,1379949104
5,944,2152662910
5,945,3729216100
5,946,3773821122
5,947,1752122872
5,948,304107750
5,949,3238375916
5,950,3082463466
5,951,3694619456
5,952,2512499150
5,953,2659966708
5,954,2102172818
5,955,794186248
5,956,1948340790
5,957,2263687548
5,958,1963766714
5,959,1945567824
5,960,2055789086
5,961,211698052
5,962,482432610
5,963,3455714328
5,964,3347411334
5,965,3984426764
5,966,1278766218
5,967,4122828640
5,968,927973486
5,969,291158548
5,970,3094306354
5,971,3294927912
5,972,4155764438
5,973,2784961180
5,974,1111167834
5,975,1369490032
5,976,1803134142
5,977,2696251556
5,978,4168086530
5,979,2868402744
5,980,88869414
5,981,1834103852
5,982,898230314
5,983,2895080320
5,984,1109509902
5,985,314240308
5,986,3235141586
5,987,57638472
5,988,1797587830
5,989,2498689980
5,990,1527917306
5,991,3780090512
5,992,1192978270
5,993,3700369348
5,994,2661665186
5,995,1776044120
5,996,1666063046
5,997,3957700940
5,998,2604211146
5,999,1635749792
6,0,468829614
6,1,2842589268
6,2,350587250
6,3,631830632
6,4,202280982
6,5,132033756
6,6,3470523034
6,7,1989511856
6,8,216539646
6,9,3551338212
6,10,3381450562
6,11,446156408
6,12,1826988902
6,13,3994687084
6,14,3696232298
6,15,3806317504
6,16,2247736398
6,17,1035426676
6,18,2458710802
6,19,432212616
6,20,1535808694
6,21,477115900
6,22,3026354746
6,23,3800339152
6,24,1742328990
6,25,2333175300
6,26,1657740514
6,27,2459757720
6,28,1089250310
6,29,4065414028
6,30,794340106
6,31,2357338080
6,32,1022601966
6,33,3109525140
6,34,389321906
6,35,2750395560
6,36,3191017814
6,37,2042992412
6,38,3387933146
6,39,2477699824
6,40,1315602238
6,41,423499044
6,42,597072514
6,43,2363335352
6,44,834477222
6,45,2423085228
6,46,1113392810
6,47,1740147712
6,48,2568589710
6,49,2811308468
6,50,533098066
6,51,2111895240
6,52,471991798
6,53,1887490108
6,54,357415290
6,55,3055938320
6,56,2727616990
6,57,3325367364
6,58,881676322
6,59,3385585880
6,60,1697713478
6,61,2580561356
6,62,3672578634
6,63,1263865888
6,64,774205486
6,65,1428559060
6,66,1756135410
6,67,1992872168
6,68,2163307158
6,69,449044828
6,70,2210818330
6,71,1400650544
6,72,3520117886
6,73,729312100
6,74,3453828546
6,75,794416888
6,76,1956804070
6,77,962329324
6,78,1979770346
6,79,4222200896
6,80,1800488654
6,81,4032321524
6,82,2379270546
6,83,2472100616
6,84,3149616950
6,85,2083572348
6,86,2317603002
6,87,1925423952
6,88,1964658462
6,89,1409948292
6,90,3610272610
6,91,3908654360
6,92,216749702
6,93,326275084
6,94,3895749002
6,95,1250451552
6,96,995562862
6,97,2833904404
6,98,2862435122
6,99,767839528
6,100,4279874518
6,101,2716437404
6,102,3299864666
6,103,948839280
6,104,4041923006
6,105,3698074020
6,106,2276507906
6,107,2275175224
6,108,2389028646
6,109,1710619948
6,110,4253787434
6,111,927149184
6,112,2758859790
6,113,3491554868
6,114,4194043090
6,115,364638024
6,116,2166786166
6,117,3264226492
6,118,2536818682
6,119,116243344
6,120,356277342
6,121,312508612
6,122,101209762
6,123,565516632
6,124,2901114822
6,125,675824204
6,126,428906698
6,127,246157472
6,128,1750637230
6,129,4172493140
6,130,1985410674
6,131,2960271720
6,132,461100310
6,133,1581684188
6,134,3439089562
6,135,2641652656
6,136,3179861758
6,137,371800036
6,138,140584002
6,139,1932877688
6,140,265734246
6,141,726359916
6,142,3612165226
6,143,2333412544
6,144,2756202830
6,145,384750708
6,146,2040012818
6,147,412679048
6,148,3946027446
6,149,1588518652
6,150,953196346
6,151,959722448
6,152,1892305310
6,153,4161292036
6,154,1952786914
6,155,4254023064
6,156,4060186886
6,157,962679948
6,158,2840307722
6,159,4098892000
6,160,1895432174
6,161,2693910420
6,162,1563001266
6,163,1046635944
6,164,4041725526
6,165,921370652
6,166,1425776346
6,167,3032421360
6,168,24818750
6,169,3669995044
6,170,4282279810
6,171,666153912
6,172,3250962854
6,173,913056172
6,174,2039858090
6,175,1068453120
6,176,2192025230
6,177,2900239028
6,178,435493714
6,179,125855688
6,180,2964490998
6,181,60619068
6,182,3813103226
6,183,2821131280
6,184,764679902
6,185,307326276
6,186,3449216290
6,187,1578615256
6,188,3237835334
6,189,1070450380
6,190,1236637514
6,191,805605664
6,192,3372959022
6,193,345361876
6,194,3898928370
6,195,1864696296
6,196,3526211478
6,197,2867251804
6,198,2365441562
6,199,2298354736
6,200,1049653630
6,201,1145013348
6,202,328764098
6,203,850028536
6,204,2768411366
6,205,3429385196
6,206,3535086314
6,207,1973546304
6,208,257874894
6,209,2449133812
6,210,3764582034
6,211,2785162248
6,212,3228785718
6,213,4234834812
6,214,2196303290
6,215,3394651216
6,216,2842280990
6,217,2274096004
6,218,3035459682
6,219,2094966296
6,220,917453702
6,221,3432880396
6,222,622749322
6,223,3461964128
6,224,2623302254
6,225,3771673620
6,226,2572761138
6,227,843709992
6,228,1243445462
6,229,3511284892
6,230,491965786
6,231,4240540784
6,232,2929331902
6,233,2226698916
6,234,3837758978
6,235,2040953912
6,236,4066202662
6,237,3394225708
6,238,1224434218
6,239,628944256
6,240,3527274766
6,241,3730104116
6,242,3392254418
6,243,263086152
6,244,1095110006
6,245,740773308
6,246,2080728314
6,247,3998342288
6,248,4196094302
6,249,2512902596
6,250,3317228450
6,251,3950242392
6,252,2816926918
6,253,148949836
6,254,3721795018
6,255,3017707936
6,256,3468521390
6,257,2840455764
6,258,3914752882
6,259,3479263848
6,260,461838870
6,261,1495563996
6,262,642430106
6,263,3399044272
6,264,1130859518
6,265,3862647012
6,266,167997762
6,267,976810104
6,268,447081830
6,269,2771560556
6,270,3132653930
6,271,533745088
6,272,185919054
6,273,3254537588
6,274,3434171666
6,275,3088379016
6,276,2449120950
6,277,233015292
6,278,2867641402
6,279,984208592
6,280,3984113310
6,281,2467635204
6,282,2471048930
6,283,2473037464
6,284,2708762118
6,285,3047644556
6,286,2385290506
6,287,2636390880
6,288,4227749102
6,289,706873492
6,290,1236037298
6,291,3858437800
6,292,1094359894
6,293,2307287324
6,294,1077246938
6,295,2232775920
6,296,2798184766
6,297,3403106084
6,298,313799810
6,299,166839480
6,300,3333187238
6,301,1780542124
6,302,2117894314
6,303,220990976
6,304,2981346190
6,305,2231442356
6,306,3576809554
6,307,1791350984
6,308,1231097846
6,309,3031376444
6,310,1676604282
6,311,2918067472
6,312,156371934
6,313,3984836164
6,314,2834197026
6,315,3058275032
6,316,3894925126
6,317,738283468
6,318,3362919498
6,319,515510816
6,320,2012158510
6,321,928745172
6,322,598432242
6,323,1839674088
6,324,3993500822
6,325,1098888028
6,326,2070094618
6,327,2529557808
6,328,982394494
6,329,2895945060
6,330,2250364866
6,331,3596679416
6,332,3611344870
6,333,3190459628
6,334,1641504746
6,335,1847602752
6,336,1978298574
6,337,2272479732
6,338,3372426130
6,339,1263609096
6,340,910778678
6,341,3415874684
6,342,1935411898
6,343,514778448
6,344,2339846430
6,345,723766404
6,346,2314763618
6,347,3987339032
6,348,2026971270
6,349,1560191500
6,350,2532729738
6,351,2771411552
6,352,1314897774
6,353,3171575060
6,354,3634570546
6,355,3052777256
6,356,2361343446
6,357,4162870684
6,358,1612950106
6,359,1111156080
6,360,411517886
6,361,496718756
6,362,3818674946
6,363,3843460408
6,364,1697839398
6,365,3730804524
6,366,2883133226
6,367,2604445312
6,368,3213428238
6,369,1096996916
6,370,2239061714
6,371,3578188104
6,372,1602458230
6,373,2511632060
6,374,495190522
6,375,997981584
6,376,1773684318
6,377,3926209220
6,378,2981589154
6,379,723041112
6,380,2285914566
6,381,3517928524
6,382,2081002186
6,383,1964446368
6,384,1126188206
6,385,3208553300
6,386,3252932722
6,387,1719044968
6,388,3224395542
6,389,3162007516
6,390,4006023578
6,391,2718182832
6,392,310657278
6,393,3353569764
6,394,2725494338
6,395,3550642552
6,396,3243446886
6,397,2681205100
6,398,445759082
6,399,3306262208
6,400,2925493070
6,401,1121961588
6,402,3755506194
6,403,3694583176
6,404,64988086
6,405,3993907452
6,406,515299642
6,407,2330293712
6,408,1373975454
6,409,3761764612
6,410,2474329058
6,411,3089489816
6,412,2202358534
6,413,2871223948
6,414,1912316426
6,415,2868781792
6,416,3523258862
6,417,1510490516
6,418,817716146
6,419,2126104488
6,420,1663787094
6,421,899142172
6,422,2677889242
6,423,2830226928
6,424,2991922750
6,425,1837424676
6,426,838336898
6,427,2543113656
6,428,1953565606
6,429,1871426476
6,430,3830529450
6,431,4096708352
6,432,440258702
6,433,872027316
6,434,2776397138
6,435,2343651784
6,436,2586678518
6,437,1203194684
6,438,2873397370
6,439,1803243024
6,440,2848850142
6,441,3687587652
6,442,2593388322
6,443,912352216
6,444,246430790
6,445,2724911308
6,446,3944517962
6,447,997561120
6,448,785444654
6,449,3245817812
6,450,1853867762
6,451,1448043496
6,452,2290106774
6,453,2727255132
6,454,1660321818
6,455,550755888
6,456,969530238
6,457,3901732452
6,458,4185466050
6,459,2122156536
6,460,1063052518
6,461,1386403308
6,462,3077020906
6,463,153382720
6,464,2465465806
6,465,3569468148
6,466,2612088978
6,467,1732646408
6,468,3510462006
6,469,2915026300
6,470,1870473146
6,471,332236368
6,472,2403511838
6,473,3268519300
6,474,709986914
6,475,2673559576
6,476,122750342
6,477,144026380
6,478,3518783626
6,479,4077740896
6,480,1163990126
6,481,1100717588
6,482,3162182194
6,483,2630311976
6,484,2063532758
6,485,3664561820
6,486,2703394650
6,487,2902083184
6,488,2729605310
6,489,722726052
6,490,1481058306
6,491,770481720
6,492,451321382
6,493,3861207084
6,494,3122977834
6,495,3162664832
6,496,1615993614
6,497,4249276724
6,498,2143751122
6,499,1250247240
6,500,2413762422
6,501,3275202492
6,502,2410716922
6,503,2456559248
6,504,3625139038
6,505,2472053700
6,506,2651061666
6,507,1151568984
6,508,2180492998
6,509,3333676364
6,510,2284523466
6,511,1985319840
6,512,3112245678
6,513,1048927316
6,514,1409236338
6,515,1504820328
6,516,3178734614
6,517,1279414492
6,518,980512410
6,519,3350531760
6,520,2665412094
6,521,1059160804
6,522,2779908930
6,523,2742162040
6,524,937310054
6,525,1596144236
6,526,2329475946
6,527,2665009088
6,528,2183663694
6,529,2644066164
6,530,118335250
6,531,1761529480
6,532,4108495030
6,533,3274627580
6,534,2821649978
6,535,3454473936
6,536,303016094
6,537,1668338180
6,538,1224429794
6,539,3486134424
6,540,3413391366
6,541,1574268812
6,542,3904413450
6,543,1105077216
6,544,3875602158
6,545,876903060
6,546,1717323954
6,547,3969808552
6,548,179971414
6,549,4280236828
6,550,2268280282
6,551,3281270512
6,552,2552189758
6,553,1187543332
6,554,822726274
6,555,882763448
6,556,4279480486
6,557,2326559916
6,558,1070856874
6,559,414683136
6,560,2957370766
6,561,3184070068
6,562,3738509906
6,563,1312996040
6,564,1461197302
6,565,2159375420
6,566,3444059514
6,567,2228121360
6,568,2198336990
6,569,1630173252
6,570,1988592674
6,571,1113535704
6,572,1754702150
6,573,3876217292
6,574,1169493578
6,575,2855736352
6,576,3786458158
6,577,3068721364
6,578,484586482
6,579,220042472
6,580,1435928214
6,581,2450752860
6,582,1471667482
6,583,3408379696
6,584,2957217918
6,585,2082000740
6,586,1100902850
6,587,2399148792
6,588,290916838
6,589,3453034220
6,590,1734728170
6,591,1789833280
6,592,1518049998
6,593,2112240628
6,594,2892856722
6,595,3722512136
6,596,1162832694
6,597,1725656700
6,598,2337031354
6,599,1303521104
6,600,684466974
6,601,3533012612
6,602,1777899362
6,603,4126316824
6,604,372173446
6,605,325235724
6,606,1768971658
6,607,3689964640
6,608,1969252718
6,609,1921177364
6,610,2564882226
6,611,3401519400
6,612,3369912278
6,613,1009725340
6,614,4098843738
6,615,3774850928
6,616,3239816638
6,617,824346020
6,618,381678850
6,619,3089674040
6,620,1199063846
6,621,631316780
6,622,132028714
6,623,2907582592
6,624,2828611598
6,625,369150516
6,626,220641490
6,627,1399436104
6,628,2253954166
6,629,2024851644
6,630,3867884538
6,631,2535604112
6,632,3106680926
6,633,365028548
6,634,1587448482
6,635,2618580312
6,636,3373077446
6,637,737044044
6,638,2520419530
6,639,3684308128
6,640,635432622
6,641,723653972
6,642,4087917170
6,643,2366827880
6,644,3344754966
6,645,3431086556
6,646,491375514
6,647,3752587184
6,648,1551346430
6,649,3488979940
6,650,3888011330
6,651,229090168
6,652,2991021158
6,653,657228652
6,654,2676897898
6,655,3508932800
6,656,2054071630
6,657,3592992884
6,658,2521879570
6,659,1114423176
6,660,419671478
6,661,1363510012
6,662,1532302138
6,663,2813245392
6,664,2717392286
6,665,2696915716
6,666,2278120930
6,667,1045725592
6,668,2919308550
6,669,297629836
6,670,2254674954
6,671,2244224224
6,672,788485102
6,673,3168187284
6,674,1049179570
6,675,329853352
6,676,3957779030
6,677,2854003740
6,678,183964378
6,679,2042402800
6,680,3425142846
6,681,3668054564
6,682,3823737730
6,683,1158477752
6,684,2593412518
6,685,4286793132
6,686,616871850
6,687,2663796992
6,688,1741421198
6,689,644744884
6,690,3577466706
6,691,2524589000
6,692,874553078
6,693,598318396
6,694,3724135034
6,695,2649198608
6,696,150989534
6,697,27185476
6,698,281612578
6,699,1044579800
6,700,702219846
6,701,1038084812
6,702,1815841610
6,703,2399048992
6,704,2223937838
6,705,464564692
6,706,2194841842
6,707,1980876264
6,708,155896726
6,709,3557715548
6,710,1839675930
6,711,968990768
6,712,301679998
6,713,3946309732
6,714,848412354
6,715,1810410488
6,716,2167353062
6,717,1941268460
6,718,97654506
6,719,3065966912
6,720,3229691854
6,721,2262873332
6,722,1329048210
6,723,2468476936
6,724,1182756918
6,725,3136100220
6,726,3670630842
6,727,1885128784
6,728,3423836190
6,729,3731838852
6,730,485336162
6,731,1433397784
6,732,3647655814
6,733,3244670220
6,734,4061289098
6,735,2212062560
6,736,3529358958
6,737,1405095956
6,738,3251956786
6,739,601670184
6,740,710446294
6,741,3781662876
6,742,1839874394
6,743,2185955440
6,744,3888308926
6,745,3016171172
6,746,4077306370
6,747,3888824376
6,748,518514726
6,749,3771918892
6,750,688281130
6,751,2443178368
6,752,2354988302
6,753,2408629044
6,754,2173986258
6,755,3555992648
6,756,4142932342
6,757,2048913852
6,758,907270394
6,759,3986579600
6,760,2164467038
6,761,4114693572
6,762,3347519394
6,763,2506829400
6,764,2441115846
6,765,1163849548
6,766,976751050
6,767,3370423712
6,768,2084357038
6,769,2299842132
6,770,4108326770
6,771,3835305576
6,772,2447388182
6,773,20456156
6,774,2874157210
6,775,2380845232
6,776,3209584638
6,777,4267685092
6,778,1016636738
6,779,1984115832
6,780,1687060838
6,781,1005309036
6,782,3971052906
6,783,2147045824
6,784,2335390286
6,785,4035850612
6,786,3785490706
6,787,1283502216
6,788,608350902
6,789,1548889084
6,790,1277767738
6,791,3158071504
6,792,1973326494
6,793,472155140
6,794,602237666
6,795,1740952216
6,796,1592525318
6,797,182157708
6,798,3741096202
6,799,2595235296
6,800,2650515694
6,801,4156484756
6,802,222569138
6,803,3621378728
6,804,3132206934
6,805,4203744540
6,806,1055453146
6,807,1865087216
6,808,3261971774
6,809,2903616292
6,810,513239170
6,811,753010872
6,812,2062744230
6,813,303042220
6,814,656635050
6,815,2858095104
6,816,886050702
6,817,1911095220
6,818,3702553682
6,819,1213701320
6,820,3846644726
6,821,4103325244
6,822,4049168250
6,823,1522970896
6,824,2947932126
6,825,1093216836
6,826,1029217826
6,827,2383206104
6,828,2256366406
6,829,3941299148
6,830,4071622730
6,831,231478816
6,832,191524398
6,833,4090391252
6,834,4098952690
6,835,1965815528
6,836,1469911190
6,837,746542940
6,838,3099891482
6,839,279019824
6,840,3539008126
6,841,3119317348
6,842,2689797058
6,843,2033663224
6,844,3269809126
6,845,2286924012
6,846,648827882
6,847,290796096
6,848,3104097486
6,849,4088475124
6,850,3624916882
6,851,1795746056
6,852,2295166262
6,853,1844756604
6,854,1911848634
6,855,533555536
6,856,3977841950
6,857,1784623236
6,858,389067106
6,859,567491352
6,860,2231678086
6,861,1453245964
6,862,4288829322
6,863,248014432
6,864,1348014958
6,865,3914549524
6,866,2337724722
6,867,2350936872
6,868,1400000982
6,869,2383806876
6,870,556998234
6,871,886860144
6,872,2326271934
6,873,922859428
6,874,3239808770
6,875,550687032
6,876,3577056550
6,877,1538962220
6,878,2979795754
6,879,2373431936
6,880,4288764430
6,881,1844886580
6,882,823136978
6,883,2955187528
6,884,2510661238
6,885,2340756156
6,886,2454353402
6,887,971014544
6,888,2744654430
6,889,3050739396
6,890,2898109602
6,891,2494037848
6,892,257023430
6,893,1459976268
6,894,136545994
6,895,1647646368
6,896,2962725038
6,897,1549633364
6,898,2879751282
6,899,1145524072
6,900,3506533142
6,901,2925792220
6,902,4169434522
6,903,1986769328
6,904,996349182
6,905,1314901476
6,906,2017522242
6,907,1095026040
6,908,2192811622
6,909,3781236076
6,910,105034346
6,911,3478295232
6,912,2826293070
6,913,4039748212
6,914,1023487506
6,915,1799004552
6,916,3399464886
6,917,2824131836
6,918,2393591098
6,919,2945448400
6,920,16975774
6,921,1503616260
6,922,4048517090
6,923,2954568600
6,924,305456902
6,925,2368703116
6,926,2256770570
6,927,2762090208
6,928,670432750
6,929,3908904340
6,930,646778802
6,931,489720744
6,932,723154006
6,933,3027858972
6,934,923323610
6,935,1205819888
6,936,4008833598
6,937,1108821028
6,938,3037934978
6,939,1344084408
6,940,3559890854
6,941,106092460
6,942,3673174442
6,943,1601557248
6,944,189932686
6,945,2755262644
6,946,1228089682
6,947,1205538248
6,948,512469238
6,949,3077828412
6,950,459736186
6,951,1600901648
6,952,3945387230
6,953,2747892548
6,954,3493210914
6,955,2512168920
6,956,2994589766
6,957,841809100
6,958,1829930314
6,959,1251972896
6,960,1782858542
6,961,1128408020
6,962,3311237874
6,963,4000065512
6,964,4102903190
6,965,1600536668
6,966,1292891162
6,967,4089930288
6,968,1730457470
6,969,1815616100
6,970,1591892162
6,971,451661304
6,972,175732966
6,973,1335884268
6,974,1576308970
6,975,2658235200
6,976,939940302
6,977,3361187572
6,978,2599814290
6,979,1234557448
6,980,3224992310
6,981,1139960188
6,982,1691196346
6,983,264784
6,984,4292641310
6,985,4200925572
6,986,750894690
6,987,3206319128
6,988,1291622790
6,989,386780940
6,990,639653002
6,991,2696767328
6,992,3813828718
6,993,926712340
6,994,1231472178
6,995,3884590120
6,996,4163507926
6,997,104491676
6,998,585759578
6,999,2629028464
7,0,499862718
7,1,1053970596
7,2,1425955842
7,3,3342918200
7,4,2657169958
7,5,3663232044
7,6,899665962
7,7,3302323072
7,8,4133646094
7,9,3039999284
7,10,1872347090
7,11,3422225992
7,12,377039734
7,13,1893745596
7,14,254743290
7,15,535339664
7,16,2498432862
7,17,3682725828
7,18,3795988898
7,19,4257927256
7,20,1988182726
7,21,2766274892
7,22,2482832330
7,23,3414923168
7,24,3069210030
7,25,2835103828
7,26,1811476850
7,27,2417655912
7,28,952154134
7,29,2550527196
7,30,417784474
7,31,1026855600
7,32,1152764414
7,33,1140188900
7,34,1857503042
7,35,3534509688
7,36,1085721446
7,37,1535925868
7,38,2151804778
7,39,3811693504
7,40,3325453390
7,41,3671794548
7,42,4235090706
7,43,2191168136
7,44,3222977718
7,45,4182605308
7,46,920349242
7,47,631872208
7,48,3089464478
7,49,3710924292
7,50,3288827106
7,51,2069329048
7,52,4225485830
7,53,3703149452
7,54,284726026
7,55,3348768736
7,56,3236844270
7,57,2492554900
7,58,3731094706
7,59,3350019240
7,60,4045486422
7,61,2614681372
7,62,123120090
7,63,2816064240
7,64,3316918078
7,65,498261284
7,66,2069693058
7,67,314452664
7,68,3662300326
7,69,541827244
7,70,3559583402
7,71,3793130496
7,72,3746707854
7,73,3244356020
7,74,1858328146
7,75,2030337736
7,76,2481860086
7,77,810162236
7,78,1881317754
7,79,1339486992
7,80,794544606
7,81,2910837828
7,82,2640427042
7,83,3109189848
7,84,3789305158
7,85,1470399948
7,86,1868759626
7,87,1769543712
7,88,2501646382
7,89,235658452
7,90,1240983538
7,91,3318896872
7,92,2484837014
7,93,818096476
7,94,1049186586
7,95,2268283696
7,96,1117152382
7,97,2249798500
7,98,1111467458
7,99,3037093624
7,100,2347474406
7,101,228999916
7,102,1068158442
7,103,2182329408
7,104,830861006
7,105,148119540
7,106,3957993874
7,107,315149064
7,108,2697166646
7,109,15078012
7,110,3344218298
7,111,3036719952
7,112,2019424030
7,113,310436484
7,114,832621410
7,115,2437668120
7,116,1699905158
7,117,1186125836
7,118,4186722698
7,119,1572366432
7,120,2135539054
7,121,1098627860
7,122,1342485298
7,123,437900584
7,124,3430931414
7,125,232051612
7,126,2261702746
7,127,1573989232
7,128,355238334
7,129,1329129892
7,130,2192517378
7,131,1058337592
7,132,2926237478
7,133,2695644460
7,134,1225887018
7,135,1538864256
7,136,1688306702
7,137,1766108724
7,138,2435935442
7,139,192378696
7,140,761966710
7,141,3996216508
7,142,3233918970
7,143,1136051088
7,144,3371959390
7,145,3930278084
7,146,1007992482
7,147,886284632
7,148,4212041670
7,149,1928628812
7,150,1908703434
7,151,686299296
7,152,2202485422
7,153,1928395092
7,154,2312789618
7,155,2886971752
7,156,2099117334
7,157,2182995420
7,158,544685978
7,159,2252567472
7,160,1330020094
7,161,1663172580
7,162,4093348930
7,163,2390353784
7,164,3533172838
7,165,4000163692
7,166,4004457578
7,167,3751220416
7,168,3631544654
7,169,2999098484
7,170,1944684562
7,171,1990230920
7,172,3098788278
7,173,322709244
7,174,1488553786
7,175,3263773648
7,176,252047774
7,177,718737156
7,178,1879937506
7,179,762955160
7,180,1340125446
7,181,1031380108
7,182,307990538
7,183,664283360
7,184,1558489070
7,185,4269512596
7,186,2294868402
7,187,3142577576
7,188,3234201174
7,189,1957578780
7,190,3285354202
7,191,857349104
7,192,3132382270
7,193,3286529572
7,194,1165283202
7,195,3636804536
7,196,3242387878
7,197,2751097260
7,198,2798889898
7,199,1446860032
7,200,2765115022
7,201,3445484212
7,202,2707587922
7,203,3218337736
7,204,4184781558
7,205,588661052
7,206,59522682
7,207,3490190352
7,208,4031495902
7,209,3796645188
7,210,2027636002
7,211,1557023192
7,212,1217960518
7,213,2672955084
7,214,2376171338
7,215,2388171040
7,216,2146561326
7,217,1479251412
7,218,3592443122
7,219,3747514856
7,220,3930578838
7,221,1687556700
7,222,2704322074
7,223,1860510768
7,224,3645249918
7,225,2341489764
7,226,510325442
7,227,2877747192
7,228,2067514086
7,229,107121644
7,230,1607404266
7,231,3762025792
7,232,2575533006
7,233,3106314484
7,234,518807186
7,235,2862726152
7,236,3731588150
7,237,1758444412
7,238,2911491514
7,239,3804449872
7,240,3399314462
7,241,917683076
7,242,4191017058
7,243,4234227224
7,244,33973126
7,245,697164044
7,246,233197194
7,247,1773758816
7,248,406786670
7,249,202437652
7,250,4080050226
7,251,131040808
7,252,2222170326
7,253,1759853724
7,254,1625404762
7,255,473205872
7,256,3838555838
7,257,3962929828
7,258,506328578
7,259,3964601400
7,260,961707046
7,261,4072017452
7,262,2146519594
7,263,1982002560
7,264,1046386958
7,265,2385291060
7,266,3923188178
7,267,1385818184
7,268,2390373750
7,269,3346568636
7,270,3137490170
7,271,1229644944
7,272,3016423774
7,273,1713021380
7,274,2385857442
7,275,2646766168
7,276,3506048198
7,277,87888716
7,278,897187274
7,279,2655689120
7,280,161224622
7,281,3191583316
7,282,1498008434
7,283,2083709544
7,284,1377387030
7,285,816563932
7,286,590716058
7,287,4120401072
7,288,3474273278
7,289,803477732
7,290,3691895106
7,291,3635247224
7,292,1817646438
7,293,3724865644
7,294,3851053418
7,295,3900855744
7,296,3543240270
7,297,2088768884
7,298,4151489810
7,299,726430856
7,300,1751828150
7,301,3122712572
7,302,138781754
7,303,707714256
7,304,2040817310
7,305,3331581956
7,306,3378618082
7,307,713168536
7,308,1111725574
7,309,4084180364
7,310,514624778
7,311,3902548448
7,312,4023975150
7,313,716951700
7,314,2042353330
7,315,3692601000
7,316,1309197142
7,317,49918236
7,318,2155635674
7,319,2376105200
7,320,1106415934
7,321,3098283812
7,322,3881475202
7,323,103959736
7,324,3172568742
7,325,3579785900
7,326,3874121898
7,327,3756660224
7,328,1338794894
7,329,3425756084
7,330,890187858
7,331,4808904
7,332,51197942
7,333,1406691900
7,334,3919829882
7,335,2214540560
7,336,2717496286
7,337,3324939844
7,338,916640290
7,339,3828357848
7,340,447938374
7,341,1295357900
7,342,1540226122
7,343,3711834656
7,344,516276782
7,345,631328468
7,346,3184968178
7,347,521190120
7,348,2870092950
7,349,3202284380
7,350,2298874650
7,351,1323107632
7,352,2670972542
7,353,10315108
7,354,3345235906
7,355,1651343608
7,356,208267238
7,357,2111100140
7,358,1382107114
7,359,3706336832
7,360,1677662414
7,361,3712946676
7,362,2281474962
7,363,4112559368
7,364,758221110
7,365,1068459132
7,366,728560314
7,367,759950672
7,368,1788535070
7,369,3942290564
7,370,1497949538
7,371,1683783448
7,372,1461209222
7,373,60746252
7,374,4147006346
7,375,3904924256
7,376,2721212270
7,377,2600217876
7,378,2263518514
7,379,2494248744
7,380,3557123542
7,381,3681265052
7,382,3307377242
7,383,2078141808
7,384,11070398
7,385,2580028324
7,386,4219126530
7,387,854529336
7,388,1930961190
7,389,343267116
7,390,1849624362
7,391,940750464
7,392,2006560270
7,393,669687860
7,394,3448424146
7,395,2237815112
7,396,3987192438
7,397,3233136316
7,398,301001210
7,399,3567584656
7,400,3377983070
7,401,3540515524
7,402,2896418978
7,403,2627158872
7,404,742617542
7,405,2679872588
7,406,1931311818
7,407,1337137824
7,408,1039068334
7,409,2396810068
7,410,776419442
7,411,3833074536
7,412,1806862102
7,413,1739567068
7,414,891419034
7,415,791885232
7,416,941746430
7,417,775696868
7,418,4209911362
7,419,356977016
7,420,1106524774
7,421,1850882412
7,422,4174620266
7,423,569611968
7,424,2859213646
7,425,1007914612
7,426,3674858002
7,427,2224973192
7,428,2201996214
7,429,2986047740
7,430,1501544762
7,431,10124752
7,432,1811995550
7,433,879149316
7,434,2751704034
7,435,3597690776
7,436,117734150
7,437,1117499020
7,438,3387656714
7,439,782641888
7,440,1842041326
7,441,491915668
7,442,87868338
7,443,235360168
7,444,1290373206
7,445,180034076
7,446,1364476122
7,447,1533861360
7,448,3480143422
7,449,2148116516
7,450,890136962
7,451,4278541752
7,452,30290854
7,453,4168743852
7,454,678372778
7,455,2736576256
7,456,3561388174
7,457,3252280500
7,458,2110381394
7,459,509923784
7,460,1690942710
7,461,2257621820
7,462,912881786
7,463,264001040
7,464,3093670110
7,465,3710314308
7,466,2864209698
7,467,3010980824
7,468,2351653958
7,469,2773426380
7,470,1843951946
7,471,2049547040
7,472,1704433454
7,473,2053965780
7,474,1427844850
7,475,1760095208
7,476,2323278230
7,477,60679260
7,478,168388634
7,479,3407537712
7,480,140477310
7,481,1765834340
7,482,288066754
7,483,1035604472
7,484,1937116390
7,485,3086818796
7,486,2875294954
7,487,2619242304
7,488,2230889934
7,489,2035124980
7,490,2065348754
7,491,3594886664
7,492,1091931702
7,493,1233456508
7,494,1425936314
7,495,949653072
7,496,3428210206
7,497,3008916868
7,498,605155938
7,499,759025688
7,500,2559061382
7,501,417723148
7,502,1231308938
7,503,4274875232
7,504,287554670
7,505,4064110100
7,506,1597143602
7,507,2762795048
7,508,1865755350
7,509,694685340
7,510,3348197210
7,511,550325872
7,512,3703840958
7,513,3689985188
7,514,4002779138
7,515,1995777592
7,516,2411447846
7,517,1240178732
7,518,2818229290
7,519,3314055040
7,520,72532750
7,521,981375284
7,522,2420929490
7,523,2278607432
7,524,4277354358
7,525,2649286588
7,526,3649931002
7,527,2311399056
7,528,2107827038
7,529,3037418436
7,530,1801479586
7,531,2505184344
7,532,1089132230
7,533,2255496524
7,534,3199137738
7,535,1629592480
7,536,339722670
7,537,3906151508
7,538,1557308786
7,539,3370337384
7,540,2112474134
7,541,3945371868
7,542,1782339226
7,543,3608417968
7,544,4268531198
7,545,3794422500
7,546,614232898
7,547,2823199352
7,548,2272223078
7,549,3814031980
7,550,3163218794
7,551,2951403456
7,552,1378138190
7,553,4118611828
7,554,1924075282
7,555,1721128584
7,556,3174224054
7,557,3201049084
7,558,1617419834
7,559,3922468560
7,560,1511739550
7,561,4165966340
7,562,3555965154
7,563,2504308888
7,564,3525533702
7,565,1862121356
7,566,2820179722
7,567,498478048
7,568,3401295598
7,569,3661513364
7,570,2135666866
7,571,891027624
7,572,1902660950
7,573,1341293340
7,574,1247419866
7,575,1082081008
7,576,3609787198
7,577,2650620196
7,578,43005570
7,579,658403000
7,580,3277904038
7,581,1363854508
7,582,4284605098
7,583,3285555200
7,584,641633678
7,585,2992166324
7,586,3482487378
7,587,4263920328
7,588,3533980150
7,589,2134817852
7,590,4259124602
7,591,390035216
7,592,2811207134
7,593,2872393796
7,594,2837179426
7,595,782613720
7,596,3506555206
7,597,3953043916
7,598,1475409482
7,599,2300255264
7,600,1214737454
7,601,1519304916
7,602,4025326578
7,603,2699500776
7,604,1015066262
7,605,4141010268
7,606,943375642
7,607,2275329840
7,608,2294888574
7,609,1232705380
7,610,3485522370
7,611,2708251384
7,612,3831509478
7,613,4175128300
7,614,4275028458
7,615,1104721984
7,616,4033888974
7,617,2434925556
7,618,1279714706
7,619,839945992
7,620,3457651510
7,621,1246803580
7,622,1044196538
7,623,2830053200
7,624,1674562334
7,625,332154500
7,626,774438754
7,627,3137675544
7,628,4199944838
7,629,2908945420
7,630,2559067530
7,631,3487591520
7,632,1494421870
7,633,366255892
7,634,3490211634
7,635,466917672
7,636,167964630
7,637,383416220
7,638,2083408986
7,639,2936188784
7,640,3978122686
7,641,917458340
7,642,3414056194
7,643,476133176
7,644,3275582246
7,645,3608635692
7,646,3240395050
7,647,1115961472
7,648,3632912398
7,649,3387462196
7,650,2249990354
7,651,1038433096
7,652,1985791094
7,653,588386492
7,654,634921978
7,655,212551568
7,656,1152112734
7,657,2418322628
7,658,2657809058
7,659,3958564184
7,660,1123040198
7,661,4250578508
7,662,2888725706
7,663,4137032864
7,664,2156828334
7,665,3491749204
7,666,954995314
7,667,225736040
7,668,1019154710
7,669,2132378076
7,670,3599020954
7,671,2436560816
7,672,2515882750
7,673,3484312548
7,674,756596802
7,675,4121701240
7,676,1892189286
7,677,2165230444
7,678,3299876970
7,679,3060275392
7,680,3193654606
7,681,2898034804
7,682,308427794
7,683,3040102280
7,684,3393443254
7,685,2761083644
7,686,821951290
7,687,2311307216
7,688,3086206366
7,689,2521723652
7,690,758236642
7,691,3405711768
7,692,3617604870
7,693,3163930764
7,694,1295221770
7,695,3654036704
7,696,4205444078
7,697,1702919060
7,698,1005100466
7,699,894874024
7,700,1870991958
7,701,2527063068
7,702,2140011226
7,703,3772227568
7,704,3441504318
7,705,2525420068
7,706,601883522
7,707,3806166968
7,708,902921638
7,709,600935852
7,710,4290944938
7,711,1712609536
7,712,968139406
7,713,2712522420
7,714,2120824658
7,715,2207101896
7,716,10274550
7,717,31647036
7,718,1409200762
7,719,1049139216
7,720,3816264414
7,721,3025770820
7,722,97351970
7,723,3115945432
7,724,490090054
7,725,1680093900
7,726,2917626698
7,727,772971808
7,728,3140829486
7,729,3389422036
7,730,3796764914
7,731,2869644776
7,732,1965355926
7,733,1551742556
7,734,664412698
7,735,677947440
7,736,2490428798
7,737,625520740
7,738,3609470658
7,739,4052038648
7,740,2468894438
7,741,2221912044
7,742,3769368298
7,743,4061722944
7,744,2590365646
7,745,684489972
7,746,1333858962
7,747,3967909896
7,748,2285344822
7,749,101867388
7,750,4213852602
7,751,562679888
7,752,2768715806
7,753,2421563268
7,754,1267600482
7,755,1907520024
7,756,2961307526
7,757,85329164
7,758,2023375498
7,759,2147052896
7,760,1845519982
7,761,163698708
7,762,762074162
7,763,3726789160
7,764,1483650262
7,765,1740824732
7,766,4143524186
7,767,3397259376
7,768,2780072638
7,769,772007588
7,770,1714760194
7,771,2268284984
7,772,1100812326
7,773,4294521388
7,774,1304182314
7,775,3540384128
7,776,3896438030
7,777,3660090164
7,778,49925586
7,779,2342497352
7,780,132401526
7,781,338770364
7,782,181453050
7,783,22505616
7,784,2456997214
7,785,3897820612
7,786,432242594
7,787,75085400
7,788,1716756678
7,789,1216034636
7,790,3483103690
7,791,873504160
7,792,1994091438
7,793,1220712020
7,794,378765170
7,795,2519443048
7,796,1546802710
7,797,3883887324
7,798,2382041242
7,799,27777200
7,800,1924925438
7,801,2059959524
7,802,3898805570
7,803,1635236984
7,804,838838630
7,805,2340295788
7,806,2772655466
7,807,1500207552
7,808,3809469006
7,809,1708259700
7,810,237201682
7,811,1417164936
7,812,1584585398
7,813,659518460
7,814,3745650746
7,815,2223071440
7,816,4186585758
7,817,2455981060
7,818,2210255586
7,819,3684653720
7,820,1266362886
7,821,1868810636
7,822,1295810826
7,823,2263363040
7,824,4053160174
7,825,3273176212
7,826,2400422578
7,827,4072104616
7,828,4215265110
7,829,2730710300
7,830,82827226
7,831,3765829872
7,832,626484542
7,833,3987108644
7,834,1828573314
7,835,2514653368
7,836,2367693478
7,837,3020838572
7,838,3180420266
7,839,2916686336
7,840,44611470
7,841,2480457652
7,842,3729646674
7,843,2459641032
7,844,2729659382
7,845,3531411004
7,846,1288589178
7,847,697809168
7,848,3760031710
7,849,2090070596
7,850,2496464418
7,851,3098762968
7,852,2764608326
7,853,1390394316
7,854,63696970
7,855,2366643744
7,856,2986415662
7,857,3436458708
7,858,2151446002
7,859,1800765160
7,860,3899078806
7,861,4171145052
7,862,3962011418
7,863,1366853936
7,864,2673255038
7,865,2158872932
7,866,4216681410
7,867,2449720568
7,868,3016653798
7,869,2662988012
7,870,3841342442
7,871,3504290368
7,872,1993960654
7,873,1145894388
7,874,3637067666
7,875,3919081736
7,876,594910518
7,877,1086982268
7,878,2680514234
7,879,1193963856
7,880,66893086
7,881,2901801092
7,882,1346443618
7,883,3041248024
7,884,4010531974
7,885,1677659660
7,886,2107260810
7,887,857239136
7,888,1139522414
7,889,3523547412
7,890,3411951922
7,891,3482712872
7,892,242776534
7,893,3760277916
7,894,1274152538
7,895,390033776
7,896,2055847870
7,897,1173258148
7,898,2461660930
7,899,460020024
7,900,1054520614
7,901,143719212
7,902,3787586346
7,903,2601368192
7,904,661783054
7,905,1866368052
7,906,1524988626
7,907,1426070856
7,908,1737084534
7,909,893805244
7,910,2625068538
7,911,197757328
7,912,3673670238
7,913,1100570308
7,914,2976517282
7,915,1122404184
7,916,3742696902
7,917,2882650188
7,918,3170332362
7,919,1032920736
7,920,3945152686
7,921,1455116116
7,922,1237904498
7,923,1191761768
7,924,2420349718
7,925,3898299356
7,926,2761911706
7,927,3428497840
7,928,146849022
7,929,1735955940
7,930,712727106
7,931,1336495480
7,932,4279553638
7,933,1185111404
7,934,4064582250
7,935,3170147008
7,936,3024254798
7,937,616395380
7,938,3119683090
7,939,677521800
7,940,767549366
7,941,184687868
7,942,2134127930
7,943,2114257360
7,944,2464067486
7,945,1888363780
7,946,2878857186
7,947,723889048
7,948,1639190278
7,949,3412578956
7,950,1010007562
7,951,1225404128
7,952,2743117294
7,953,4144426388
7,954,3435952050
7,955,1363022760
7,956,3365444694
7,957,945602076
7,958,4001346778
7,959,3814351344
7,960,1405852222
7,961,660343844
7,962,2984877442
7,963,2756551096
7,964,4249667494
7,965,1174478764
7,966,3436059050
7,967,3206798080
7,968,1964690574
7,969,2363080884
7,970,1128304978
7,971,256808392
7,972,1827131638
7,973,3037542204
7,974,4232834170
7,975,2087508496
7,976,293698782
7,977,2279885636
7,978,706384674
7,979,2408787928
7,980,2612590662
7,981,4224795852
7,982,3986582858
7,983,3390283552
7,984,550169390
7,985,1727523796
7,986,498655986
7,987,3318067176
7,988,1246199190
7,989,2402650204
7,990,2581781530
7,991,2798545456
7,992,494557054
7,993,3752387172
7,994,273989826
7,995,3873986040
7,996,2052235494
7,997,2344239596
7,998,2679011562
7,999,36404032
8,0,2043347406
8,1,3886247668
8,2,1008692370
8,3,223699464
8,4,1406247478
8,5,3195515260
8,6,1074693050
8,7,3180401232
8,8,4105185822
8,9,3987460484
8,10,272770658
8,11,3921613848
8,12,3925066118
8,13,236853004
8,14,998784138
8,15,222130016
8,16,3470069870
8,17,1922976276
8,18,4259196466
8,19,3559894056
8,20,3760209622
8,21,1140175516
8,22,2400772954
8,23,960942704
8,24,3751605438
8,25,40835236
8,26,621593602
8,27,1024027192
8,28,4009122342
8,29,887014444
8,30,288733226
8,31,3197860736
8,32,2317555470
8,33,2368372020
8,34,3789498322
8,35,2114358856
8,36,1229804406
8,37,1246858172
8,38,4006345466
8,39,3489770128
8,40,2453321566
8,41,536131524
8,42,962501026
8,43,188307544
8,44,3778308806
8,45,1801341260
8,46,138472394
8,47,924295072
8,48,3513718190
8,49,4262070356
8,50,646732146
8,51,67897448
8,52,2364727318
8,53,1168981212
8,54,779209370
8,55,2505284272
8,56,3422777854
8,57,431927012
8,58,3345065794
8,59,608231032
8,60,201847654
8,61,4135495276
8,62,1068750698
8,63,84138944
8,64,636685390
8,65,3984518004
8,66,1775223570
8,67,351410824
8,68,3962234038
8,69,329958908
8,70,617894458
8,71,441361104
8,72,4159775902
8,73,3033464324
8,74,2025843938
8,75,496106648
8,76,1313534982
8,77,346151820
8,78,2920839946
8,79,1144139744
8,80,73988846
8,81,88811156
8,82,1226007730
8,83,887801000
8,84,2341429590
8,85,460072732
8,86,1346212314
8,87,2374288112
8,88,3430797118
8,89,3349652772
8,90,3332598402
8,91,1914614456
8,92,3126291622
8,93,497674412
8,94,3245921962
8,95,3186924544
8,96,2232082830
8,97,2427500980
8,98,21053010
8,99,3718776520
8,100,322590198
8,101,1838374972
8,102,1987545466
8,103,3674733328
8,104,3953357278
8,105,1514841156
8,106,2578849826
8,107,2723741912
8,108,906452294
8,109,2734214604
8,110,4284410442
8,111,152903712
8,112,4220698670
8,113,2624693460
8,114,247681010
8,115,2656821480
8,116,1321583254
8,117,3829559644
8,118,1154234650
8,119,3429518128
8,120,2195459198
8,121,3325688676
8,122,3928100290
8,123,1412622072
8,124,448054758
8,125,2406517484
8,126,2765403626
8,127,2851978304
8,128,2537199310
8,129,382724084
8,130,3447953810
8,131,1001935624
8,132,3444287286
8,133,1125866108
8,134,4026900666
8,135,683520848
8,136,3944849182
8,137,3598166660
8,138,1603351394
8,139,1931371800
8,140,3577325190
8,141,1198727180
8,142,1180973450
8,143,845705312
8,144,45901166
8,145,4019028756
8,146,418126642
8,147,3488570664
8,148,2170946518
8,149,1463819164
8,150,3563962458
8,151,3566482288
8,152,1223567806
8,153,3884298660
8,154,4046295298
8,155,1343060792
8,156,2247098150
8,157,3370290476
8,158,1880585514
8,159,1638874240
8,160,72494094
8,161,938243636
8,162,3957773522
8,163,3937599304
8,164,1630460022
8,165,391296188
8,166,365860858
8,167,4060072848
8,168,742108254
8,169,124129476
8,170,2241930914
8,171,3245484376
8,172,2696007622
8,173,3407925836
8,174,1165519050
8,175,1151606944
8,176,498461358
8,177,1118749012
8,178,14534258
8,179,2973055336
8,180,104867094
8,181,3279234524
8,182,1064445850
8,183,9599920
8,184,813967102
8,185,362465252
8,186,2467689538
8,187,1128165240
8,188,2363037798
8,189,3742363500
8,190,563156074
8,191,1436097728
8,192,740401486
8,193,3289801844
8,194,1908076562
8,195,4264037256
8,196,1303636406
8,197,88698620
8,198,3827461946
8,199,4250813392
8,200,2629933470
8,201,3810907908
8,202,3207985634
8,203,384060824
8,204,1161812230
8,205,2400314508
8,206,921401354
8,207,2623549664
8,208,139415534
8,209,4058341268
8,210,1474843058
8,211,2176677288
8,212,4163118678
8,213,267489308
8,214,1042902746
8,215,2197103600
8,216,57541694
8,217,1384726052
8,218,2133538690
8,219,1666565048
8,220,4164948390
8,221,2131276204
8,222,798069674
8,223,3461045504
8,224,645461646
8,225,2740826804
8,226,1817176914
8,227,3785848776
8,228,1235933942
8,229,3222243644
8,230,3478201978
8,231,3915979792
8,232,3800262366
8,233,2009529668
8,234,3080695074
8,235,1426379224
8,236,2813575750
8,237,2354468556
8,238,3440207690
8,239,1848418592
8,240,911775022
8,241,1900109268
8,242,2807807218
8,243,3642233320
8,244,2850162582
8,245,3150273116
8,246,14915098
8,247,1716268080
8,248,1132183934
8,249,3093369956
8,250,1555913410
8,251,1038317560
8,252,3371494118
8,253,3990672364
8,254,2288579306
8,255,3965058368
8,256,3274189774
8,257,3587334388
8,258,3774203538
8,259,1489060872
8,260,1138994230
8,261,2461336444
8,262,3282746810
8,263,749753424
8,264,1532040222
8,265,3948512132
8,266,305021026
8,267,3043210776
8,268,3839724422
8,269,1409165580
8,270,841889418
8,271,3331944800
8,272,3550591598
8,273,1288879124
8,274,1887963186
8,275,2798980648
8,276,2789853398
8,277,3724575900
8,278,804298074
8,279,2368181360
8,280,712859326
8,281,2033339044
8,282,3407633922
8,283,3094842424
8,284,935830566
8,285,144463404
8,286,2456236586
8,287,2823355776
8,288,2315206926
8,289,1938059060
8,290,3439100370
8,291,2131062856
8,292,1663982966
8,293,1615453628
8,294,629093626
8,295,365161616
8,296,486187358
8,297,2079156676
8,298,1781642146
8,299,3381721688
8,300,1368208582
8,301,253320012
8,302,144565706
8,303,2318836128
8,304,3287990190
8,305,682195540
8,306,750596978
8,307,847538792
8,308,2955635222
8,309,632491740
8,310,3953165466
8,311,2987875504
8,312,2856508414
8,313,3742163172
8,314,1637368130
8,315,279052408
8,316,3045604710
8,317,1146566764
8,318,735859050
8,319,3535035840
8,320,3134076494
8,321,2894323060
8,322,632560914
8,323,3355704456
8,324,106622646
8,325,2749241340
8,326,3508440122
8,327,3409175760
8,328,4115664542
8,329,2140319748
8,330,1392117474
8,331,2065473176
8,332,2056437254
8,333,2125983116
8,334,1789687050
8,335,1972646368
8,336,2738070766
8,337,3235223700
8,338,1296776882
8,339,464922280
8,340,3260476246
8,341,3656186140
8,342,3426962394
8,343,1739293936
8,344,1822177598
8,345,1275123492
8,346,2944468098
8,347,3690124472
8,348,3943085734
8,349,2921167532
8,350,2870497450
8,351,338173440
8,352,1298467726
8,353,3370167220
8,354,3630995538
8,355,4283230408
8,356,3292094454
8,357,1887547964
8,358,450413434
8,359,1267744016
8,360,1780571102
8,361,1683576388
8,362,1473722914
8,363,194421464
8,364,616441670
8,365,4226408396
8,366,3937002570
8,367,490873376
8,368,3306973742
8,369,3915847380
8,370,998386162
8,371,1509573352
8,372,261901462
8,373,3653124956
8,374,3794334490
8,375,410258736
8,376,3545855614
8,377,975056228
8,378,1009166274
8,379,133826808
8,380,3105034214
8,381,3942587628
8,382,3731566570
8,383,3979624000
8,384,4052992206
8,385,682285556
8,386,3396727698
8,387,1215313160
8,388,1805234486
8,389,1900326012
8,390,3472743098
8,391,1835595088
8,392,3107883294
8,393,2958122116
8,394,4229516642
8,395,344917784
8,396,1289711750
8,397,2009018892
8,398,2464560010
8,399,3989860960
8,400,897912686
8,401,2389570836
8,402,1488057650
8,403,1021361960
8,404,46894550
8,405,2620845468
8,406,3047258714
8,407,117503344
8,408,4165637054
8,409,997516196
8,410,2262379266
8,411,3662126392
8,412,947734822
8,413,940318508
8,414,203747114
8,415,3060317824
8,416,254432782
8,417,1139959860
8,418,3642765010
8,419,519954760
8,420,55304822
8,421,3912697532
8,422,836620794
8,423,3746434448
8,424,3631715934
8,425,25871044
8,426,3138404514
8,427,2274741080
8,428,667326918
8,429,2068309068
8,430,3853607626
8,431,734995104
8,432,3091043502
8,433,3019518804
8,434,4264206450
8,435,1811520360
8,436,1052028694
8,437,812054492
8,438,1190977946
8,439,1306672560
8,440,2906624254
8,441,4195678692
8,442,115904066
8,443,4033581432
8,444,3121963622
8,445,1783923052
8,446,4069887594
8,447,2689965760
8,448,3321416526
8,449,2865190516
8,450,3652930066
8,451,1451617672
8,452,3391091638
8,453,3009986812
8,454,4291340602
8,455,667911632
8,456,1973191582
8,457,236292356
8,458,135009250
8,459,2923098008
8,460,574857990
8,461,664008332
8,462,3713757706
8,463,4090376928
8,464,3373660654
8,465,1981534612
8,466,2101095346
8,467,3872708520
8,468,2653401174
8,469,1029595676
8,470,244000986
8,471,3752322544
8,472,2080927294
8,473,940470308
8,474,732221826
8,475,1073079736
8,476,3333118886
8,477,4008199084
8,478,3356298666
8,479,3012222720
8,480,3989774478
8,481,87663796
8,482,2576827730
8,483,446192072
8,484,921036022
8,485,1122622268
8,486,1829658746
8,487,2776456720
8,488,4135407838
8,489,2751573828
8,490,1314703138
8,491,705590232
8,492,3777399878
8,493,900950220
8,494,3962855754
8,495,979215136
8,496,2615033646
8,497,149082068
8,498,523671282
8,499,84046824
8,500,871666070
8,501,36514908
8,502,4238102554
8,503,2262953520
8,504,2792696702
8,505,3480307300
8,506,1549661378
8,507,376871416
8,508,521090278
8,509,3403113964
8,510,987458794
8,511,3499654976
8,512,377312718
8,513,324621044
8,514,3724812434
8,515,4005897736
8,516,4167939638
8,517,2731169148
8,518,637466554
8,519,2397541968
8,520,2028600862
8,521,2841589124
8,522,4048706146
8,523,4104149016
8,524,1094669702
8,525,4139137804
8,526,4237045898
8,527,3423433568
8,528,476472430
8,529,3093245460
8,530,627696178
8,531,1980919848
8,532,1256936150
8,533,1440962204
8,534,2038454106
8,535,3860878960
8,536,643156158
8,537,2991422628
8,538,4167301122
8,539,427667000
8,540,3155226150
8,541,2603739180
8,542,1901112362
8,543,2953740160
8,544,2278779662
8,545,2906022196
8,546,1683086290
8,547,2929480264
8,548,4119291766
8,549,1981427644
8,550,1323986682
8,551,4070452880
8,552,3534916446
8,553,473832388
8,554,1279053218
8,555,1602264152
8,556,1465777862
8,557,1403809100
8,558,1890770890
8,559,1299030944
8,560,4001261998
8,561,3902860372
8,562,3374714226
8,563,1100270696
8,564,1708913686
8,565,2811289820
8,566,1703362202
8,567,2012421808
8,568,2910471678
8,569,3937604324
8,570,1460067138
8,571,1184572024
8,572,3464529766
8,573,2500315756
8,574,163367786
8,575,3799834560
8,576,1101094990
8,577,3269513076
8,578,3788535570
8,579,2376982152
8,580,1292040374
8,581,4159269372
8,582,2216740410
8,583,3073451728
8,584,2443638942
8,585,313418244
8,586,2993430754
8,587,339689624
8,588,1884456966
8,589,3450208140
8,590,586706698
8,591,990786528
8,592,1844858606
8,593,364382868
8,594,1002117298
8,595,3340339368
8,596,1066825046
8,597,4265986844
8,598,419497434
8,599,2397718256
8,600,2779947838
8,601,2595359012
8,602,3348536962
8,603,4083087032
8,604,3207463078
8,605,2238254252
8,606,443533994
8,607,3497238528
8,608,4223088014
8,609,1550359988
8,610,63959634
8,611,394906312
8,612,1437624822
8,613,4215800892
8,614,3656514938
8,615,2603646736
8,616,4220995038
8,617,3133147204
8,618,1865438242
8,619,342639832
8,620,283963718
8,621,2108879308
8,622,1705827914
8,623,3917423648
8,624,2929595438
8,625,3551824084
8,626,2792948722
8,627,3190858984
8,628,3404387990
8,629,4178711900
8,630,1681763610
8,631,1435881264
8,632,818864254
8,633,4233781092
8,634,2439201218
8,635,3445172984
8,636,787044838
8,637,3513102060
8,638,834251242
8,639,3129131072
8,640,635759310
8,641,2581449716
8,642,1872776594
8,643,801117960
8,644,2657073974
8,645,3947232892
8,646,3702396090
8,647,892090192
8,648,240349982
8,649,1518538372
8,650,3319359330
8,651,3113724184
8,652,4127013510
8,653,350438412
8,654,52440458
8,655,2236642400
8,656,2084944238
8,657,3467011860
8,658,716164914
8,659,912924968
8,660,849942486
8,661,3473260444
8,662,2408395866
8,663,3464869744
8,664,681508286
8,665,1639716260
8,666,4089234690
8,667,3659120440
8,668,4135752486
8,669,1980608812
8,670,1441425706
8,671,3107602560
8,672,3891953678
8,673,3008387636
8,674,3264317650
8,675,299942728
8,676,3990940790
8,677,3404945596
8,678,2426735610
8,679,4088680336
8,680,2141945950
8,681,1342665924
8,682,4055325346
8,683,3042012504
8,684,341009350
8,685,3695638092
8,686,1034050762
8,687,319956128
8,688,1522351790
8,689,3399329108
8,690,3786373746
8,691,2538995048
8,692,3651221782
8,693,1328597468
8,694,1530895258
8,695,3561619376
8,696,519240446
8,697,887565284
8,698,636692546
8,699,1999680376
8,700,650751078
8,701,141628268
8,702,89262186
8,703,3173654720
8,704,566752590
8,705,4174399604
8,706,2448663570
8,707,1367068552
8,708,1124335030
8,709,895488764
8,710,1915151162
8,711,492357584
8,712,3178196382
8,713,291322628
8,714,639249890
8,715,287936920
8,716,2562682118
8,717,3035498636
8,718,3481496586
8,719,1867789536
8,720,2245305326
8,721,2745844628
8,722,3704096178
8,723,2693020072
8,724,1520646742
8,725,3768792092
8,726,4288996058
8,727,426944496
8,728,1570428990
8,729,4159414820
8,730,1465281410
8,731,1512966072
8,732,143566246
8,733,3047151020
8,734,910198698
8,735,2397200640
8,736,1797081742
8,737,3530397364
8,738,1796644690
8,739,3659611080
8,740,3566792438
8,741,1570516284
8,742,1971559034
8,743,3500777488
8,744,3983489758
8,745,747921732
8,746,2387730722
8,747,783291864
8,748,3893450310
8,749,401111756
8,750,3943914314
8,751,1319544096
8,752,4049332526
8,753,1306280404
8,754,625570034
8,755,1770313192
8,756,2290031510
8,757,2188181084
8,758,755829274
8,759,680505392
8,760,3865482622
8,761,1155102820
8,762,2939588290
8,763,2426518520
8,764,480345830
8,765,1118435308
8,766,1460004586
8,767,3472032064
8,768,332038094
8,769,3224913140
8,770,3544873618
8,771,4016113672
8,772,292536374
8,773,246916988
8,774,118174138
8,775,70703184
8,776,3984255006
8,777,1203562372
8,778,1303278690
8,779,3346332184
8,780,2669223814
8,781,373705996
8,782,983706250
8,783,1033467232
8,784,1227034222
8,785,3577978900
8,786,3162750002
8,787,1642582568
8,788,1845812438
8,789,3416139932
8,790,197661018
8,791,1680939120
8,792,1931883198
8,793,3451956900
8,794,1289982466
8,795,2149306424
8,796,466761766
8,797,211778092
8,798,1307715114
8,799,4125884800
8,800,597660942
8,801,1514165044
8,802,1205810642
8,803,751514696
8,804,2690150774
8,805,2881651132
8,806,185444602
8,807,2257612944
8,808,1398961502
8,809,551996868
8,810,2139088802
8,811,3976740440
8,812,2460403910
8,813,1494712140
8,814,3766475210
8,815,2696717728
8,816,4042920878
8,817,1576033876
8,818,2613503858
8,819,1362964072
8,820,1308917270
8,821,3947279068
8,822,1009121434
8,823,115794096
8,824,1974054910
8,825,1555121380
8,826,1202550082
8,827,3861660792
8,828,4142977382
8,829,143678572
8,830,2035631466
8,831,1415406016
8,832,1517062734
8,833,1351991668
8,834,1042600210
8,835,2247082120
8,836,1612907190
8,837,801946620
8,838,3722117178
8,839,4266027216
8,840,1828053662
8,841,2384598020
8,842,924203746
8,843,150594200
8,844,3481948678
8,845,560730508
8,846,1996253450
8,847,3030398432
8,848,78706926
8,849,603094164
8,850,3026383538
8,851,1460988584
8,852,2739797846
8,853,2826345756
8,854,3598106586
8,855,591464688
8,856,398527806
8,857,3552262948
8,858,2934192258
8,859,3630373048
8,860,3603778214
8,861,3280772780
8,862,2944353450
8,863,316088832
8,864,805396366
8,865,1799917492
8,866,594234450
8,867,1180609736
8,868,1738503158
8,869,770070076
8,870,1405302650
8,871,3924345104
8,872,1074081758
8,873,2105457220
8,874,2143383074
8,875,3705267928
8,876,2593372998
8,877,1213465548
8,878,275241034
8,879,2379490848
8,880,1477951022
8,881,2069494484
8,882,4020755954
8,883,3942581992
8,884,548495510
8,885,1648224092
8,886,1795843866
8,887,2748289328
8,888,993806974
8,889,753832292
8,890,2312625090
8,891,3293596920
8,892,473408486
8,893,1654931692
8,894,1052779498
8,895,837370432
8,896,3559789774
8,897,2322120180
8,898,1560455058
8,899,296220936
8,900,94225718
8,901,3508490364
8,902,3105246906
8,903,2684844368
8,904,2321571102
8,905,4111253636
8,906,1557234018
8,907,2184727320
8,908,1888683142
8,909,1054823948
8,910,923936650
8,911,417887840
8,912,1996383086
8,913,3493255444
8,914,786802994
8,915,3700130600
8,916,2969477590
8,917,262967708
8,918,36761178
8,919,1260550512
8,920,2045470654
8,921,2052802468
8,922,3621281538
8,923,1870913848
8,924,1610603814
8,925,2733065004
8,926,3983008554
8,927,2317599360
8,928,784509454
8,929,2785430580
8,930,1211818706
8,931,3814434120
8,932,3236820598
8,933,3699878588
8,934,3525592570
8,935,1328714128
8,936,3252120158
8,937,316417732
8,938,3382080674
8,939,1789202264
8,940,106442182
8,941,236849228
8,942,3981137610
8,943,443360928
8,944,2771708078
8,945,2795050836
8,946,1265390706
8,947,1397383016
8,948,1996866326
8,949,1070767068
8,950,473585050
8,951,3016343984
8,952,631137534
8,953,3859897828
8,954,2419442242
8,955,4153267576
8,956,1928722022
8,957,3647317356
8,958,4190536298
8,959,3424035520
8,960,3750698830
8,961,3459332724
8,962,979631634
8,963,252293512
8,964,1482688438
8,965,2872009980
8,966,3678215482
8,967,4261022160
8,968,339367838
8,969,217902340
8,970,3110094818
8,971,1605383064
8,972,1219704582
8,973,1461721740
8,974,2908972554
8,975,787625696
8,976,3733671406
8,977,2593174932
8,978,378265522
8,979,3469450152
8,980,3449209942
8,981,432014876
8,982,2977340634
8,983,1347774960
8,984,1210401342
8,985,2988495908
8,986,2722104706
8,987,3523094968
8,988,1575612326
8,989,4079970220
8,990,439091626
8,991,2152850176
8,992,1046705294
8,993,720996532
8,994,2160982354
8,995,1078074824
8,996,3267623158
8,997,807829308
8,998,2293290106
8,999,2330845712
9,0,1733895390
9,1,830411588
9,2,394197794
9,3,2196355032
9,4,1551114310
9,5,1391824076
9,6,1772770634
9,7,3406276384
9,8,3604058926
9,9,1613607892
9,10,1502890738
9,11,647968744
9,12,1199678870
9,13,1552207964
9,14,842384410
9,15,1800761904
9,16,2739928958
9,17,949594724
9,18,4115081410
9,19,3429162488
9,20,1638648038
9,21,1968474604
9,22,2095603946
9,23,124093248
9,24,1527753166
9,25,4235146996
9,26,1623774354
9,27,2056579592
9,28,787073590
9,29,4135385468
9,30,114256826
9,31,2896042576
9,32,1493422622
9,33,3866270084
9,34,3343027810
9,35,1306631192
9,36,2657806726
9,37,3534642956
9,38,2356159626
9,39,993884000
9,40,4191664238
9,41,3279950356
9,42,3587544626
9,43,2320839720
9,44,2945869526
9,45,1597045404
9,46,2261240666
9,47,660200048
9,48,2968427710
9,49,3951812772
9,50,1754999810
9,51,206697016
9,52,4144726566
9,53,2095385644
9,54,3360399402
9,55,2581693312
9,56,4251172622
9,57,2594325812
9,58,396660690
9,59,429004360
9,60,60914550
9,61,558027708
9,62,4192789242
9,63,4053447312
9,64,1057644382
9,65,2850521028
9,66,2751136162
9,67,2452086872
9,68,2741473990
9,69,1062900044
9,70,4161065930
9,71,2753800096
9,72,1802354094
9,73,2828521556
9,74,1151320434
9,75,2172489832
9,76,145033238
9,77,282363100
9,78,259830426
9,79,2129830576
9,80,2731612670
9,81,1426552548
9,82,3549171522
9,83,257255032
9,84,3470334822
9,85,3203460716
9,86,447070058
9,87,1213588416
9,88,2771366990
9,89,1973597044
9,90,3669043986
9,91,3502875272
9,92,3753577654
9,93,1804078588
9,94,2118990394
9,95,3228805840
9,96,658295966
9,97,300795396
9,98,2163758306
9,99,2035057816
9,100,943332358
9,101,2584355724
9,102,112747274
9,103,38418400
9,104,123970286
9,105,193261204
9,106,1463995570
9,107,3953675432
9,108,2373814614
9,109,4169101084
9,110,2762242522
9,111,1152371440
9,112,1657239358
9,113,387738916
9,114,90821250
9,115,2868853432
9,116,3521418406
9,117,2290626732
9,118,172408490
9,119,4216497152
9,120,2319681934
9,121,360743348
9,122,3611207250
9,123,2882244296
9,124,2584116726
9,125,677161020
9,126,676098426
9,127,1471742736
9,128,3614120414
9,129,3432344644
9,130,696944674
9,131,2229242072
9,132,1639089478
9,133,2077038028
9,134,2329596490
9,135,708913184
9,136,1636395054
9,137,5729492
9,138,3071195122
9,139,6645992
9,140,2968513174
9,141,893499740
9,142,2525962522
9,143,589386544
9,144,2460071038
9,145,3956982628
9,146,3313792450
9,147,215969528
9,148,553512422
9,149,3199914732
9,150,2776538602
9,151,1936180288
9,152,2624536270
9,153,441167860
9,154,849150354
9,155,237493000
9,156,1096011574
9,157,1120969340
9,158,70682810
9,159,3455761232
9,160,3445966622
9,161,2683204228
9,162,1627495266
9,163,2389765400
9,164,1554042502
9,165,364079116
9,166,3468435850
9,167,3365435488
9,168,3316583790
9,169,3005172500
9,170,89359154
9,171,1329915176
9,172,499919830
9,173,2116772764
9,174,2911676506
9,175,2631351152
9,176,2351944126
9,177,2773645732
9,178,3542874370
9,179,3129344824
9,180,351610662
9,181,3734557996
9,182,1922915626
9,183,1227179136
9,184,2206389262
9,185,1007959604
9,186,169622738
9,187,3010365256
9,188,477298806
9,189,1039400124
9,190,2522578938
9,191,298374032
9,192,1056658526
9,193,1778964676
9,194,3803025058
9,195,3348148568
9,196,2647979974
9,197,818747980
9,198,2494320842
9,199,1642080416
9,200,933532334
9,201,1743554900
9,202,3680579186
9,203,3218522472
9,204,3068284182
9,205,575434204
9,206,703401882
9,207,207717296
9,208,1631702782
9,209,764645348
9,210,3853540418
9,211,2441279352
9,212,1050296422
9,213,4247926636
9,214,1878195306
9,215,3977979072
9,216,2672707918
9,217,1256860788
9,218,1930188818
9,219,2939130760
9,220,2855539126
9,221,886486780
9,222,3674953530
9,223,3920841680
9,224,436027806
9,225,552902404
9,226,1641964002
9,227,3117340056
9,228,3525247238
9,229,774515852
9,230,385572874
9,231,1386756320
9,232,1933178862
9,233,2060396436
9,234,3397892530
9,235,2443902376
9,236,2533510742
9,237,146069532
9,238,3288356570
9,239,2756717552
9,240,3685198910
9,241,2259551780
9,242,2892078978
9,243,3345370040
9,244,1723677094
9,245,3348560300
9,246,332364714
9,247,2816042240
9,248,128032398
9,249,786266804
9,250,2059227986
9,251,1828388808
9,252,2707882742
9,253,3666399548
9,254,1184239226
9,255,4098499600
9,256,70979294
9,257,3535914308
9,258,2313426210
9,259,1186683352
9,260,3729713734
9,261,114990796
9,262,133779274
9,263,3481315616
9,264,3963567406
9,265,1607935444
9,266,1545020658
9,267,1548851688
9,268,284962710
9,269,2960433756
9,270,2887155226
9,271,1865626672
9,272,2100390270
9,273,3400653924
9,274,3465528002
9,275,3921674232
9,276,2385384166
9,277,2195135468
9,278,1283644138
9,279,2582644032
9,280,2353845198
9,281,3892193524
9,282,645869202
9,283,2959133704
9,284,4040938550
9,285,2048543612
9,286,3310069178
9,287,2820496464
9,288,1535425566
9,289,2776648580
9,290,4262373474
9,291,2816884248
9,292,3744772998
9,293,1273917708
9,294,2448825994
9,295,3841554784
9,296,3464782446
9,297,2736030740
9,298,291467314
9,299,257594920
9,300,2946494678
9,301,815516828
9,302,2323613018
9,303,1335532656
9,304,2142176958
9,305,732893860
9,306,3951740418
9,307,3726644280
9,308,3988573222
9,309,201498156
9,310,2153585194
9,311,3153003904
9,312,3038767374
9,313,2388408116
9,314,1939990994
9,315,2498820168
9,316,3210904950
9,317,4137362876
9,318,3145473274
9,319,1404892304
9,320,900352350
9,321,3611308484
9,322,1504582562
9,323,1860141656
9,324,698375366
9,325,645243724
9,326,1463930314
9,327,2007148960
9,328,4258883502
9,329,3902227028
9,330,1672518514
9,331,4065718888
9,332,901616150
9,333,943347420
9,334,2139843738
9,335,1467568
9,336,3572532222
9,337,4088768740
9,338,2594351426
9,339,3793127544
9,340,4130956646
9,341,3626598508
9,342,2377005418
9,343,3731252672
9,344,3253395022
9,345,1376232820
9,346,1467319570
9,347,2386265224
9,348,1808471734
9,349,3407568892
9,350,91714618
9,351,498658512
9,352,1618720414
9,353,3188815876
9,354,806514402
9,355,2234984088
9,356,1247929862
9,357,1468020108
9,358,1915510026
9,359,1141651936
9,360,370035950
9,361,3966722196
9,362,3294275250
9,363,2765336232
9,364,2653229910
9,365,241189148
9,366,596259802
9,367,322342128
9,368,650502462
9,369,2228592420
9,370,1797745794
9,371,2335399096
9,372,1349770918
9,373,4099654316
9,374,3401988266
9,375,2850432512
9,376,2860364686
9,377,2064675764
9,378,3209298002
9,379,1741713608
9,380,2363852790
9,381,178977340
9,382,4153256826
9,383,77677840
9,384,1640563678
9,385,3355713092
9,386,210477602
9,387,746400472
9,388,105467718
9,389,941500364
9,390,1963314250
9,391,3737528864
9,392,1794314798
9,393,2192367316
9,394,2628620786
9,395,509856488
9,396,463893654
9,397,2451409756
9,398,2261506842
9,399,4085978416
9,400,3607043710
9,401,1495201124
9,402,3832090562
9,403,3339096312
9,404,3711711206
9,405,94987500
9,406,99948522
9,407,2667464256
9,408,514353358
9,409,1770430964
9,410,2423217042
9,411,1161805064
9,412,4051818806
9,413,1616508028
9,414,1578025658
9,415,3741711696
9,416,2002923806
9,417,2066228356
9,418,1919530338
9,419,4265709336
9,420,1512478854
9,421,3110042124
9,422,1780358026
9,423,3026221664
9,424,139966318
9,425,2539633940
9,426,1308187954
9,427,2929084200
9,428,420591062
9,429,981611932
9,430,832594522
9,431,3819175280
9,432,4285283262
9,433,44149668
9,434,2243400450
9,435,3676316984
9,436,3043127590
9,437,1226991404
9,438,2240468778
9,439,373212800
9,440,2252013070
9,441,2507812916
9,442,2822084306
9,443,2719574344
9,444,2691697270
9,445,255348412
9,446,2102049274
9,447,1534530960
9,448,2534882910
9,449,1972210372
9,450,3707545762
9,451,3960755032
9,452,2060042694
9,453,1683237964
9,454,3552922314
9,455,158018208
9,456,2987146414
9,457,781712212
9,458,831391858
9,459,4244317032
9,460,959895318
9,461,379469788
9,462,609733018
9,463,4262544816
9,464,1910323454
9,465,728613348
9,466,3328374338
9,467,1695553912
9,468,699828838
9,469,2480327020
9,470,131561066
9,471,1077388992
9,472,17134414
9,473,2398822004
9,474,3689722386
9,475,1374516616
9,476,3632274358
9,477,4065724668
9,478,294752570
9,479,8687056
9,480,1857563550
9,481,1833193732
9,482,3214179298
9,483,1065711512
9,484,3573730054
9,485,1510751884
9,486,2890619402
9,487,4202052320
9,488,3823149550
9,489,1684380052
9,490,2562429874
9,491,153247656
9,492,1457903702
9,493,3447826972
9,494,3611431130
9,495,895675888
9,496,3089241662
9,497,2509453348
9,498,364591490
9,499,1516662200
9,500,3272115110
9,501,1389792172
9,502,3274372522
9,503,628680448
9,504,1725417614
9,505,4263079092
9,506,4175736146
9,507,2152456648
9,508,276958454
9,509,2093163324
9,510,1328760954
9,511,750675472
9,512,1679096030
9,513,811366212
9,514,2239835938
9,515,2586115032
9,516,228701254
9,517,1402450124
9,518,1711294794
9,519,2081532704
9,520,3517245230
9,521,1826133972
9,522,3436314354
9,523,714865640
9,524,2230237590
9,525,2654762076
9,526,984561690
9,527,1411970608
9,528,336253822
9,529,455216740
9,530,3675282626
9,531,145957368
9,532,1109941478
9,533,2335288812
9,534,1708479722
9,535,2794620736
9,536,1199701454
9,537,2732923636
9,538,3295512722
9,539,2965679624
9,540,4148551222
9,541,3113196924
9,542,3800031162
9,543,380935760
9,544,2499651102
9,545,2766536068
9,546,2450702946
9,547,4118994968
9,548,24542598
9,549,2718335756
9,550,3946059914
9,551,1523415904
9,552,1730743406
9,553,2483090964
9,554,253839922
9,555,284686376
9,556,237075158
9,557,1608425116
9,558,3069132634
9,559,4243807856
9,560,2137485502
9,561,2922005668
9,562,1974624258
9,563,361117240
9,564,2682656294
9,565,3656921132
9,566,371627050
9,567,2081720192
9,568,3939767054
9,569,1433282868
9,570,4225188818
9,571,3202865736
9,572,1939574646
9,573,1271625660
9,574,4022818554
9,575,3438753424
9,576,3611439966
9,577,3371230148
9,578,1083782562
9,579,2737775704
9,580,3310429894
9,581,778614092
9,582,2654390218
9,583,993635232
9,584,1211961774
9,585,1039053908
9,586,2566485362
9,587,3284554856
9,588,1968053270
9,589,2172135644
9,590,743581338
9,591,2857510576
9,592,2886200830
9,593,1488706276
9,594,1022444354
9,595,2121247352
9,596,219262822
9,597,1949962860
9,598,1919857514
9,599,915335104
9,600,1352534094
9,601,96769908
9,602,1416748818
9,603,3729090184
9,604,2756911286
9,605,1854321148
9,606,324644410
9,607,907423440
9,608,3098714270
9,609,2995595780
9,610,3831793890
9,611,1287243928
9,612,2785128454
9,613,2043561868
9,614,1498961674
9,615,2582002656
9,616,3501258478
9,617,3870413460
9,618,2611642546
9,619,2727809192
9,620,1967430998
9,621,169415452
9,622,4079480282
9,623,2933214960
9,624,62671678
9,625,1021759780
9,626,2149385858
9,627,2566880952
9,628,4068157606
9,629,654791852
9,630,2432545450
9,631,1049733120
9,632,816831886
9,633,3153618356
9,634,2072861266
9,635,2590855880
9,636,3762065910
9,637,4107357244
9,638,1636230522
9,639,279021328
9,640,2132733406
9,641,2412433476
9,642,3368336418
9,643,4088581336
9,644,676862278
9,645,2638690764
9,646,1860748874
9,647,3412274208
9,648,341097518
9,649,576344276
9,650,1082420210
9,651,1694117096
9,652,13958806
9,653,2563857756
9,654,3686831386
9,655,890033968
9,656,2824112254
9,657,2495293284
9,658,2256906690
9,659,314946296
9,660,4042424806
9,661,1466955500
9,662,2331114
9,663,3568093248
9,664,4208562894
9,665,2551813108
9,666,377075090
9,667,3606028040
9,668,3056067382
9,669,1237010044
9,670,1721695418
9,671,4079566672
9,672,676797214
9,673,2797196932
9,674,822726498
9,675,4054462744
9,676,153379462
9,677,1239649292
9,678,2839025034
9,679,4232084576
9,680,3740819822
9,681,2633510676
9,682,2832676658
9,683,444573992
9,684,1120878550
9,685,1689323420
9,686,778837082
9,687,1065926512
9,688,1939908030
9,689,2991119780
9,690,2407214338
9,691,4048701240
9,692,3779574566
9,693,42203436
9,694,3325055274
9,695,292571264
9,696,3605735438
9,697,3526894132
9,698,3263623378
9,699,3478932296
9,700,3974435958
9,701,1884594364
9,702,653390842
9,703,1279088528
9,704,1781213278
9,705,1433025732
9,706,1485030050
9,707,4163892568
9,708,1026984902
9,709,3367190092
9,710,1251361994
9,711,823012512
9,712,3026970286
9,713,446393684
9,714,3992117874
9,715,716670312
9,716,2651021590
9,717,1019744732
9,718,2876933018
9,719,2832795568
9,720,4151354110
9,721,4288672740
9,722,3528298562
9,723,2452962168
9,724,3561673830
9,725,3176356716
9,726,1634988138
9,727,3849070784
9,728,2763300174
9,729,3127119988
9,730,352652306
9,731,390289288
9,732,2202281398
9,733,61692668
9,734,516934458
9,735,1651363792
9,736,2993362334
9,737,300679940
9,738,1921160674
9,739,282335640
9,740,4049507590
9,741,4207300748
9,742,223564810
9,743,1180450016
9,744,3498003438
9,745,2001996692
9,746,556232114
9,747,1429324200
9,748,2906743382
9,749,2284223516
9,750,2335951578
9,751,596488176
9,752,2106884158
9,753,4275071524
9,754,2118964098
9,755,2868809656
9,756,315346342
9,757,3035504044
9,758,3359535018
9,759,422603008
9,760,4228248206
9,761,3098369716
9,762,2604926802
9,763,2587149256
9,764,2954172150
9,765,919958844
9,766,1116242554
9,767,1414178832
9,768,652665566
9,769,1783572804
9,770,2857781538
9,771,2636553688
9,772,2322366022
9,773,1496105676
9,774,599737162
9,775,4038765856
9,776,654479662
9,777,2805074388
9,778,1271191794
9,779,2977848808
9,780,1129923478
9,781,1172063836
9,782,2113925658
9,783,976664624
9,784,131874174
9,785,1240088676
9,786,3133732546
9,787,1228817400
9,788,496674534
9,789,2925805548
9,790,1759497962
9,791,1296894272
9,792,749676494
9,793,1294208244
9,794,3667124882
9,795,2613088264
9,796,3794266166
9,797,3571249020
9,798,4268497338
9,799,409198672
9,800,2775486494
9,801,77836164
9,802,592370786
9,803,1454866968
9,804,2771404678
9,805,4109800716
9,806,942281354
9,807,3166272864
9,808,1673901678
9,809,3058001940
9,810,1864049714
9,811,2938985000
9,812,1796932822
9,813,217673884
9,814,2887186778
9,815,1331961968
9,816,1343740606
9,817,2466084516
9,818,2802973186
9,819,3531888696
9,820,2911330342
9,821,113623596
9,822,698879530
9,823,4199680384
9,824,1048591630
9,825,265820980
9,826,1346674130
9,827,3078011976
9,828,3226245494
9,829,1087621564
9,830,919245050
9,831,2101966992
9,832,3285327198
9,833,2667156932
9,834,4173090722
9,835,1326892632
9,836,377090246
9,837,1999882060
9,838,1826865610
9,839,250129824
9,840,3935878062
9,841,3365807700
9,842,2222608242
9,843,365868648
9,844,1733731862
9,845,210631388
9,846,3050365082
9,847,2644895920
9,848,3356973054
9,849,2753170660
9,850,1517804866
9,851,73452664
9,852,3009542502
9,853,3005391980
9,854,1759980906
9,855,1892641216
9,856,4048106062
9,857,2967046516
9,858,1906718994
9,859,3773253768
9,860,693316278
9,861,1976173564
9,862,1207167034
9,863,697004240
9,864,3487664798
9,865,258006020
9,866,1039049442
9,867,4023675544
9,868,3944315398
9,869,552884620
9,870,1547456778
9,871,601374176
9,872,3612057838
9,873,441205908
9,874,2100452018
9,875,82997928
9,876,3000772438
9,877,195683612
9,878,3011356634
9,879,931926256
9,880,2578101566
9,881,1599079204
9,882,3830096002
9,883,4100169912
9,884,1476031142
9,885,1082844844
9,886,4243401898
9,887,3646237184
9,888,3168405390
9,889,4164442036
9,890,2886251602
9,891,1671574728
9,892,873176054
9,893,114269756
9,894,104341370
9,895,2612644112
9,896,3480016862
9,897,1139376708
9,898,4264941090
9,899,4202720984
9,900,1742660422
9,901,3410512844
9,902,411287626
9,903,270020128
9,904,4256065070
9,905,4284465876
9,906,1116947954
9,907,4096298728
9,908,8095894
9,909,1767714652
9,910,896356122
9,911,128358704
9,912,2795631230
9,913,3199162724
9,914,1272595394
9,915,270324984
9,916,4230007782
9,917,3557722348
9,918,873073642
9,919,879970880
9,920,3506617550
9,921,3322185204
9,922,1690046354
9,923,3812065544
9,924,793111862
9,925,519346300
9,926,3186046650
9,927,711229776
9,928,2151941406
9,929,1118013572
9,930,1021438306
9,931,2292896536
9,932,161098886
9,933,3879706124
9,934,738856842
9,935,3224927840
9,936,3918596974
9,937,3823673620
9,938,3052212530
9,939,3003190056
9,940,990169558
9,941,481810844
9,942,1139791450
9,943,3498410352
9,944,2295140286
9,945,3561492388
9,946,2423703298
9,947,488401208
9,948,950338854
9,949,717065004
9,950,3566062378
9,951,1522125440
9,952,361976334
9,953,307106868
9,954,4178594514
9,955,1530342728
9,956,2714902134
9,957,2169041596
9,958,860958202
9,959,68917648
9,960,1480004190
9,961,698281668
9,962,4114799778
9,963,199464792
9,964,2233161158
9,965,2112507980
9,966,2568961738
9,967,4173934240
9,968,3737358510
9,969,1274470228
9,970,2962209906
9,971,1762387816
9,972,2236082966
9,973,3033129948
9,974,1599421850
9,975,750307760
9,976,2449214718
9,977,3391759844
9,978,2842700354
9,979,955407736
9,980,3730251366
9,981,2577919340
9,982,482896490
9,983,4239960768
9,984,710657870
9,985,3978625652
9,986,3193267730
9,987,523319688
9,988,1249914806
9,989,2296163580
9,990,2730886458
9,991,795808208
9,992,2232811422
9,993,787199236
9,994,447262690
9,995,1304083352
9,996,3341967110
9,997,811098764
9,998,3658698250
9,999,1448754912
10,0,3642095086
10,1,3550117268
10,2,63653810
10,3,2514035624
10,4,974449750
10,5,1487097372
10,6,2146272474
10,7,2396025328
10,8,3422480958
10,9,3798309924
10,10,2249616770
10,11,3643716024
10,12,4127659942
10,13,232632236
10,14,3272206762
10,15,2734680832
10,16,1730944142
10,17,2123976884
10,18,31154514
10,19,3669337544
10,20,538976502
10,21,683657020
10,22,3231038586
10,23,2330913296
10,24,3971009758
10,25,2694437700
10,26,2556650274
10,27,1874870232
10,28,4105128006
10,29,932828364
10,30,3778428234
10,31,1299951392
10,32,2354592558
10,33,786660308
10,34,2028974834
10,35,284737512
10,36,3963342230
10,37,3344177244
10,38,369667098
10,39,1096579632
10,40,4171605886
10,41,1997173348
10,42,230265026
10,43,3412157944
10,44,3229937894
10,45,208589292
10,46,4121053418
10,47,2921302848
10,48,3688124878
10,49,112918260
10,50,150092946
10,51,2438230536
10,52,1367470646
10,53,3959570812
10,54,3104854970
10,55,3442156112
10,56,752319006
10,57,3837354372
10,58,1371731554
10,59,3951305752
10,60,1784811910
10,61,1690216204
10,62,416812170
10,63,717061984
10,64,1683644526
10,65,702667284
10,66,3511483954
10,67,167427112
10,68,1720487638
10,69,1475101340
10,70,167162714
10,71,1726800496
10,72,2445296830
10,73,4196968612
10,74,531207170
10,75,890927672
10,76,3063982630
10,77,2993378348
10,78,1524729898
10,79,1453820800
10,80,1344562958
10,81,3717860660
10,82,283768786
10,83,2661129800
10,84,1165337462
10,85,4122221500
10,86,814074618
10,87,2226371216
10,88,2606368606
10,89,2035959748
10,90,571959714
10,91,2459330648
10,92,3172645574
10,93,550951244
10,94,1665711050
10,95,313503648
10,96,2230085038
10,97,2829424724
10,98,3325241714
10,99,141498472
10,100,2883006486
10,101,4185640156
10,102,3154614938
10,103,4195461808
10,104,3374236158
10,105,4124065508
10,106,2469820226
10,107,2481581688
10,108,2301248358
10,109,3034789484
10,110,286762858
10,111,2905074624
10,112,1139563598
10,113,1933998964
10,114,1326617362
10,115,3055626888
10,116,2597008566
10,117,15029756
10,118,1128669754
10,119,404271824
10,120,1174959262
10,121,4102852100
10,122,3702570210
10,123,2391215256
10,124,3114877958
10,125,1827826572
10,126,450382602
10,127,31604704
10,128,3386788590
10,129,2805905044
10,130,150090930
10,131,3957707944
10,132,4142641494
10,133,856864540
10,134,76243418
10,135,3445281520
10,136,2291212094
10,137,202454308
10,138,934296194
10,139,3177169592
10,140,552713382
10,141,1625716908
10,142,2928977578
10,143,2586881024
10,144,4009505166
10,145,1339050420
10,146,4038856274
10,147,3815708360
10,148,676505078
10,149,1621487676
10,150,2241943930
10,151,3320449808
10,152,4071801310
10,153,73413700
10,154,1289678882
10,155,1625690328
10,156,1692249414
10,157,3793837516
10,158,299285066
10,159,3437572128
10,160,3338670126
10,161,968701140
10,162,1121591282
10,163,3958305000
10,164,3130659478
10,165,599851356
10,166,869402906
10,167,2337823536
10,168,1910987902
10,169,4143680356
10,170,3563511234
10,171,3742103288
10,172,2663847398
10,173,2609191660
10,174,1101563370
10,175,3729902656
10,176,1092871886
10,177,323450868
10,178,456550802
10,179,2316788488
10,180,4242274102
10,181,387708
10,182,65499322
10,183,2763506512
10,184,522776350
10,185,1860516484
10,186,905053026
10,187,3812848920
10,188,4219991686
10,189,2977148940
10,190,2459175306
10,191,541622368
10,192,3357652334
10,193,2352026388
10,194,356182834
10,195,2551868712
10,196,2712818646
10,197,2190912412
10,198,304844890
10,199,3063563120
10,200,3740367294
10,201,2292138404
10,202,682254594
10,203,2122222392
10,204,1534742310
10,205,3788447020
10,206,1352877354
10,207,303778944
10,208,3795024910
10,209,1975256628
10,210,3956384978
10,211,1705643848
10,212,1597450358
10,213,1645561020
10,214,1114138618
10,215,2735856528
10,216,20642910
10,217,304849092
10,218,1396307618
10,219,1194277208
10,220,4067958726
10,221,2751029836
10,222,1600141514
10,223,2157719712
10,224,3507698350
10,225,3802812756
10,226,426022514
10,227,3623373160
10,228,2399434006
10,229,2661529052
10,230,3756521370
10,231,2846919600
10,232,3783227134
10,233,2869712868
10,234,3955934274
10,235,2034728824
10,236,3889916006
10,237,1221885804
10,238,3654607978
10,239,2786929856
10,240,838529358
10,241,1195242612
10,242,2011021330
10,243,2310478728
10,244,3459529142
10,245,2716073724
10,246,1031028538
10,247,2273858512
10,248,2260265374
10,249,3829622532
10,250,1476839906
10,251,372858264
10,252,4135463174
10,253,448951436
10,254,2995472394
10,255,1248870624
10,256,2644811758
10,257,2570645396
10,258,3769049522
10,259,3944252840
10,260,2640344662
10,261,1593319452
10,262,1431781082
10,263,2536190960
10,264,1130452030
10,265,1616039460
10,266,3440904066
10,267,83284920
10,268,213541286
10,269,2107982252
10,270,1401775018
10,271,3806817536
10,272,1212827278
10,273,1876771508
10,274,3433741138
10,275,1640925128
10,276,10693366
10,277,1921128764
10,278,1767569018
10,279,4037749776
10,280,1433581278
10,281,4080831812
10,282,4020796706
10,283,837935576
10,284,3966374470
10,285,249489100
10,286,1046820682
10,287,2991894816
10,288,2712003886
10,289,602729940
10,290,4099050738
10,291,1762337256
10,292,529946518
10,293,1118038620
10,294,2731107866
10,295,2308586544
10,296,2254901630
10,297,3263341668
10,298,1944201922
10,299,2937882616
10,300,3404151526
10,301,3310445548
10,302,2887566058
10,303,3909750080
10,304,4109466574
10,305,4020891892
10,306,4018706066
10,307,2977977352
10,308,3847486518
10,309,520065916
10,310,2993458618
10,311,1426744400
10,312,3409470494
10,313,1697059716
10,314,3178172514
10,315,3555247640
10,316,4044086150
10,317,291420428
10,318,759039626
10,319,3302588768
10,320,149359214
10,321,248925204
10,322,3585529906
10,323,1096818216
10,324,2692094166
10,325,1622611100
10,326,1888382298
10,327,1670227056
10,328,3831541438
10,329,61594276
10,330,2138648066
10,331,1565039672
10,332,1530000422
10,333,4243121708
10,334,1238565418
10,335,2970946944
10,336,3217068302
10,337,3736338228
10,338,3720827346
10,339,2489090120
10,340,2736172406
10,341,2322361788
10,342,2096694522
10,343,53869712
10,344,4258918750
10,345,2014509508
10,346,1554678690
10,347,2376993368
10,348,1496548550
10,349,1263659852
10,350,560313802
10,351,1720627616
10,352,3073904558
10,353,4261743188
10,354,4263773042
10,355,3148315240
10,356,3805264406
10,357,1749130972
10,358,3740685466
10,359,3751111856
10,360,1327377406
10,361,1843294436
10,362,2267877698
10,363,1292570744
10,364,778734950
10,365,2575026284
10,366,184557930
10,367,194538944
10,368,3901195854
10,369,1829465460
10,370,2360798482
10,371,2113080456
10,372,2562408118
10,373,802727932
10,374,2773507130
10,375,566097104
10,376,3139919518
10,377,2182103044
10,378,1621808866
10,379,1221701272
10,380,2981170694
10,381,2110291340
10,382,892093706
10,383,1409565152
10,384,1214837998
10,385,2911447188
10,386,3739881138
10,387,2003908264
10,388,3782425430
10,389,2689829148
10,390,2253462490
10,391,2420217072
10,392,1886357822
10,393,1663723300
10,394,441308290
10,395,334750904
10,396,3982558886
10,397,2820278956
10,398,1173627050
10,399,2703502848
10,400,1729518478
10,401,3804249012
10,402,3920062546
10,403,970193096
10,404,1561440246
10,405,575947324
10,406,2143458170
10,407,2939309328
10,408,2297474014
10,409,4046382660
10,410,1421871650
10,411,1189327576
10,412,3209983814
10,413,30568396
10,414,4209095754
10,415,566899232
10,416,273267246
10,417,4050822868
10,418,3780704754
10,419,1817006824
10,420,3476069526
10,421,3892106076
10,422,1995359002
10,423,3760332080
10,424,2854536830
10,425,1570749796
10,426,3224074178
10,427,2677217528
10,428,2028298214
10,429,3453201644
10,430,3372154858
10,431,4064824896
10,432,3946647758
10,433,2682415604
10,434,3655910290
10,435,3952035080
10,436,3203006774
10,437,217005180
10,438,3634342586
10,439,2183333200
10,440,2768623902
10,441,1266609284
10,442,3157925218
10,443,561256216
10,444,2129510534
10,445,3363815948
10,446,2094400394
10,447,1014006368
10,448,447373166
10,449,3050407188
10,450,1723909426
10,451,3922448168
10,452,383245782
10,453,3058531740
10,454,958351962
10,455,298255728
10,456,370009022
10,457,4014896036
10,458,4162190082
10,459,897101112
10,460,3922172198
10,461,1203285804
10,462,3664822058
10,463,1469369984
10,464,3704333838
10,465,478279732
10,466,986382034
10,467,246739272
10,468,3306435190
10,469,851023548
10,470,4097286650
10,471,1226841488
10,472,87483998
10,473,789598916
10,474,308875426
10,475,3390233432
10,476,625797574
10,477,1524659276
10,478,1029255882
10,479,3901174432
10,480,727377070
10,481,4273324884
10,482,3362877554
10,483,2541529960
10,484,1530461974
10,485,441812956
10,486,3442651546
10,487,1069567408
10,488,2247811326
10,489,3259402724
10,490,962420290
10,491,1932829048
10,492,2430055014
10,493,3940094316
10,494,949575274
10,495,26848960
10,496,1536301902
10,497,3903776372
10,498,3785234962
10,499,1993670024
10,500,2925544374
10,501,1858294012
10,502,2396682554
10,503,2327418320
10,504,1465111454
10,505,1374886148
10,506,3399279586
10,507,2320498584
10,508,524415750
10,509,3657729676
10,510,918241802
10,511,1117668064
10,512,3190508014
10,513,3895419284
10,514,1471871922
10,515,1961879464
10,516,1998848086
10,517,3139760668
10,518,2876831962
10,519,1553855984
10,520,2210119230
10,521,2560098340
10,522,4082213250
10,523,1314321848
10,524,4142246822
10,525,608490412
10,526,432594346
10,527,4175884032
10,528,1063284878
10,529,2893624500
10,530,2612139346
10,531,1333750216
10,532,4053677302
10,533,874277692
10,534,3705155706
10,535,2776591888
10,536,19701982
10,537,2184658756
10,538,1344640802
10,539,62620632
10,540,295492678
10,541,4277926092
10,542,3679203658
10,543,1061532448
10,544,116100910
10,545,2790154196
10,546,1575839474
10,547,3652551656
10,548,2104025494
10,549,3620453468
10,550,3292667930
10,551,854588976
10,552,1361083262
10,553,1280497252
10,554,2369963202
10,555,342862328
10,556,3703669990
10,557,4178310636
10,558,743390442
10,559,504139584
10,560,403088846
10,561,670098164
10,562,777449618
10,563,474232328
10,564,1033766454
10,565,2379539836
10,566,2323695546
10,567,3489769040
10,568,546393630
10,569,2783757700
10,570,106113634
10,571,803563544
10,572,3643647366
10,573,450284300
10,574,358350986
10,575,2869789536
10,576,4050367598
10,577,2233646612
10,578,475574834
10,579,1969061928
10,580,3101139670
10,581,1197074076
10,582,2145265498
10,583,1699112560
10,584,3891861694
10,585,3481734308
10,586,1719715842
10,587,1796128312
10,588,993738278
10,589,104757292
10,590,2524740650
10,591,697995136
10,592,760527630
10,593,858124596
10,594,1457302482
10,595,3098763848
10,596,2033170294
10,597,519880636
10,598,3156492026
10,599,416300688
10,600,2337397598
10,601,3139677124
10,602,1215667618
10,603,1616751704
10,604,2328121030
10,605,379911500
10,606,1195028426
10,607,713405344
10,608,561756590
10,609,3904666708
10,610,3427589490
10,611,1333255272
10,612,2889892886
10,613,2027909340
10,614,3197963930
10,615,1848716976
10,616,4195718654
10,617,742695652
10,618,3596331842
10,619,1338258040
10,620,1126356838
10,621,2162973292
10,622,4137720682
10,623,2887839680
10,624,2132455502
10,625,3190316916
10,626,3398649618
10,627,1482485384
10,628,3273869494
10,629,581171708
10,630,236099130
10,631,1719350992
10,632,3476965534
10,633,3622564356
10,634,1776087266
10,635,1052004504
10,636,1932580870
10,637,1937149836
10,638,1261977354
10,639,977159136
10,640,4075527918
10,641,1294703252
10,642,2669275314
10,643,3348404392
10,644,309511510
10,645,1936481052
10,646,3637433818
10,647,2688571120
10,648,4047893310
10,649,2224789796
10,650,740519554
10,651,404752056
10,652,1565020326
10,653,908434604
10,654,1661704874
10,655,238006272
10,656,3307767182
10,657,3506974132
10,658,919257682
10,659,2261834440
10,660,1917368822
10,661,1809486908
10,662,2493238650
10,663,2006093584
10,664,841389534
10,665,710252612
10,666,3050906658
10,667,3430503640
10,668,390283590
10,669,1247510988
10,670,1940172362
10,671,784806944
10,672,2039178286
10,673,1182800084
10,674,3188708338
10,675,2504242408
10,676,3728680598
10,677,3591415132
10,678,2663611674
10,679,637787952
10,680,4015665278
10,681,312209252
10,682,2938638786
10,683,1907505912
10,684,712747494
10,685,2331655916
10,686,1779268074
10,687,2421608512
10,688,1867397838
10,689,2346015732
10,690,1087577490
10,691,664741640
10,692,359664438
10,693,1706069628
10,694,3692029114
10,695,3802548048
10,696,2983904030
10,697,4168130180
10,698,1874474850
10,699,1664923928
10,700,868977286
10,701,1281610764
10,702,2328886666
10,703,883983456
10,704,2167081326
10,705,2160719636
10,706,1249812274
10,707,3356832040
10,708,980772822
10,709,3621539740
10,710,1489699930
10,711,34326384
10,712,3458354622
10,713,676701604
10,714,2662962434
10,715,1644875576
10,716,2207048486
10,717,2088386860
10,718,301349162
10,719,1260802176
10,720,2774257678
10,721,648014388
10,722,2247907538
10,723,1985467208
10,724,1936276598
10,725,322300092
10,726,3904822266
10,727,373710736
10,728,69914718
10,729,2689402052
10,730,3536857762
10,731,3029237080
10,732,3180966854
10,733,3265234508
10,734,3540659402
10,735,1351234720
10,736,2375716526
10,737,3222877524
10,738,1572227698
10,739,3348696424
10,740,2313521430
10,741,1205819868
10,742,3342166938
10,743,250089392
10,744,527321854
10,745,802733028
10,746,841480258
10,747,1186579320
10,748,2035022950
10,749,2679481196
10,750,3642087530
10,751,791556288
10,752,1193362766
10,753,4051163252
10,754,2610328594
10,755,109764488
10,756,2332315062
10,757,259695356
10,758,922268474
10,759,1493358544
10,760,2531704222
10,761,2549795588
10,762,309001698
10,763,3388907928
10,764,3783113990
10,765,2384369804
10,766,111361034
10,767,1592018144
10,768,3668571118
10,769,3766342548
10,770,151442866
10,771,1398753704
10,772,1734314582
10,773,2368324636
10,774,575845082
10,775,4280858608
10,776,755902526
10,777,2872390180
10,778,2562931586
10,779,3578730424
10,780,1418261926
10,781,565994924
10,782,3049019306
10,783,83783936
10,784,3966671502
10,785,1416439476
10,786,250703698
10,787,3284683720
10,788,2467380982
10,789,2374942012
10,790,3138218618
10,791,3379277840
10,792,2413726430
10,793,1837756740
10,794,1507504418
10,795,85796312
10,796,71804486
10,797,670108364
10,798,1475029834
10,799,340702496
10,800,1546205486
10,801,3590836692
10,802,1438662898
10,803,2197284328
10,804,2779999126
10,805,2798358108
10,806,443734554
10,807,1566425136
10,808,4174505342
10,809,880478308
10,810,4191903426
10,811,458935288
10,812,2517880550
10,813,3349055468
10,814,372881130
10,815,1831276864
10,816,3843280846
10,817,3482309876
10,818,1700612754
10,819,4053800968
10,820,4200599606
10,821,1484928892
10,822,3779920314
10,823,1578166352
10,824,3437377566
10,825,3339351940
10,826,3429844066
10,827,528091672
10,828,3267850118
10,829,2703678732
10,830,1899100810
10,831,4250502496
10,832,3186122350
10,833,2898735124
10,834,1160940594
10,835,3321029160
10,836,1337011414
10,837,735361180
10,838,3622166874
10,839,2350327920
10,840,1015644862
10,841,2109357732
10,842,1958765058
10,843,2121064504
10,844,4139550758
10,845,4000057900
10,846,3772642858
10,847,3761770880
10,848,954262798
10,849,4210025268
10,850,472516050
10,851,732054600
10,852,1740685686
10,853,3546616252
10,854,2382854394
10,855,3850535056
10,856,3821127006
10,857,1653366212
10,858,2239281058
10,859,715476568
10,860,4056750278
10,861,2731544396
10,862,1959242186
10,863,2123675040
10,864,1672962990
10,865,2295066196
10,866,3501045618
10,867,3823124072
10,868,2821246486
10,869,1263878876
10,870,4210804890
10,871,3320115376
10,872,1778712574
10,873,1359140068
10,874,549602626
10,875,3155514488
10,876,1733501286
10,877,2335501420
10,878,1945703786
10,879,2931913152
10,880,2812664398
10,881,2258456948
10,882,2829558034
10,883,1700712584
10,884,3120779958
10,885,4182199292
10,886,495767610
10,887,105937104
10,888,575484574
10,889,371172356
10,890,2554792674
10,891,2418995864
10,892,2653463046
10,893,1845272972
10,894,4244388106
10,895,3566224864
10,896,1768311022
10,897,2787511444
10,898,3917595314
10,899,4233099944
10,900,703221590
10,901,3428658460
10,902,2617544666
10,903,492247280
10,904,2870238526
10,905,2422524708
10,906,221317250
10,907,3924043960
10,908,279419558
10,909,722022060
10,910,2782598314
10,911,22229504
10,912,2838671246
10,913,984096692
10,914,2015763538
10,915,3932536008
10,916,133678070
10,917,1564010044
10,918,1680672634
10,919,1057673488
10,920,2387902430
10,921,3486796356
10,922,271203874
10,923,296154840
10,924,212470598
10,925,3686568908
10,926,471836746
10,927,333198880
10,928,2730823214
10,929,1491438292
10,930,2029956594
10,931,2261915368
10,932,2277879958
10,933,234649436
10,934,1263548186
10,935,2096996656
10,936,3783760510
10,937,904929636
10,938,1096592322
10,939,1969839352
10,940,1401549798
10,941,4076392684
10,942,3302224874
10,943,3632091712
10,944,1834443982
10,945,4146089460
10,946,4025841554
10,947,1581713672
10,948,2691568950
10,949,709484668
10,950,2922913466
10,951,3863054672
10,952,3852971294
10,953,2512015492
10,954,4034023778
10,955,3365755672
10,956,3122746502
10,957,1562371596
10,958,1552021386
10,959,688424544
10,960,2611196782
10,961,219834644
10,962,1618245938
10,963,1391891240
10,964,2894787030
10,965,121840028
10,966,288276058
10,967,2808646000
10,968,2804856766
10,969,1404360612
10,970,3163893506
10,971,607449400
10,972,3368693030
10,973,2685653804
10,974,2536747818
10,975,214946432
10,976,3689150990
10,977,3021331508
10,978,1835381458
10,979,3163731272
10,980,171329142
10,981,596261564
10,982,3221100026
10,983,713335184
10,984,2652289630
10,985,2246162116
10,986,879707298
10,987,648159064
10,988,1532919238
10,989,4214659148
10,990,3228772042
10,991,3634706080
10,992,2547136686
10,993,1188341588
10,994,2033394802
10,995,2286776168
10,996,3137999638
10,997,1195453404
10,998,1844454810
10,999,925356464
11,0,1306113278
11,1,331541988
11,2,1982501442
11,3,332850552
11,4,1094207078
11,5,2271884652
11,6,1531597418
11,7,1322955456
11,8,2494066510
11,9,2174274164
11,10,1170656786
11,11,1490600328
11,12,69228470
11,13,2752115964
11,14,3587108154
11,15,308550096
11,16,3849430942
11,17,3596254468
11,18,3480295394
11,19,4114957208
11,20,3711010566
11,21,1460710028
11,22,3259184650
11,23,3208791776
11,24,2468388334
11,25,2720286100
11,26,2492116914
11,27,2791746472
11,28,236131414
11,29,4110849564
11,30,1508142298
11,31,2664135152
11,32,3747123774
11,33,3089785892
11,34,1567413634
11,35,3118414264
11,36,3315875750
11,37,2517366700
11,38,3345469866
11,39,657322752
11,40,4017407118
11,41,2277054644
11,42,3328756050
11,43,3735629256
11,44,2231126262
11,45,2665025340
11,46,2751112314
11,47,2087711248
11,48,2710074590
11,49,3576996676
11,50,2898774818
11,51,1444333528
11,52,1684697158
11,53,2847808716
11,54,1413621066
11,55,1366275872
11,56,1096737582
11,57,3541648340
11,58,2076908274
11,59,2228373480
11,60,947254678
11,61,3483590748
11,62,1163629594
11,63,685998640
11,64,494620542
11,65,2600155748
11,66,1504442562
11,67,3822972408
11,68,2531137766
11,69,1359550956
11,70,165425386
11,71,4133065536
11,72,4229495246
11,73,109496052
11,74,882615442
11,75,1368652296
11,76,3147438646
11,77,2668071292
11,78,1456552890
11,79,523774544
11,80,1881874974
11,81,3900713348
11,82,2948816482
11,83,3265702936
11,84,1306081670
11,85,3293507340
11,86,3770676362
11,87,3686631264
11,88,240978030
11,89,2781061652
11,90,4031014450
11,91,1394623528
11,92,84063958
11,93,774343324
11,94,413506394
11,95,4160744048
11,96,2182212798
11,97,776302756
11,98,1245182978
11,99,3076719160
11,100,766890534
11,101,3580992556
11,102,3371659306
11,103,4109210496
11,104,2187661070
11,105,1444009268
11,106,3450822610
11,107,220800584
11,108,248105846
11,109,3349504956
11,110,2460136186
11,111,2303509136
11,112,2804526942
11,113,2387414980
11,114,3014906274
11,115,210038872
11,116,776856262
11,117,265494860
11,118,1242342346
11,119,2193340320
11,120,501943726
11,121,4264779860
11,122,2873528690
11,123,2564857960
11,124,1988712470
11,125,4288877788
11,126,873628314
11,127,112243376
11,128,1055681022
11,129,4229498596
11,130,107011906
11,131,2986243704
11,132,989555558
11,133,3629481580
11,134,587829098
11,135,863630272
11,136,36242510
11,137,3865723764
11,138,3337878290
11,139,3304632968
11,140,492526774
11,141,3552747004
11,142,1941899834
11,143,557693648
11,144,1414798494
11,145,1554732548
11,146,2347312354
11,147,1564578968
11,148,3533204486
11,149,2371531660
11,150,3933745930
11,151,1123698656
11,152,1272509166
11,153,3631775380
11,154,1579261106
11,155,899898536
11,156,3352942934
11,157,3408264988
11,158,1878149594
11,159,663083760
11,160,1037748030
11,161,2793798948
11,162,1568055938
11,163,2839562936
11,164,2810111142
11,165,2797912236
11,166,2925694634
11,167,2593043456
11,168,3006585230
11,169,1067454900
11,170,1304000082
11,171,2224201416
11,172,3189689846
11,173,376387644
11,174,2390114682
11,175,630919952
11,176,1031432670
11,177,27982916
11,178,62085154
11,179,913086680
11,180,1065932102
11,181,3589645772
11,182,2488443466
11,183,4043913248
11,184,737589294
11,185,1218641108
11,186,2988804082
11,187,1626896616
11,188,1808022166
11,189,2948614492
11,190,479523098
11,191,84894512
11,192,548209790
11,193,3885781860
11,194,382289346
11,195,3401088760
11,196,2484092390
11,197,634348268
11,198,2035445226
11,199,3938178112
11,200,2237173454
11,201,29573108
11,202,2270155154
11,203,2944854792
11,204,4293140278
11,205,2059088508
11,206,4011350202
11,207,2901723984
11,208,3765212958
11,209,1130103428
11,210,3730991970
11,211,1905655064
11,212,2985238150
11,213,448002060
11,214,2448159114
11,215,964200544
11,216,169106798
11,217,2059590420
11,218,1218597682
11,219,2859463976
11,220,219708374
11,221,1686238108
11,222,38434906
11,223,568150896
11,224,1093870014
11,225,2439776676
11,226,4054370562
11,227,2616660792
11,228,1501525798
11,229,3531957548
11,230,170470698
11,231,3163640960
11,232,543433742
11,233,3840134708
11,234,2433158354
11,235,23435080
11,236,695947382
11,237,2209778876
11,238,435507194
11,239,2782585744
11,240,1929028702
11,241,4291717316
11,242,3611713186
11,243,1078837592
11,244,2660976582
11,245,614836812
11,246,2777948362
11,247,2698524832
11,248,3925992110
11,249,3001555284
11,250,3135766130
11,251,4187607400
11,252,2393283862
11,253,947584476
11,254,1633869722
11,255,3632239536
11,256,2973572862
11,257,2382700516
11,258,2774871106
11,259,4203480952
11,260,2291961958
11,261,3254175596
11,262,1597426794
11,263,2157917376
11,264,3827800398
11,265,3104947316
11,266,2150574098
11,267,2378081160
11,268,3115606454
11,269,1282492156
11,270,190654266
11,271,3604831184
11,272,3807678878
11,273,756166404
11,274,2712613346
11,275,740550040
11,276,2992460038
11,277,1423621260
11,278,161165322
11,279,2209892576
11,280,2274314222
11,281,1294120852
11,282,2588314034
11,283,2382761384
11,284,188653142
11,285,314271772
11,286,4063110874
11,287,1535523824
11,288,983235646
11,289,3749156388
11,290,3780013954
11,291,470244280
11,292,3929508262
11,293,2704509356
11,294,4006300586
11,295,2138404096
11,296,3899846286
11,297,1717373620
11,298,1645749074
11,299,3223457736
11,300,1734300406
11,301,2281398588
11,302,933224058
11,303,3733730320
11,304,3593101022
11,305,3644282180
11,306,3907839266
11,307,380135896
11,308,3523557958
11,309,2757963468
11,310,1884364618
11,311,380156192
11,312,1452051758
11,313,3179460052
11,314,1879962866
11,315,4282690024
11,316,3585114006
11,317,1918055004
11,318,3841740314
11,319,3045147696
11,320,1595718014
11,321,2681433188
11,322,1286902466
11,323,2381910008
11,324,2132828902
11,325,3041635308
11,326,2805377770
11,327,3651409216
11,328,4246086606
11,329,3973429492
11,330,1007812242
11,331,1545591816
11,332,558638134
11,333,2170870652
11,334,2332915130
11,335,863464528
11,336,2859207710
11,337,709745540
11,338,1347385442
11,339,963333656
11,340,442696582
11,341,2756641036
11,342,67497610
11,343,1715046752
11,344,2194256494
11,345,2417497108
11,346,3180216370
11,347,1021683240
11,348,2026651862
11,349,1850891420
11,350,3793573210
11,351,3372264560
11,352,1485985470
11,353,19440292
11,354,2263324162
11,355,904995896
11,356,2150046758
11,357,3679399468
11,358,4006144554
11,359,2277184896
11,360,2850109710
11,361,1686882100
11,362,191674834
11,363,2101872712
11,364,239785334
11,365,465417660
11,366,1777724666
11,367,607061136
11,368,1971951966
11,369,1583727044
11,370,1931930530
11,371,637309528
11,372,3762728134
11,373,2108568396
11,374,1728683466
11,375,1459272096
11,376,4028020654
11,377,1760744020
11,378,4229393266
11,379,2390295144
11,380,3076645398
11,381,3049842396
11,382,165756058
11,383,1351906480
11,384,416011262
11,385,1300707556
11,386,657946946
11,387,1367316600
11,388,1578874214
11,389,2286817388
11,390,2748451178
11,391,1514829248
11,392,782511694
11,393,4254020980
11,394,3312997650
11,395,2536150152
11,396,2368431798
11,397,3524653052
11,398,2963883066
11,399,3611491536
11,400,89327262
11,401,3415148548
11,402,3838000866
11,403,3320592024
11,404,2961192454
11,405,4052796812
11,406,3014405386
11,407,2776386016
11,408,977509614
11,409,69398676
11,410,2633594546
11,411,2475605672
11,412,2353095510
11,413,2412171548
11,414,4103603162
11,415,3737951472
11,416,1234776382
11,417,3875483428
11,418,3170122882
11,419,1983147192
11,420,3251515046
11,421,3378008748
11,422,480381098
11,423,4192351744
11,424,2200896398
11,425,4293919668
11,426,1468321874
11,427,1968668872
11,428,884856822
11,429,3078457916
11,430,3010952058
11,431,1262703888
11,432,3751302110
11,433,3755585092
11,434,812937762
11,435,1523202776
11,436,1340055366
11,437,1493612492
11,438,2084412490
11,439,3863886368
11,440,3038798382
11,441,901279444
11,442,159670770
11,443,1136057064
11,444,708494486
11,445,3680246620
11,446,2995890970
11,447,3728287024
11,448,1288334974
11,449,1201702244
11,450,3480084418
11,451,2443157752
11,452,2349762534
11,453,1132328172
11,454,663283690
11,455,3876738624
11,456,1464973518
11,457,3418239476
11,458,2799840146
11,459,996068616
11,460,3553765686
11,461,1996784764
11,462,1051759290
11,463,1455426896
11,464,1110016286
11,465,559264900
11,466,3649733986
11,467,2116460312
11,468,3140806790
11,469,2770340364
11,470,3406687114
11,471,2248182368
11,472,1820133230
11,473,3921890580
11,474,2735222066
11,475,4001453864
11,476,4229826006
11,477,261670300
11,478,3424531034
11,479,2439646576
11,480,1009748926
11,481,24853412
11,482,3723780866
11,483,3914413368
11,484,3584868646
11,485,869201708
11,486,181839658
11,487,2053822080
11,488,316427790
11,489,3641294900
11,490,2430625490
11,491,1691384136
11,492,1899518582
11,493,1404755644
11,494,2527365626
11,495,2823366032
11,496,584486494
11,497,773003972
11,498,1532328098
11,499,563176280
11,500,659558854
11,501,1592573004
11,502,577575626
11,503,3374529184
11,504,606702766
11,505,609454932
11,506,3268728946
11,507,998126440
11,508,2763728662
11,509,999083996
11,510,1099798938
11,511,317674928
11,512,3919087870
11,513,3198112228
11,514,1607976514
11,515,450439544
11,516,4017674854
11,517,1868257644
11,518,2228962922
11,519,3833312960
11,520,3583951694
11,521,3085086324
11,522,3939467794
11,523,3309077896
11,524,1270901686
11,525,682662140
11,526,2007195962
11,527,3329138128
11,528,795835294
11,529,3156336900
11,530,690310114
11,531,2392491928
11,532,16849670
11,533,2809974412
11,534,2091592202
11,535,3427158752
11,536,1475736046
11,537,24717716
11,538,3124388786
11,539,708669352
11,540,4276234326
11,541,105396764
11,542,2335170778
11,543,1431895536
11,544,3738527294
11,545,1092405284
11,546,3295152514
11,547,466058680
11,548,1648546726
11,549,1664293804
11,550,3420898730
11,551,768931584
11,552,2003376270
11,553,274267316
11,554,2181004626
11,555,2285040072
11,556,3661257974
11,557,1760932668
11,558,368908410
11,559,264271376
11,560,3452192990
11,561,2576484164
11,562,2924085026
11,563,1725041624
11,564,3977774150
11,565,937443532
11,566,1276647754
11,567,2214181664
11,568,1001535278
11,569,3041142740
11,570,3532181234
11,571,307170280
11,572,493029782
11,573,2933589084
11,574,2572486682
11,575,590808624
11,576,1572217726
11,577,1661181540
11,578,1928670402
11,579,967586296
11,580,4007308518
11,581,342244844
11,582,2387158250
11,583,923178816
11,584,2282442190
11,585,2726079220
11,586,465590418
11,587,826523144
11,588,3413519926
11,589,530197884
11,590,503427002
11,591,3134107216
11,592,463795742
11,593,2893254020
11,594,1309905506
11,595,2747789336
11,596,3362049414
11,597,1629950732
11,598,2063853706
11,599,3167587168
11,600,3140377710
11,601,2344912404
11,602,1292900914
11,603,2739079208
11,604,1259195094
11,605,206909084
11,606,3561819994
11,607,521760368
11,608,1611317438
11,609,375641252
11,610,3402575874
11,611,437732920
11,612,2383439398
11,613,537182252
11,614,4065485866
11,615,3097532288
11,616,1330995982
11,617,1180547380
11,618,1969361874
11,619,2617174600
11,620,105111414
11,621,4021159868
11,622,3019974394
11,623,3593029264
11,624,4007756638
11,625,4074140612
11,626,1674708386
11,627,2534159448
11,628,2813818566
11,629,207701324
11,630,1807652810
11,631,458341280
11,632,2050646446
11,633,3909764180
11,634,1663059314
11,635,3836306536
11,636,179465238
11,637,2378610908
11,638,476575386
11,639,3281008304
11,640,2544057854
11,641,1699572452
11,642,591795010
11,643,3130571384
11,644,1890844518
11,645,3139347052
11,646,2521989994
11,647,1127413696
11,648,3440859214
11,649,3960219508
11,650,1144303378
11,651,4227102344
11,652,2842914998
11,653,339821052
11,654,1951104570
11,655,1214267088
11,656,3578392734
11,657,2194323972
11,658,1121278178
11,659,3928938648
11,660,3621781510
11,661,3130972044
11,662,4170721034
11,663,471223264
11,664,3567666926
11,665,1227186836
11,666,1175015602
11,667,907157672
11,668,388033878
11,669,977249052
11,670,3388325338
11,671,1663786736
11,672,1850710846
11,673,1909481764
11,674,3416905346
11,675,1891667640
11,676,4287985830
11,677,2999182508
11,678,2425979562
11,679,1062057984
11,680,3105959310
11,681,2610427316
11,682,898116178
11,683,3702809288
11,684,198500854
11,685,1617157180
11,686,1932572026
11,687,3489896208
11,688,346963422
11,689,2321571908
11,690,913148962
11,691,2663374040
11,692,3719194950
11,693,2230307276
11,694,1944098378
11,695,329989152
11,696,3728870446
11,697,1076224212
11,698,521878514
11,699,1326267624
11,700,1663651478
11,701,2966416732
11,702,2907071770
11,703,679143216
11,704,98556030
11,705,1979496292
11,706,189430210
11,707,3927884536
11,708,3682914790
11,709,1812236012
11,710,1870094826
11,711,3984644160
11,712,2202198734
11,713,1964057588
11,714,4004283794
11,715,567193352
11,716,3157799734
11,717,1059444348
11,718,1023462586
11,719,61034320
11,720,2866703134
11,721,1336370820
11,722,2179637090
11,723,240075032
11,724,1978839686
11,725,476322828
11,726,2816992650
11,727,782273632
11,728,1658696046
11,729,2048638740
11,730,262539058
11,731,1059764520
11,732,429625302
11,733,679974812
11,734,246017114
11,735,370069360
11,736,941880766
11,737,3286396324
11,738,561511682
11,739,742610744
11,740,3713141542
11,741,3824191788
11,742,960241962
11,743,1717328000
11,744,1397520398
11,745,2961682996
11,746,217170130
11,747,114514760
11,748,2171430006
11,749,3013030076
11,750,3591095290
11,751,1372546960
11,752,1303017566
11,753,816827588
11,754,1620873890
11,755,3933013336
11,756,2507987910
11,757,3389771340
11,758,3606975690
11,759,1904622752
11,760,3863557806
11,761,3138846036
11,762,821670514
11,763,1845138792
11,764,2638721302
11,765,1886822876
11,766,2926597018
11,767,108468144
11,768,2532045566
11,769,3314648036
11,770,1166172226
11,771,2495499128
11,772,365765734
11,773,2945969004
11,774,1815593066
11,775,2591045824
11,776,151907662
11,777,2651562100
11,778,631757842
11,779,525494152
11,780,1514436022
11,781,1489496828
11,782,3131153210
11,783,18341840
11,784,1793222046
11,785,2743702276
11,786,97740258
11,787,1017719192
11,788,1763501318
11,789,1861673100
11,790,3144885258
11,791,3102493920
11,792,2757008366
11,793,3743914900
11,794,2489728434
11,795,2601308584
11,796,2298327638
11,797,4021095452
11,798,3303643866
11,799,2890121200
11,800,1812451390
11,801,4246338084
11,802,2797183874
11,803,3642728376
11,804,3452312998
11,805,4228558252
11,806,4273618858
11,807,1380743424
11,808,1012351630
11,809,2779573940
11,810,3323909970
11,811,1457247176
11,812,2106418934
11,813,1640498492
11,814,3742519930
11,815,806139920
11,816,676737758
11,817,910473540
11,818,2631866658
11,819,1720954328
11,820,1436732998
11,821,2218087116
11,822,2274825034
11,823,3110255904
11,824,2429542702
11,825,3663567316
11,826,1127983346
11,827,3723587048
11,828,2945291158
11,829,2772096604
11,830,40223258
11,831,2449786928
11,832,3108474238
11,833,76271716
11,834,1819133634
11,835,116872184
11,836,2248996582
11,837,2388185068
11,838,1595121386
11,839,780212544
11,840,1022916558
11,841,1199283444
11,842,1940304530
11,843,4043284488
11,844,1511536694
11,845,2577891196
11,846,2947410362
11,847,3577606224
11,848,1674960926
11,849,2398175108
11,850,1225763938
11,851,566006296
11,852,4158560134
11,853,450307340
11,854,3854164618
11,855,4286156128
11,856,1468728942
11,857,3100178452
11,858,1053422642
11,859,2788715048
11,860,466048214
11,861,674234524
11,862,2402601306
11,863,441069680
11,864,947595966
11,865,2381776548
11,866,3052325378
11,867,2211801144
11,868,4151423014
11,869,3281146412
11,870,1939070506
11,871,2812156288
11,872,314674446
11,873,461876020
11,874,2878303698
11,875,2303577160
11,876,2528438646
11,877,1668700604
11,878,281305338
11,879,3208349840
11,880,3006360926
11,881,1805592004
11,882,632627106
11,883,2142492248
11,884,614482118
11,885,3689699148
11,886,4163604938
11,887,4022386080
11,888,1549142958
11,889,2658776660
11,890,2153848690
11,891,3144795752
11,892,276493846
11,893,2812054236
11,894,195473562
11,895,2141452464
11,896,1534240766
11,897,1667996900
11,898,2592910658
11,899,222944376
11,900,314853734
11,901,2428974188
11,902,2592800106
11,903,238254528
11,904,2105705038
11,905,3521190260
11,906,3811117330
11,907,324425864
11,908,305363638
11,909,3125056508
11,910,1587918906
11,911,2492825808
11,912,1681447582
11,913,2724097028
11,914,1176466146
11,915,3926489752
11,916,3904358918
11,917,142928268
11,918,1497112842
11,919,3335015904
11,920,3137401070
11,921,3347043476
11,922,4182846130
11,923,1026392744
11,924,142112598
11,925,3935335708
11,926,2416670682
11,927,3567395056
11,928,1274938686
11,929,1727632164
11,930,697790594
11,931,3101995192
11,932,13943462
11,933,2198304428
11,934,2856909994
11,935,2328967680
11,936,4111161230
11,937,848816052
11,938,2277737554
11,939,3668526280
11,940,3814976502
11,941,824323644
11,942,1839329146
11,943,3554400528
11,944,2092705758
11,945,557781572
11,946,3047073314
11,947,575504088
11,948,2297770822
11,949,2041633740
11,950,456888394
11,951,2569027104
11,952,1197192750
11,953,2280346324
11,954,2464814578
11,955,2734399208
11,956,3062880406
11,957,1343995740
11,958,2897420058
11,959,64268592
11,960,3958194814
11,961,2461067620
11,962,1784615874
11,963,4097172728
11,964,577969126
11,965,3210942700
11,966,4045265898
11,967,503798336
11,968,2838236366
11,969,498865652
11,970,4272873362
11,971,2195099912
11,972,1494629686
11,973,4078905468
11,974,2315847354
11,975,3550384464
11,976,3129693470
11,977,3998292100
11,978,2005055842
11,979,1108337432
11,980,2183691398
11,981,2692754956
11,982,3363430282
11,983,1398312544
11,984,2369149806
11,985,1271673108
11,986,779870514
11,987,3161201448
11,988,93395414
11,989,3478022556
11,990,1777182298
11,991,3486224752
11,992,3574620094
11,993,4171341732
11,994,1546884866
11,995,2228058424
11,996,275731750
11,997,48896812
11,998,895064874
11,999,2691029632
12,0,2176098830
12,1,2338169908
12,2,2772114130
12,3,124665160
12,4,4196036214
12,5,3276505788
12,6,2016083450
12,7,3261966736
12,8,2474009182
12,9,665091780
12,10,2266737826
12,11,3135285080
12,12,2300683718
12,13,2248335436
12,14,1665601226
12,15,3120643744
12,16,3496009902
12,17,2536664916
12,18,2773912690
12,19,2970548072
12,20,407649046
12,21,4147672028
12,22,1208683930
12,23,3541490096
12,24,1496800510
12,25,3269178852
12,26,4133812802
12,27,2285596024
12,28,2610523750
12,29,2729213292
12,30,3041671786
12,31,3262954176
12,32,510990158
12,33,2341245556
12,34,3501733394
12,35,3154135432
12,36,2235596726
12,37,4239867132
12,38,1951913274
12,39,2799247824
12,40,894259102
12,41,55133444
12,42,3619258338
12,43,1448070040
12,44,2326834950
12,45,3410555532
12,46,1710431754
12,47,1772768992
12,48,212551150
12,49,103681428
12,50,3368687538
12,51,7615400
12,52,1234254934
12,53,4008304156
12,54,1062950106
12,55,2152104432
12,56,2184329790
12,57,862923812
12,58,675495298
12,59,1947189688
12,60,3435227046
12,61,2344239020
12,62,658880938
12,63,215743232
12,64,3611126926
12,65,1180229812
12,66,3463852370
12,67,1276949960
12,68,4049105142
12,69,2456966972
12,70,853511290
12,71,1601239568
12,72,2246057182
12,73,3478088516
12,74,1420571426
12,75,904744920
12,76,2879756358
12,77,2841797836
12,78,3268283722
12,79,3605249824
12,80,4125461294
12,81,1288637396
12,82,1646691058
12,83,2183909352
12,84,741350806
12,85,1970448476
12,86,3224271898
12,87,569018928
12,88,298907518
12,89,2758541924
12,90,3642646722
12,91,366638584
12,92,3837214950
12,93,1126392300
12,94,3113621738
12,95,3759381312
12,96,3151864270
12,97,4224880372
12,98,3821341842
12,99,3142812168
12,100,1832010294
12,101,260886908
12,102,3759285178
12,103,2730832464
12,104,587123230
12,105,4056347012
12,106,3779315298
12,107,3544790040
12,108,1221616006
12,109,4049549068
12,110,3827817610
12,111,1312657248
12,112,4158632046
12,113,925198868
12,114,851168818
12,115,1707461672
12,116,2331565782
12,117,3789738652
12,118,3000271706
12,119,3667063408
12,120,2179175614
12,121,2279749796
12,122,3896927234
12,123,2469104184
12,124,1548417574
12,125,3858228268
12,126,311253034
12,127,1957927808
12,128,2485499662
12,129,67738932
12,130,1307887570
12,131,1697951304
12,132,1604186998
12,133,2534845372
12,134,541039354
12,135,4284861072
12,136,1652119390
12,137,3904886724
12,138,1490041250
12,139,4294146136
12,140,4144040646
12,141,206530892
12,142,2890959818
12,143,4098342816
12,144,912897454
12,145,2839619668
12,146,4091148658
12,147,852633704
12,148,1757118486
12,149,592075996
12,150,2006805146
12,151,2765077168
12,152,70914558
12,153,1742851812
12,154,755713858
12,155,1771241080
12,156,3830223718
12,157,692569708
12,158,1350268778
12,159,3679189952
12,160,3756371022
12,161,3473804148
12,162,1112892178
12,163,4249893512
12,164,1735099574
12,165,3827295740
12,166,263713338
12,167,3689071312
12,168,1377813662
12,169,1246371332
12,170,2392952034
12,171,3850116248
12,172,2198311942
12,173,4215470988
12,174,1972902666
12,175,3314700256
12,176,2371066606
12,177,2670872212
12,178,1456538802
12,179,3370181800
12,180,4718934
12,181,3233367836
12,182,3872993754
12,183,1395712752
12,184,2191814462
12,185,3866805540
12,186,1992100482
12,187,1856033464
12,188,1703677094
12,189,1512245420
12,190,162559658
12,191,4234984448
12,192,3605889422
12,193,3840924084
12,194,3996573266
12,195,2402690760
12,196,1533736438
12,197,1236828220
12,198,1120610682
12,199,1993087760
12,200,3082949086
12,201,3296052292
12,202,1309130786
12,203,91431128
12,204,4055104838
12,205,1464462796
12,206,307137098
12,207,2527936544
12,208,2423087150
12,209,755549396
12,210,82898930
12,211,1602355432
12,212,3295568534
12,213,3644821852
12,214,1356323098
12,215,2420534064
12,216,2666703998
12,217,3183287140
12,218,2360061378
12,219,3487893240
12,220,14247398
12,221,1570351852
12,222,1283216874
12,223,2561006656
12,224,1762473678
12,225,3854501876
12,226,1994996114
12,227,2121691912
12,228,1248610102
12,229,3002104444
12,230,3318300858
12,231,3870413648
12,232,288374558
12,233,491965060
12,234,1515377506
12,235,963151128
12,236,2144749190
12,237,1366573068
12,238,3435387274
12,239,338202720
12,240,2340881774
12,241,2127864596
12,242,2676603698
12,243,2252700968
12,244,1610523606
12,245,602749852
12,246,2112446554
12,247,3735049072
12,248,3002386878
12,249,3216560548
12,250,774320386
12,251,317692728
12,252,251961126
12,253,2965089580
12,254,2670662954
12,255,1216830592
12,256,1041550350
12,257,2307626548
12,258,4189877458
12,259,2258706248
12,260,2067757174
12,261,2732053692
12,262,486684666
12,263,438561680
12,264,2486848606
12,265,854667460
12,266,1859307170
12,267,3001829720
12,268,2722000838
12,269,3000103500
12,270,1732774090
12,271,3264495776
12,272,2188413614
12,273,3634749780
12,274,3219875442
12,275,616257896
12,276,3049833750
12,277,4023535068
12,278,2925381530
12,279,2563677104
12,280,3497707262
12,281,3598575588
12,282,310350914
12,283,357601144
12,284,551401574
12,285,1754861420
12,286,1619050
12,287,2090941632
12,288,3050586446
12,289,2691007604
12,290,2348847122
12,291,3141938056
12,292,1823771062
12,293,880709372
12,294,1153830714
12,295,3618792400
12,296,783301022
12,297,4217435908
12,298,1054317026
12,299,4220415384
12,300,96237830
12,301,3698525324
12,302,472586250
12,303,4269822176
12,304,821686254
12,305,2525790100
12,306,4150653362
12,307,2054395304
12,308,3768370774
12,309,603893788
12,310,2592411354
12,311,4049683440
12,312,3243549758
12,313,68967972
12,314,3909408642
12,315,211280824
12,316,4281643430
12,317,843174316
12,318,3850974122
12,319,2105769216
12,320,3894122126
12,321,308073140
12,322,990219090
12,323,2281019336
12,324,3583736566
12,325,452241724
12,326,2976171642
12,327,3186441232
12,328,2254571230
12,329,2226265412
12,330,1974553890
12,331,4108251608
12,332,2401264198
12,333,3345446604
12,334,2646411082
12,335,4236034336
12,336,183711022
12,337,748191188
12,338,3477691634
12,339,519975400
12,340,860530582
12,341,1065515612
12,342,1924085274
12,343,4075310128
12,344,122839422
12,345,1654928484
12,346,1493629634
12,347,2253756408
12,348,2866383590
12,349,1388704748
12,350,1037079274
12,351,1807621440
12,352,2763705294
12,353,3749806324
12,354,203122322
12,355,2956944392
12,356,2764327990
12,357,2705990524
12,358,1328438714
12,359,1130656848
12,360,4179604510
12,361,4109673348
12,362,3064979554
12,363,3631076888
12,364,1530538886
12,365,79644940
12,366,374199946
12,367,3373896032
12,368,1009539694
12,369,651811860
12,370,3370494002
12,371,32189992
12,372,950167766
12,373,1500357788
12,374,3744218458
12,375,2146677872
12,376,3695443646
12,377,606431908
12,378,30801410
12,379,1746512952
12,380,1553744934
12,381,2805298732
12,382,1866388010
12,383,1071717760
12,384,1937891598
12,385,535007028
12,386,4237435346
12,387,1337167944
12,388,16711030
12,389,2861497788
12,390,2188563706
12,391,3064466576
12,392,2629386590
12,393,2318961092
12,394,2636338082
12,395,936057432
12,396,3201946822
12,397,3179969356
12,398,674072010
12,399,1223082400
12,400,2826264494
12,401,694196820
12,402,1569379186
12,403,1791658600
12,404,3010726422
12,405,550514396
12,406,4990106
12,407,1393786032
12,408,838433790
12,409,2461008100
12,410,2059526466
12,411,4017365112
12,412,2236407142
12,413,2761971820
12,414,1478750570
12,415,3397156288
12,416,2487277134
12,417,59964788
12,418,28949778
12,419,3655474312
12,420,1226542774
12,421,2983409660
12,422,662842426
12,423,1044907216
12,424,1056878238
12,425,2592985092
12,426,3160123106
12,427,4236689048
12,428,1187995142
12,429,3000569228
12,430,3987477770
12,431,947147232
12,432,3953018094
12,433,4030511252
12,434,4270382770
12,435,4180428456
12,436,2660207446
12,437,3703183644
12,438,1851714522
12,439,4275545328
12,440,2990725438
12,441,273938212
12,442,1394254978
12,443,2985620664
12,444,3451606694
12,445,1477876396
12,446,1322250410
12,447,3022011904
12,448,4274498446
12,449,3533687732
12,450,149043282
12,451,442173640
12,452,334102518
12,453,3391541820
12,454,2460771194
12,455,3637796112
12,456,1707080670
12,457,2483320388
12,458,2678643234
12,459,1748026072
12,460,3085616966
12,461,1035665356
12,462,4179199050
12,463,743588384
12,464,1500973614
12,465,1333671636
12,466,355453426
12,467,2761974504
12,468,751103126
12,469,1815831388
12,470,968135450
12,471,3989843248
12,472,3203405438
12,473,388058468
12,474,305153986
12,475,2636916984
12,476,381136870
12,477,1722301676
12,478,563269610
12,479,2103205440
12,480,1659265230
12,481,3977902580
12,482,4149973906
12,483,883840264
12,484,809128246
12,485,2660879484
12,486,2420210362
12,487,1557992784
12,488,1322068254
12,489,4239162500
12,490,3394956642
12,491,341387032
12,492,251400326
12,493,1329615372
12,494,1422250890
12,495,2433782368
12,496,4258246510
12,497,859116820
12,498,47158578
12,499,3166101288
12,500,3370397142
12,501,1180962204
12,502,3936164442
12,503,1653413232
12,504,1909535678
12,505,958923684
12,506,928172802
12,507,4138319160
12,508,2031216934
12,509,224739116
12,510,381456170
12,511,2126569088
12,512,678229518
12,513,3406923828
12,514,2859847378
12,515,2758541640
12,516,2765914742
12,517,1916544700
12,518,1687253498
12,519,2029137296
12,520,4025890398
12,521,1922425540
12,522,3082936482
12,523,4069518168
12,524,2161326534
12,525,1886979148
12,526,2197881546
12,527,2873049760
12,528,2625123502
12,529,2675004244
12,530,548946034
12,531,3909073768
12,532,364728086
12,533,2051282908
12,534,2171109786
12,535,2006867376
12,536,2629185790
12,537,544741860
12,538,970075714
12,539,1543352696
12,540,1167721062
12,541,559784300
12,542,3969724010
12,543,3906846400
12,544,1865116494
12,545,4237719156
12,546,4152420882
12,547,1025772936
12,548,2963313590
12,549,538829052
12,550,3421260090
12,551,3013846480
12,552,4144702366
12,553,2882578692
12,554,3677205474
12,555,1281691544
12,556,2051031814
12,557,3262453388
12,558,2115703306
12,559,2540589792
12,560,2973800942
12,561,2957177236
12,562,3225013170
12,563,688584616
12,564,3995095126
12,565,2934669852
12,566,1986447578
12,567,529794544
12,568,3379498558
12,569,2401341476
12,570,2298376578
12,571,3266839992
12,572,85982118
12,573,262235052
12,574,3649351082
12,575,3292724992
12,576,250724494
12,577,699974836
12,578,2882331986
12,579,711358920
12,580,3394667766
12,581,458160956
12,582,4204920954
12,583,1803648528
12,584,3386634462
12,585,1986842436
12,586,2683201314
12,587,3278410712
12,588,2685611078
12,589,4265904332
12,590,3093561674
12,591,1244513056
12,592,1878581038
12,593,2579099604
12,594,715405042
12,595,3563623400
12,596,1692217750
12,597,594168924
12,598,3118985242
12,599,620629552
12,600,969657214
12,601,1597269604
12,602,2351404226
12,603,2020129272
12,604,2020857062
12,605,3711993324
12,606,2344815850
12,607,4051738432
12,608,2542794190
12,609,310932212
12,610,2359935122
12,611,4022552072
12,612,2697877046
12,613,1860138364
12,614,2634192826
12,615,3608917584
12,616,2251857438
12,617,3095025028
12,618,1767111266
12,619,1361737752
12,620,3474716038
12,621,1962367756
12,622,472633482
12,623,2416808800
12,624,3295741038
12,625,2816888340
12,626,2705818162
12,627,2594738216
12,628,3301176022
12,629,2932897436
12,630,3023828826
12,631,711751280
12,632,3885787326
12,633,2193661092
12,634,2728237058
12,635,580898360
12,636,2556792358
12,637,659228716
12,638,698895402
12,639,690397056
12,640,1356204814
12,641,2400551220
12,642,1466399698
12,643,1758097992
12,644,450365302
12,645,3185528764
12,646,3613265658
12,647,84037264
12,648,32582494
12,649,1879653316
12,650,2460904866
12,651,1195031640
12,652,472555206
12,653,261983564
12,654,197296074
12,655,228443040
12,656,1383664046
12,657,1054346324
12,658,1567862130
12,659,2203774056
12,660,2426704918
12,661,3224240348
12,662,1169350298
12,663,2859417264
12,664,2226185726
12,665,64369380
12,666,598768450
12,667,3203220088
12,668,2512725862
12,669,584116844
12,670,1367632746
12,671,4223991744
12,672,982777934
12,673,2406477684
12,674,3243644690
12,675,3373006472
12,676,1464047798
12,677,1130269180
12,678,1174693434
12,679,3687139024
12,680,3402995870
12,681,3005841924
12,682,1867366626
12,683,1328111768
12,684,3557763078
12,685,1330061196
12,686,1635258122
12,687,1064195040
12,688,1977675502
12,689,3667864212
12,690,2423830706
12,691,3994003624
12,692,2202998102
12,693,1586686748
12,694,3332154842
12,695,4153829104
12,696,2061058878
12,697,75835684
12,698,1588608642
12,699,2732660408
12,700,3647119526
12,701,2632068268
12,702,430402218
12,703,3521888256
12,704,211408270
12,705,463977908
12,706,2009436754
12,707,2618813128
12,708,2900429302
12,709,3530368060
12,710,4249197946
12,711,435461904
12,712,649455070
12,713,2951424068
12,714,1250030626
12,715,1787192536
12,716,2073661766
12,717,1292112332
12,718,1872526922
12,719,2047820832
12,720,1115206702
12,721,256616660
12,722,1671865330
12,723,2455160040
12,724,2408806038
12,725,688862556
12,726,122244378
12,727,1014099760
12,728,3957686398
12,729,3202187108
12,730,2599215554
12,731,2081114872
12,732,68024806
12,733,4203663084
12,734,274811370
12,735,3962232896
12,736,917998286
12,737,1405938676
12,738,537259410
12,739,3313383176
12,740,2860538678
12,741,3592101500
12,742,2305930426
12,743,1444960080
12,744,325194526
12,745,2891853444
12,746,1738213218
12,747,4074883352
12,748,3482966662
12,749,3118752780
12,750,8375690
12,751,3926955104
12,752,2215663982
12,753,2297267988
12,754,4165824306
12,755,2143306024
12,756,3762403286
12,757,1454563228
12,758,1342755930
12,759,2073155440
12,760,2980421054
12,761,2230269348
12,762,397829378
12,763,1341906744
12,764,4002886438
12,765,954650924
12,766,1006766378
12,767,1662148736
12,768,3770490894
12,769,1877965364
12,770,1466378450
12,771,2161042248
12,772,384928886
12,773,1366849724
12,774,4007177210
12,775,4275597200
12,776,1185554526
12,777,110269636
12,778,32045730
12,779,2580254040
12,780,3303015366
12,781,3740800588
12,782,1450310858
12,783,2483176608
12,784,3195526830
12,785,194299220
12,786,1740446322
12,787,500964712
12,788,3626621206
12,789,3062753756
12,790,1630223258
12,791,2407931824
12,792,1575590654
12,793,3234483172
12,794,207407170
12,795,2084754296
12,796,2848869478
12,797,3975820140
12,798,450472042
12,799,657604800
12,800,3933902158
12,801,3223283828
12,802,3006874642
12,803,1637478280
12,804,4043611574
12,805,3751097084
12,806,2848621370
12,807,1521280976
12,808,777915806
12,809,882400004
12,810,1287376354
12,811,1758704024
12,812,2285636870
12,813,2639210636
12,814,734202890
12,815,1416910048
12,816,763315182
12,817,1934713748
12,818,3276121522
12,819,742021544
12,820,303815254
12,821,2947568668
12,822,1929413338
12,823,719243248
12,824,981563454
12,825,4101947940
12,826,2821720962
12,827,3060803512
12,828,2122532262
12,829,1138292140
12,830,2738366378
12,831,18514176
12,832,3955223182
12,833,2892805812
12,834,3234611026
12,835,1399806920
12,836,1871286006
12,837,3011595580
12,838,2929146490
12,839,2284699664
12,840,4031634142
12,841,3296690500
12,842,1935900962
12,843,3247060440
12,844,2122184262
12,845,1845074636
12,846,2999122762
12,847,3757491488
12,848,3304491310
12,849,3023266260
12,850,339153138
12,851,3261789672
12,852,1625799574
12,853,1093279324
12,854,903391770
12,855,3626750000
12,856,1228748158
12,857,3122436196
12,858,310390466
12,859,202628088
12,860,3984989926
12,861,43194348
12,862,1131251434
12,863,2438668608
12,864,878518222
12,865,3035063540
12,866,91232914
12,867,2581538824
12,868,22044726
12,869,2555168636
12,870,1770967482
12,871,2112550992
12,872,1783203870
12,873,1549272964
12,874,2570064994
12,875,1568610840
12,876,1148567430
12,877,1644653836
12,878,2512505482
12,879,3273233760
12,880,816688750
12,881,3662331924
12,882,1541495858
12,883,1342042664
12,884,3479010518
12,885,34293916
12,886,3523457370
12,887,4194121840
12,888,1139593918
12,889,3283340964
12,890,1788686850
12,891,3804098616
12,892,2946947110
12,893,2251856428
12,894,3788097066
12,895,1350836608
12,896,3424793870
12,897,1906275124
12,898,4269069778
12,899,3497612360
12,900,1294537078
12,901,4043809212
12,902,3204532474
12,903,175411344
12,904,841028958
12,905,3123834308
12,906,3648096162
12,907,1312972376
12,908,2935187654
12,909,579379020
12,910,4144986570
12,911,1651295648
12,912,3564417966
12,913,161971796
12,914,2475984754
12,915,2625850984
12,916,2689408534
12,917,560190172
12,918,3889272986
12,919,3403874480
12,920,2623557630
12,921,3679741156
12,922,3352761666
12,923,4160644216
12,924,3048567142
12,925,3285810284
12,926,3701269866
12,927,2401599936
12,928,1927227982
12,929,2460279156
12,930,556429586
12,931,3939360904
12,932,837001910
12,933,3099712508
12,934,188653626
12,935,3562703056
12,936,2510586526
12,937,3021812740
12,938,1199037154
12,939,4251189912
12,940,3402035718
12,941,4035785100
12,942,1895565578
12,943,4202714592
12,944,3424360686
12,945,2119802004
12,946,2896204466
12,947,3347778216
12,948,1317445462
12,949,1715715356
12,950,2408734682
12,951,1567434992
12,952,2087169342
12,953,3809368868
12,954,964548738
12,955,1634023608
12,956,679602854
12,957,1216724652
12,958,171369642
12,959,1976517120
12,960,2690908046
12,961,3758600116
12,962,3672173650
12,963,879545544
12,964,3327136758
12,965,2190177852
12,966,580310906
12,967,1512890640
12,968,2594426846
12,969,942266948
12,970,4002614818
12,971,745801432
12,972,3703593798
12,973,2770674636
12,974,366442570
12,975,2682537504
12,976,3950140974
12,977,2356222676
12,978,2421521906
12,979,1218782952
12,980,2363097238
12,981,800786268
12,982,1503004442
12,983,2620109104
12,984,3318934142
12,985,3572609380
12,986,3336666050
12,987,2357357816
12,988,1759265766
12,989,961372396
12,990,3102196714
12,991,85025344
12,992,2223027406
12,993,970448372
12,994,2431141778
12,995,1357256968
12,996,1497261366
12,997,2037674108
12,998,1364848314
12,999,4068186448
13,0,4277075230
13,1,1281876100
13,2,3524469090
13,3,4110576408
13,4,1638900870
13,5,2975888908
13,6,1878116234
13,7,1059624544
13,8,3192456046
13,9,2684221716
13,10,537086258
13,11,4016153384
13,12,1175929302
13,13,1960423836
13,14,1311542874
13,15,1236179312
13,16,309462974
13,17,3272501156
13,18,1867644674
13,19,1055260984
13,20,261389606
13,21,1396728620
13,22,2935980842
13,23,360440448
13,24,117787150
13,25,2552589364
13,26,2693825234
13,27,1003078984
13,28,1904121462
13,29,1619839676
13,30,1540875770
13,31,3419845008
13,32,945162846
13,33,250037956
13,34,3980924066
13,35,3365875544
13,36,241487302
13,37,508504140
13,38,2174416586
13,39,2631747232
13,40,2289010862
13,41,1024472916
13,42,888796274
13,43,3813703528
13,44,2634965782
13,45,3299851228
13,46,3987076506
13,47,8774064
13,48,3021276414
13,49,3614735844
13,50,706699842
13,51,2518676856
13,52,3984234086
13,53,3949905260
13,54,718152298
13,55,1470022336
13,56,3351363406
13,57,184572532
13,58,1596562962
13,59,1218957704
13,60,3454052278
13,61,2464449788
13,62,2120269114
13,63,3972934096
13,64,1957230494
13,65,3048738052
13,66,864151522
13,67,1893356440
13,68,3484407558
13,69,2365667980
13,70,3307406858
13,71,1435653856
13,72,1169550830
13,73,4290237844
13,74,2693365682
13,75,2751577000
13,76,3968820310
13,77,1179461148
13,78,810695898
13,79,859933168
13,80,3029066302
13,81,1412690980
13,82,3868829058
13,83,130042296
13,84,190746534
13,85,4008216492
13,86,3802374570
13,87,1409942272
13,88,512103566
13,89,3128469684
13,90,436443474
13,91,588266952
13,92,1697945846
13,93,59481916
13,94,1833202810
13,95,871498256
13,96,2578957534
13,97,2397713220
13,98,2417007394
13,99,256104408
13,100,3395338310
13,101,914795724
13,102,752481610
13,103,3721905952
13,104,2850829102
13,105,2617562068
13,106,738323186
13,107,151345128
13,108,3345630614
13,109,3099717724
13,110,2256626714
13,111,745640496
13,112,3584466814
13,113,2472331876
13,114,2349910210
13,115,1633091064
13,116,2853202150
13,117,3804080620
13,118,80740586
13,119,1800250176
13,120,455231950
13,121,3869136628
13,122,376337554
13,123,3465742856
13,124,1716152886
13,125,1032984956
13,126,1423117242
13,127,1473395280
13,128,1163031070
13,129,9288068
13,130,3863228002
13,131,493599768
13,132,1531414918
13,133,3958341388
13,134,588235914
13,135,2185074528
13,136,551704686
13,137,3725013524
13,138,2561881650
13,139,1105941544
13,140,4168025814
13,141,1931352732
13,142,3632491354
13,143,245758576
13,144,2436185278
13,145,117375140
13,146,4191472642
13,147,3363050040
13,148,1113596454
13,149,3825085484
13,150,933445674
13,151,3589907328
13,152,2238078734
13,153,3884016948
13,154,2444898258
13,155,2797614664
13,156,938613622
13,157,1678242748
13,158,3646718714
13,159,3875459728
13,160,3444113246
13,161,2293407684
13,162,292331938
13,163,1826750552
13,164,389296838
13,165,374059340
13,166,2316596170
13,167,1733543840
13,168,3462946222
13,169,2848911444
13,170,2683134322
13,171,3594760296
13,172,2188224534
13,173,1685169372
13,174,2259178138
13,175,3564028592
13,176,419936766
13,177,959092452
13,178,120958786
13,179,3131541112
13,180,2233318246
13,181,2813988460
13,182,2574081898
13,183,2761819072
13,184,3710014542
13,185,758240116
13,186,3241593618
13,187,1596441224
13,188,2029759670
13,189,838675964
13,190,389077562
13,191,1208470224
13,192,1064004766
13,193,3177768452
13,194,3839489250
13,195,657892504
13,196,3405167622
13,197,3064677260
13,198,3157787402
13,199,2309642208
13,200,2387493614
13,201,4218162836
13,202,4076891314
13,203,2778623144
13,204,2687904086
13,205,332173084
13,206,1765808602
13,207,1348201200
13,208,1458444094
13,209,3421474084
13,210,2206429826
13,211,226581176
13,212,1528378534
13,213,2063683756
13,214,3229507242
13,215,3217736704
13,216,1512450446
13,217,1069523380
13,218,3526641234
13,219,56209096
13,220,3612150
13,221,4202809404
13,222,2728399226
13,223,3111985936
13,224,1636415966
13,225,1287687236
13,226,735848482
13,227,3455690968
13,228,2069833030
13,229,1713255884
13,230,2345300554
13,231,3184609312
13,232,4100196398
13,233,3874393300
13,234,993810418
13,235,3884681448
13,236,3298331286
13,237,2688473436
13,238,3499802906
13,239,754807600
13,240,3971503230
13,241,2036196196
13,242,906892738
13,243,4002516728
13,244,3844247014
13,245,1122235116
13,246,3139845610
13,247,3893355584
13,248,3963739854
13,249,3208302580
13,250,3926040978
13,251,4142267144
13,252,3698618166
13,253,2829435516
13,254,2281318586
13,255,1374608208
13,256,2977163038
13,257,4241068676
13,258,2848144226
13,259,985337112
13,260,1698524806
13,261,1437894668
13,262,1125892490
13,263,2958596192
13,264,1283042670
13,265,2556848916
13,266,435233586
13,267,731579688
13,268,2590297046
13,269,3235414940
13,270,2231912538
13,271,3974323056
13,272,875983294
13,273,327522724
13,274,3727005954
13,275,3815252792
13,276,2081015590
13,277,2087843116
13,278,263519530
13,279,3053282432
13,280,994407438
13,281,1672699444
13,282,636607698
13,283,4116490056
13,284,1417912438
13,285,3212385468
13,286,1267671034
13,287,4293718928
13,288,1694102622
13,289,2878601412
13,290,434056866
13,291,2668286296
13,292,4251031494
13,293,1316895308
13,294,2759585994
13,295,3855632544
13,296,2589930158
13,297,1407428948
13,298,678350450
13,299,1499259240
13,300,74116374
13,301,3299446236
13,302,3336089498
13,303,3936199600
13,304,1060663038
13,305,2222370788
13,306,857340994
13,307,3381991288
13,308,2963202150
13,309,1018910572
13,310,3162152042
13,311,2586002624
13,312,2801854798
13,313,4248390772
13,314,2605840402
13,315,307082120
13,316,3878990262
13,317,1510725372
13,318,3920557882
13,319,2315742160
13,320,1777066398
13,321,1328529156
13,322,796918242
13,323,2222519704
13,324,4036731142
13,325,2978696332
13,326,3929735178
13,327,3133692128
13,328,2581895150
13,329,1970685844
13,330,4161100210
13,331,2959154600
13,332,494595670
13,333,2462185500
13,334,1314649818
13,335,1488735216
13,336,3616427070
13,337,3460376100
13,338,3829088130
13,339,3601361848
13,340,1269946790
13,341,818944428
13,342,935795626
13,343,3708912896
13,344,1195654798
13,345,1943837364
13,346,1467151186
13,347,3108577224
13,348,1264034550
13,349,728625468
13,350,3601444474
13,351,2395882512
13,352,1712959198
13,353,4121748804
13,354,2515907874
13,355,3432348120
13,356,599493190
13,357,2011938508
13,358,3332960074
13,359,1674627360
13,360,3201948974
13,361,1898857940
13,362,302302450
13,363,3359095272
13,364,946130838
13,365,2855387740
13,366,1273110042
13,367,1104106544
13,368,2131233150
13,369,183827556
13,370,2564383426
13,371,2553421816
13,372,1309848294
13,373,2646621164
13,374,1877637866
13,375,2673354048
13,376,3957289934
13,377,3350022388
13,378,1604636306
13,379,2917067784
13,380,1874621494
13,381,2125425532
13,382,4274996666
13,383,2228321360
13,384,3075693598
13,385,3306908548
13,386,4035987554
13,387,2968542744
13,388,3012645766
13,389,850366732
13,390,1679146634
13,391,3984169312
13,392,890176110
13,393,3541804052
13,394,4156362802
13,395,2423305768
13,396,3757609174
13,397,571010204
13,398,1740318042
13,399,2288434288
13,400,1869981374
13,401,1822569124
13,402,4031014402
13,403,4089590840
13,404,4036062246
13,405,1620819500
13,406,3409230378
13,407,3649512832
13,408,480413966
13,409,280713012
13,410,2973206994
13,411,194975816
13,412,2066949494
13,413,920667580
13,414,3329211642
13,415,3131118736
13,416,1936255326
13,417,4220211652
13,418,3667901346
13,419,3273237080
13,420,4109171910
13,421,182895436
13,422,1691446730
13,423,1012058528
13,424,3763603374
13,425,1062101588
13,426,578698098
13,427,1352405608
13,428,3607507478
13,429,2841081564
13,430,3258387610
13,431,3876750512
13,432,2594644990
13,433,1029228772
13,434,2177648962
13,435,652781688
13,436,2751333734
13,437,4000489580
13,438,670423402
13,439,1546552768
13,440,425557582
13,441,2132198772
13,442,1098589458
13,443,1176085640
13,444,3431708342
13,445,3473965052
13,446,165352506
13,447,1456278736
13,448,1747605150
13,449,4010579972
13,450,3883142882
13,451,3969992344
13,452,1956546054
13,453,3248575884
13,454,3811310858
13,455,216816096
13,456,1551428846
13,457,1909883028
13,458,60311218
13,459,2823409320
13,460,408793942
13,461,2267898140
13,462,4087731162
13,463,4032998640
13,464,2859237694
13,465,3743989540
13,466,3703639170
13,467,3342171320
13,468,287866534
13,469,1414849196
13,470,3699234986
13,471,3487450624
13,472,3655357326
13,473,1523553204
13,474,4257194066
13,475,685674696
13,476,4204144630
13,477,1515199036
13,478,492915578
13,479,1474651408
13,480,459776990
13,481,229588548
13,482,2724020770
13,483,1863797464
13,484,4151701318
13,485,2951694284
13,486,1903520842
13,487,4090907168
13,488,4249727534
13,489,1053032148
13,490,73085426
13,491,2399791848
13,492,3603895446
13,493,2593827676
13,494,207059738
13,495,250033456
13,496,9813630
13,497,3424785764
13,498,2289217474
13,499,3258495224
13,500,417388518
13,501,928154860
13,502,3072112618
13,503,3039192640
13,504,234555598
13,505,66437620
13,506,3411344274
13,507,3615350024
13,508,3559029046
13,509,2209289340
13,510,3444728506
13,511,2491030864
13,512,3404779806
13,513,3716367492
13,514,2393593186
13,515,3825970968
13,516,2051225734
13,517,3336608268
13,518,436059018
13,519,1570806368
13,520,3466745710
13,521,2452020500
13,522,2249653554
13,523,1416390440
13,524,2099926486
13,525,1521440156
13,526,2493252186
13,527,2234522992
13,528,3069369278
13,529,2522139556
13,530,70333186
13,531,1568818488
13,532,3556184358
13,533,3564865324
13,534,4263671594
13,535,1687611008
13,536,494771726
13,537,4070133812
13,538,2274047698
13,539,3448211784
13,540,1610656374
13,541,2386390716
13,542,1576950266
13,543,3139122576
13,544,1821761118
13,545,4237863620
13,546,665733282
13,547,1024357208
13,548,836133318
13,549,2407877708
13,550,1595206346
13,551,2396736160
13,552,2487671982
13,553,1880038228
13,554,3793463410
13,555,2684437352
13,556,2923394838
13,557,3598409692
13,558,2361616794
13,559,1842177456
13,560,2673072382
13,561,3889226212
13,562,3343685186
13,563,916601208
13,564,2470128230
13,565,14674284
13,566,1876891242
13,567,247449280
13,568,674763598
13,569,3066707572
13,570,129126930
13,571,3733689736
13,572,3707812790
13,573,1426794748
13,574,2343907642
13,575,1381543376
13,576,2921778078
13,577,553611524
13,578,3770031074
13,579,3283064728
13,580,2331994886
13,581,720199308
13,582,990575114
13,583,2752928480
13,584,3389735406
13,585,4102863252
13,586,1773745074
13,587,1901625256
13,588,1155430486
13,589,3037645340
13,590,1830662362
13,591,3142520304
13,592,1133033022
13,593,2191939620
13,594,1091885442
13,595,1126731192
13,596,3749520294
13,597,697281452
13,598,1117951402
13,599,3157329664
13,600,100296846
13,601,4170747060
13,602,421154130
13,603,907674056
13,604,3253906678
13,605,1260929852
13,606,2328291450
13,607,3099756048
13,608,4117993694
13,609,415733572
13,610,621989666
13,611,427760600
13,612,713970758
13,613,1378406604
13,614,540010826
13,615,2447493920
13,616,2747238190
13,617,1404024788
13,618,1715445490
13,619,537009128
13,620,1406622102
13,621,897160284
13,622,637196314
13,623,944051760
13,624,3848369022
13,625,1088761444
13,626,3638164674
13,627,3500491256
13,628,2039282918
13,629,1402654188
13,630,616363242
13,631,1299883840
13,632,1184144846
13,633,2014591732
13,634,2165516434
13,635,1472384520
13,636,3181805110
13,637,2074393980
13,638,126058426
13,639,619232848
13,640,1615611422
13,641,3389070724
13,642,1477730914
13,643,940376088
13,644,3981647238
13,645,1447535372
13,646,4174624906
13,647,617454432
13,648,221490286
13,649,3649574420
13,650,419359282
13,651,1536038952
13,652,637147862
13,653,785104540
13,654,531291994
13,655,2269085296
13,656,2125336766
13,657,345859236
13,658,3991666690
13,659,2225624632
13,660,1513797158
13,661,470896684
13,662,1014903850
13,663,2066524032
13,664,836154126
13,665,223168820
13,666,4243383250
13,667,521534024
13,668,3068931958
13,669,2307954620
13,670,641398522
13,671,2774226576
13,672,3296777054
13,673,851182532
13,674,3574257058
13,675,1894335576
13,676,3894265542
13,677,542758220
13,678,658925514
13,679,23710624
13,680,2855776686
13,681,3928347732
13,682,3141997938
13,683,730625128
13,684,1041677334
13,685,269830364
13,686,981321370
13,687,583943856
13,688,3242102270
13,689,132053732
13,690,3617252162
13,691,1556204152
13,692,2992000870
13,693,3087217260
13,694,674648938
13,695,3587639232
13,696,3348146254
13,697,2824058740
13,698,1106738962
13,699,3215165064
13,700,3432235190
13,701,2952516092
13,702,2201833018
13,703,548032208
13,704,2950774942
13,705,1762150916
13,706,4014352610
13,707,1839458456
13,708,1740525574
13,709,829384588
13,710,2245523210
13,711,2756074464
13,712,3600520942
13,713,26800788
13,714,2120753330
13,715,4019007656
13,716,1459436886
13,717,3764794140
13,718,3468922330
13,719,1568763632
13,720,383970110
13,721,1018818852
13,722,3845564034
13,723,2927730360
13,724,3937388710
13,725,4102059180
13,726,4264907434
13,727,3322529792
13,728,3214048654
13,729,1362593204
13,730,4253219410
13,731,3304813256
13,732,1433219574
13,733,3254152252
13,734,853181818
13,735,1432725264
13,736,1748864478
13,737,2599809092
13,738,4061551650
13,739,801959128
13,740,4043618630
13,741,2727893452
13,742,1725457994
13,743,1643334688
13,744,2788121646
13,745,3018944724
13,746,2343701490
13,747,1595952360
13,748,1669176982
13,749,1053719900
13,750,2899064090
13,751,1642657584
13,752,2708154494
13,753,3980281700
13,754,1578060226
13,755,662164216
13,756,2752979430
13,757,916002540
13,758,1288385002
13,759,2354374720
13,760,2309763790
13,761,671658996
13,762,3571406226
13,763,313376520
13,764,3762848566
13,765,714106492
13,766,3244465338
13,767,3659358032
13,768,3949312798
13,769,244643460
13,770,550203234
13,771,284447000
13,772,1086390918
13,773,618966028
13,774,2492970378
13,775,1728093280
13,776,3837985134
13,777,2906607380
13,778,74766130
13,779,2312489256
13,780,2389172182
13,781,1650337692
13,782,484949082
13,783,848617328
13,784,984040894
13,785,1803287972
13,786,2171915522
13,787,3442763576
13,788,3076283174
13,789,2069698860
13,790,440922410
13,791,1095264384
13,792,1303234574
13,793,1691828788
13,794,1700565202
13,795,3830082376
13,796,871740534
13,797,3973693628
13,798,858100730
13,799,492926864
13,800,4012492894
13,801,569728196
13,802,3065340578
13,803,3265926488
13,804,1271081926
13,805,23354956
13,806,1365632202
13,807,3086896288
13,808,371623598
13,809,2979171668
13,810,33587826
13,811,3611141480
13,812,982253846
13,813,438645212
13,814,3748012954
13,815,2853513136
13,816,1952924414
13,817,562238436
13,818,2260152386
13,819,4249312120
13,820,894399590
13,821,1474067308
13,822,3841691754
13,823,3581167808
13,824,3949411662
13,825,1471361140
13,826,1145744402
13,827,3445716872
13,828,1329907126
13,829,2749528828
13,830,74672954
13,831,1707208656
13,832,3780752798
13,833,1260856068
13,834,3877909986
13,835,1316895128
13,836,1054553350
13,837,422015116
13,838,1469248522
13,839,830233824
13,840,1982458862
13,841,2633706388
13,842,2510622130
13,843,115859880
13,844,45744726
13,845,3442711580
13,846,748120794
13,847,2063192048
13,848,2558206014
13,849,2439219748
13,850,2636542850
13,851,1832955832
13,852,1723887014
13,853,4180098476
13,854,2738229162
13,855,292063488
13,856,4205351566
13,857,1756135092
13,858,4277774162
13,859,3112362952
13,860,1761982198
13,861,2193265980
13,862,698098298
13,863,3519989776
13,864,3888480990
13,865,406473028
13,866,3714574626
13,867,369147352
13,868,2128158278
13,869,3846038220
13,870,3647923018
13,871,2282409248
13,872,4171051310
13,873,1669933524
13,874,3367139570
13,875,811892200
13,876,3116491670
13,877,2056873564
13,878,3033240090
13,879,802347056
13,880,2830294398
13,881,1429037156
13,882,3960641218
13,883,716203000
13,884,3430893286
13,885,609050604
13,886,3276238570
13,887,2511677760
13,888,3410085838
13,889,399715572
13,890,448365202
13,891,3963531272
13,892,4027090998
13,893,1416761212
13,894,250591674
13,895,1477967952
13,896,3762106398
13,897,792645508
13,898,3167779938
13,899,3535905304
13,900,2827806598
13,901,1991750924
13,902,2169090698
13,903,1211735392
13,904,1230001774
13,905,290228244
13,906,2625160242
13,907,3275979304
13,908,1785963734
13,909,3110506652
13,910,2689767770
13,911,724582512
13,912,1591638718
13,913,519083684
13,914,2462816770
13,915,2602989624
13,916,526123046
13,917,912187948
13,918,729787946
13,919,3672779136
13,920,1694686478
13,921,4248255284
13,922,349846994
13,923,19192904
13,924,2333948278
13,925,2082007484
13,926,2562601210
13,927,3341654160
13,928,1620098398
13,929,1313125828
13,930,2695753634
13,931,2521884248
13,932,2428932294
13,933,1990518604
13,934,1903387082
13,935,3600338336
13,936,3423820718
13,937,3394586196
13,938,172486514
13,939,2266289768
13,940,1470055958
13,941,3098221276
13,942,2407301274
13,943,2812414128
13,944,751695870
13,945,3099405540
13,946,2829155650
13,947,2083712120
13,948,1344706918
13,949,611042412
13,950,976145770
13,951,832014784
13,952,2277233230
13,953,3370690932
13,954,1655429394
13,955,3955583112
13,956,420727478
13,957,4106167292
13,958,592939066
13,959,3315568848
13,960,3062901406
13,961,1264319492
13,962,2622505698
13,963,3393096344
13,964,1146493446
13,965,638941580
13,966,1144779018
13,967,1874353632
13,968,2629189870
13,969,3400754324
13,970,57670322
13,971,2607321768
13,972,4229220182
13,973,1064764700
13,974,2593736666
13,975,3082301680
13,976,1011963198
13,977,77800228
13,978,1021591682
13,979,3815096504
13,980,2276397734
13,981,2072250028
13,982,3315911850
13,983,3259845120
13,984,2872878990
13,985,1123514292
13,986,1904104530
13,987,4155528392
13,988,2965126134
13,989,1366605372
13,990,2198585210
13,991,3523078416
13,992,3893065694
13,993,345285188
13,994,3137828386
13,995,807046872
13,996,134972230
13,997,1578724300
13,998,200499274
13,999,673730080
14,0,2399733294
14,1,1719067348
14,2,1900078578
14,3,2010033896
14,4,178530454
14,5,2899988316
14,6,1375268634
14,7,1174583600
14,8,1865978494
14,9,4239554916
14,10,1457775554
14,11,1045361912
14,12,650472422
14,13,1622649068
14,14,473017322
14,15,2375772736
14,16,4283784398
14,17,1265870324
14,18,2795614098
14,19,3363152136
14,20,2699463990
14,21,3175725180
14,22,69916346
14,23,1121493328
14,24,3000149278
14,25,2952702084
14,26,2328930
14,27,3782538008
14,28,1488374918
14,29,2411773452
14,30,1391046538
14,31,3967327840
14,32,786148206
14,33,162513172
14,34,889893170
14,35,3956747048
14,36,1847421398
14,37,4158978460
14,38,3186325082
14,39,353476976
14,40,1599319998
14,41,3002806180
14,42,4126172930
14,43,1384024376
14,44,3325666598
14,45,2434181932
14,46,69561130
14,47,1813113472
14,48,1809183246
14,49,3664589876
14,50,1600514770
14,51,1504005448
14,52,1885519478
14,53,4216197820
14,54,1795476986
14,55,1186970000
14,56,2360717918
14,57,1001000644
14,58,1727298722
14,59,1339930456
14,60,3945264582
14,61,3290132556
14,62,460250826
14,63,2168016544
14,64,3221106862
14,65,946732884
14,66,673012850
14,67,521275240
14,68,1230015254
14,69,2946958300
14,70,1589697946
14,71,3212110256
14,72,1584573694
14,73,1368212964
14,74,291097154
14,75,1032093048
14,76,920370790
14,77,1638993260
14,78,3150973546
14,79,239127232
14,80,2425251662
14,81,4294189684
14,82,4045080082
14,83,4275001736
14,84,3724595126
14,85,1720831228
14,86,4092175674
14,87,3829608912
14,88,2743377822
14,89,3987133700
14,90,3804909538
14,91,1155849112
14,92,2888761094
14,93,2621014668
14,94,3755142666
14,95,2197446368
14,96,1044420078
14,97,2395053460
14,98,466151346
14,99,2433696680
14,100,4144860246
14,101,4214255132
14,102,751379674
14,103,3082588656
14,104,1986366014
14,105,444120100
14,106,2557480322
14,107,1961939384
14,108,2172368806
14,109,3214331820
14,110,4186016170
14,111,4239919872
14,112,3310271630
14,113,3826806964
14,114,2836463954
14,115,1669580232
14,116,3767582966
14,117,4062504764
14,118,1395219578
14,119,4193454608
14,120,3708775646
14,121,335870788
14,122,1593115426
14,123,3793379288
14,124,3231443014
14,125,1361769676
14,126,2456149322
14,127,1716244256
14,128,1567808302
14,129,3233455060
14,130,3646771954
14,131,425648104
14,132,170159510
14,133,2576431196
14,134,2555661338
14,135,1215863344
14,136,1761363838
14,137,1741525604
14,138,1921200322
14,139,3327362552
14,140,3874066662
14,141,802681324
14,142,3951683818
14,143,2550639424
14,144,434565582
14,145,3337232116
14,146,3432504466
14,147,2337444360
14,148,2799866422
14,149,689398140
14,150,3037983674
14,151,1046430288
14,152,3609598494
14,153,349471108
14,154,3200554594
14,155,2702066712
14,156,2235478406
14,157,3019884300
14,158,2641865866
14,159,2008915808
14,160,2305097838
14,161,2590571028
14,162,573218354
14,163,3885030440
14,164,1298476758
14,165,3789120156
14,166,2310165338
14,167,2486764144
14,168,2953241790
14,169,2879113380
14,170,2128819202
14,171,1463589432
14,172,3757394470
14,173,3481564204
14,174,943269930
14,175,415214464
14,176,1445398286
14,177,7941428
14,178,2566887378
14,179,3519790664
14,180,2546353014
14,181,779697084
14,182,3187239674
14,183,1075305104
14,184,3885541214
14,185,1847945156
14,186,3716745634
14,187,1397786712
14,188,2397526726
14,189,768080204
14,190,3814218698
14,191,3688877984
14,192,3857122734
14,193,4292655188
14,194,2944452978
14,195,2201303144
14,196,3282030614
14,197,3273190620
14,198,1630747290
14,199,2509097648
14,200,2102747646
14,201,1878220516
14,202,2497713986
14,203,2772176504
14,204,493806438
14,205,1403803244
14,206,4259268458
14,207,2406484928
14,208,4192140366
14,209,13998964
14,210,1134048018
14,211,3934210696
14,212,1376507062
14,213,3176822268
14,214,2317992506
14,215,1705824976
14,216,473371806
14,217,3053956612
14,218,2391956706
14,219,577842328
14,220,2858804230
14,221,3214117772
14,222,3193432842
14,223,2403491808
14,224,1321790190
14,225,3978679956
14,226,850384050
14,227,3420189864
14,228,2812563798
14,229,3294615324
14,230,4146528730
14,231,520549104
14,232,3132604222
14,233,1457804580
14,234,2211043970
14,235,2246173368
14,236,2284215462
14,237,157259948
14,238,3536602794
14,239,3836267520
14,240,1021235598
14,241,1343187380
14,242,4189171282
14,243,3774691016
14,244,2894284278
14,245,684396604
14,246,2918513018
14,247,3987614480
14,248,986800606
14,249,2592822340
14,250,2637205538
14,251,2415931608
14,252,3700051270
14,253,41057740
14,254,12999242
14,255,1718964256
14,256,1473949742
14,257,1985238228
14,258,1426571250
14,259,4178907368
14,260,1816310422
14,261,79569244
14,262,2614995226
14,263,3677649712
14,264,167640190
14,265,444509028
14,266,317750722
14,267,649991928
14,268,1089189350
14,269,3584965356
14,270,3310364138
14,271,3640257600
14,272,251037390
14,273,2385942516
14,274,3768322450
14,275,416645896
14,276,3053229878
14,277,1541081724
14,278,900403386
14,279,4004242256
14,280,3241643806
14,281,3787479684
14,282,3434324834
14,283,1972213016
14,284,1646564998
14,285,661966860
14,286,4109609354
14,287,235446368
14,288,1290556782
14,289,3346543380
14,290,3084421938
14,291,2591067432
14,292,3159028694
14,293,994298780
14,294,396832858
14,295,1285972848
14,296,3304593854
14,297,2362597796
14,298,27525378
14,299,224439096
14,300,2693721894
14,301,900218156
14,302,1538975018
14,303,83061888
14,304,402005006
14,305,1935353396
14,306,363283666
14,307,1301819208
14,308,3041380470
14,309,3650774204
14,310,2778466298
14,311,1463155600
14,312,3845758046
14,313,1773584580
14,314,3630929570
14,315,78207320
14,316,2953101254
14,317,4155146828
14,318,1563416778
14,319,176967840
14,320,835574446
14,321,614560084
14,322,4101125746
14,323,2541644136
14,324,2056066326
14,325,3070285276
14,326,2865993626
14,327,3454839728
14,328,4252374782
14,329,2549053412
14,330,120874050
14,331,391749496
14,332,937429094
14,333,1046323052
14,334,2489091178
14,335,3643100352
14,336,3081605454
14,337,3482129524
14,338,2921553938
14,339,2463447944
14,340,691329462
14,341,3172540156
14,342,4195868474
14,343,3990647760
14,344,2494007710
14,345,679380740
14,346,1940416994
14,347,3336797592
14,348,1929038086
14,349,3559101580
14,350,1942677514
14,351,3096469728
14,352,3259973614
14,353,3923775380
14,354,2619654578
14,355,802071976
14,356,3252229718
14,357,1594179612
14,358,229826266
14,359,2442613744
14,360,2101867582
14,361,1038478884
14,362,3539052418
14,363,2050552760
14,364,3484352934
14,365,2631819692
14,366,3850699690
14,367,2652867840
14,368,99411598
14,369,2329698996
14,370,3076545362
14,371,1411164104
14,372,3365128950
14,373,3110549820
14,374,2809042554
14,375,1362054160
14,376,1968264926
14,377,740797764
14,378,1236933922
14,379,2647392728
14,380,2413212230
14,381,3052406476
14,382,3944011594
14,383,1285869856
14,384,1916831022
14,385,2336493012
14,386,943729906
14,387,4210115048
14,388,3841914774
14,389,2992704092
14,390,1888814618
14,391,2721471536
14,392,3325931902
14,393,2563097700
14,394,204196546
14,395,3280906232
14,396,1758190310
14,397,2520417260
14,398,1032086250
14,399,1953639744
14,400,3531873230
14,401,2774077684
14,402,917386898
14,403,1425961992
14,404,2184485942
14,405,429175676
14,406,2582654394
14,407,4156458064
14,408,3842442270
14,409,2596418436
14,410,4260409442
14,411,3270698520
14,412,594049926
14,413,773839116
14,414,3982337674
14,415,3545866592
14,416,1836165742
14,417,2497539092
14,418,1242855474
14,419,3900063272
14,420,1859041494
14,421,3357815964
14,422,2076839258
14,423,3797533808
14,424,304565950
14,425,3667851940
14,426,1379061250
14,427,3639262264
14,428,1007064102
14,429,125961772
14,430,44737066
14,431,1420635520
14,432,2772644110
14,433,924000052
14,434,693957074
14,435,2970263624
14,436,2095533430
14,437,3232861628
14,438,904701178
14,439,807017616
14,440,4187525470
14,441,2992511428
14,442,731653026
14,443,3353881176
14,444,2189436102
14,445,1707281228
14,446,485840330
14,447,826200480
14,448,2545069998
14,449,2864458324
14,450,1257350002
14,451,1072536168
14,452,572021270
14,453,1331609308
14,454,1336013978
14,455,210865328
14,456,1389677566
14,457,1300336868
14,458,1012314434
14,459,4158468216
14,460,3123653990
14,461,1707403372
14,462,323469674
14,463,257985984
14,464,3187287630
14,465,1880788340
14,466,2226949394
14,467,3687918728
14,468,393993910
14,469,701351932
14,470,1471413306
14,471,550638800
14,472,2161507998
14,473,3372965892
14,474,1712092898
14,475,2520501912
14,476,971877894
14,477,501849484
14,478,2485904650
14,479,585392608
14,480,2362676462
14,481,2297448596
14,482,2888281778
14,483,2699515560
14,484,4188789590
14,485,2401282332
14,486,2221718490
14,487,3010311408
14,488,840313150
14,489,1400735524
14,490,1508340866
14,491,3052799160
14,492,2350229158
14,493,3188927148
14,494,3316367530
14,495,1293700608
14,496,343473038
14,497,2558483380
14,498,907872338
14,499,2699172040
14,500,3905048566
14,501,1744396860
14,502,1402352506
14,503,3363204368
14,504,9391070
14,505,1289356868
14,506,949070370
14,507,1870516952
14,508,243341126
14,509,2946731980
14,510,3847312458
14,511,1020940832
14,512,2695125550
14,513,59360980
14,514,3607534066
14,515,49509096
14,516,676936854
14,517,1719268188
14,518,712663834
14,519,1098792240
14,520,297494142
14,521,1721949540
14,522,842340290
14,523,12925176
14,524,2458517478
14,525,3044855020
14,526,3894845418
14,527,2389732928
14,528,1485811918
14,529,273779188
14,530,583951250
14,531,600663304
14,532,3213533494
14,533,642014332
14,534,4125313722
14,535,4254541136
14,536,3063183646
14,537,3285847172
14,538,645643618
14,539,3980277528
14,540,4245315718
14,541,201384460
14,542,448111498
14,543,3954221664
14,544,3740598126
14,545,110667028
14,546,752772402
14,547,3047288616
14,548,418414038
14,549,1283104156
14,550,3390761562
14,551,4182975856
14,552,194282430
14,553,419533732
14,554,1150262018
14,555,500878648
14,556,3864803622
14,557,2299645740
14,558,3238551338
14,559,736947840
14,560,4061021710
14,561,1335957556
14,562,673226450
14,563,3760394568
14,564,2728710774
14,565,2814293692
14,566,2196455930
14,567,1858354576
14,568,2562033246
14,569,3424350916
14,570,2870653090
14,571,17627992
14,572,978946502
14,573,3155268684
14,574,3064517322
14,575,1945588384
14,576,194348206
14,577,2519524180
14,578,117379186
14,579,1619184488
14,580,1849794326
14,581,1345497052
14,582,1671319962
14,583,4118572464
14,584,4050747646
14,585,346663396
14,586,138870338
14,587,2865152376
14,588,3629929062
14,589,232927596
14,590,245431914
14,591,1445056192
14,592,12893006
14,593,3867018868
14,594,459520530
14,595,2842893704
14,596,3504399286
14,597,3346559228
14,598,3070105914
14,599,2727196112
14,600,1422029726
14,601,464402692
14,602,968786914
14,603,4101644184
14,604,859738886
14,605,3773146764
14,606,3011174922
14,607,4064174816
14,608,2723539438
14,609,3461775764
14,610,3065551794
14,611,52823976
14,612,52207702
14,613,414323228
14,614,1867815130
14,615,680138224
14,616,1294097982
14,617,464199716
14,618,3970646402
14,619,2635666872
14,620,4049226662
14,621,2969433004
14,622,121666986
14,623,362745600
14,624,1552093326
14,625,2096649396
14,626,3387405650
14,627,2873985480
14,628,3238974710
14,629,4169239356
14,630,3328954490
14,631,4152593936
14,632,1351303390
14,633,2158124868
14,634,1035417378
14,635,1763025880
14,636,2357820486
14,637,864884940
14,638,2205929802
14,639,1528156960
14,640,3607506734
14,641,3810885588
14,642,2237335282
14,643,4112229352
14,644,3931210134
14,645,3842563164
14,646,3717054490
14,647,1561075248
14,648,1618418558
14,649,135657060
14,650,1493984450
14,651,1113704952
14,652,4062586086
14,653,2004162028
14,654,1496767722
14,655,1257549632
14,656,2501461454
14,657,3542090484
14,658,4177301650
14,659,1765955080
14,660,570336822
14,661,1172964732
14,662,1568958394
14,663,2754987600
14,664,2850024990
14,665,3775391108
14,666,441764450
14,667,1483704344
14,668,587875718
14,669,85453580
14,670,284926090
14,671,2064491360
14,672,2507560046
14,673,548003348
14,674,3023458866
14,675,3857948712
14,676,1857045206
14,677,2353464988
14,678,379176794
14,679,898795120
14,680,624933054
14,681,3422170276
14,682,2897897474
14,683,1076944440
14,684,3549421094
14,685,4267153452
14,686,718543914
14,687,2930945920
14,688,4065811214
14,689,3238334772
14,690,1710377938
14,691,3202449992
14,692,3665844086
14,693,1388437436
14,694,2694307578
14,695,3073662608
14,696,915438430
14,697,988728260
14,698,719797666
14,699,337103960
14,700,194047686
14,701,1050025292
14,702,3192541130
14,703,4139111328
14,704,2172017070
14,705,3941833812
14,706,2090499442
14,707,3711827048
14,708,319349782
14,709,2105315548
14,710,4207455898
14,711,749555376
14,712,1296840190
14,713,1902625508
14,714,1057311554
14,715,2484490872
14,716,3328669542
14,717,2058713708
14,718,443038570
14,719,3513323456
14,720,1947029582
14,721,917995380
14,722,3323520786
14,723,3753578120
14,724,157542582
14,725,1511594492
14,726,737556026
14,727,386881232
14,728,2221729950
14,729,2758218244
14,730,3267268834
14,731,1168011416
14,732,2465036294
14,733,1628942220
14,734,1706549002
14,735,1251894240
14,736,4141235950
14,737,3188898452
14,738,265783474
14,739,982169768
14,740,2452317526
14,741,3216603932
14,742,3798627802
14,743,2498524912
14,744,1114411838
14,745,443463972
14,746,1597836930
14,747,2476877496
14,748,863826086
14,749,3114187948
14,750,1044593322
14,751,463982592
14,752,3523945870
14,753,1011305908
14,754,3334496850
14,755,1465842376
14,756,91838966
14,757,788509756
14,758,334458234
14,759,2186718992
14,760,3645191646
14,761,1266726980
14,762,757777442
14,763,4002641112
14,764,1039130950
14,765,2242683340
14,766,1502891594
14,767,3411498016
14,768,157680686
14,769,773273812
14,770,2537386994
14,771,3043611880
14,772,3739731606
14,773,4060988764
14,774,2647596314
14,775,2564816688
14,776,644927614
14,777,18812772
14,778,1420931522
14,779,3965999864
14,780,3147844070
14,781,539188972
14,782,615848426
14,783,3456036928
14,784,2082527950
14,785,4056185844
14,786,221822354
14,787,157107976
14,788,1569762102
14,789,1015393916
14,790,3839067322
14,791,2409260880
14,792,854156062
14,793,1984675460
14,794,2910574434
14,795,1753667864
14,796,3379047046
14,797,1566897164
14,798,1680842122
14,799,2775622752
14,800,2230692206
14,801,3876656916
14,802,874266418
14,803,1567314216
14,804,604899286
14,805,1267298204
14,806,1967563866
14,807,991422320
14,808,3542674878
14,809,2005452196
14,810,1588802818
14,811,2750213944
14,812,933331750
14,813,2874368300
14,814,3557677354
14,815,16674944
14,816,2585686030
14,817,2403273268
14,818,919730386
14,819,826667848
14,820,3631864950
14,821,2243627196
14,822,2733800442
14,823,2909437840
14,824,1193898078
14,825,2195203268
14,826,2130823842
14,827,1695063384
14,828,707154886
14,829,827369036
14,830,3352939722
14,831,3715781792
14,832,3981782702
14,833,2903528788
14,834,4291029618
14,835,2585734504
14,836,3295553814
14,837,2604431836
14,838,690031514
14,839,1445212080
14,840,3664046846
14,841,3887848420
14,842,3029440578
14,843,399238008
14,844,3092290662
14,845,4030645100
14,846,3399317610
14,847,2771800256
14,848,198436174
14,849,1690761332
14,850,3638301714
14,851,1655242632
14,852,1963257270
14,853,2779759356
14,854,3399242554
14,855,576124880
14,856,2211798430
14,857,3879070468
14,858,3574373858
14,859,3987259800
14,860,2365218054
14,861,3800021132
14,862,1055054858
14,863,1342465248
14,864,2119472110
14,865,1545925524
14,866,193230258
14,867,722823592
14,868,1524116054
14,869,1211556892
14,870,4054733530
14,871,2627000304
14,872,2247411774
14,873,3553120804
14,874,2241649538
14,875,4254152632
14,876,2256377254
14,877,469075372
14,878,4273207210
14,879,2201391360
14,880,1762736782
14,881,3664529076
14,882,2158432082
14,883,2299947976
14,884,1778507510
14,885,3480476988
14,886,1344342650
14,887,217042960
14,888,247278302
14,889,829755716
14,890,3672920354
14,891,1677149656
14,892,1454655046
14,893,3926010572
14,894,4221225802
14,895,2979976480
14,896,734255406
14,897,3898536404
14,898,1622008050
14,899,668861928
14,900,3122400150
14,901,1367912028
14,902,2134800922
14,903,2566512688
14,904,3618145662
14,905,3586009188
14,906,4179951298
14,907,1657596920
14,908,586706662
14,909,4085753836
14,910,3735115498
14,911,999240000
14,912,27684814
14,913,1883174132
14,914,3011701394
14,915,3894294536
14,916,641773622
14,917,3457636220
14,918,2681250234
14,919,1673857104
14,920,3316701214
14,921,128292740
14,922,3018908770
14,923,2172922392
14,924,606343046
14,925,1491598604
14,926,2823920266
14,927,2396628320
14,928,2708668014
14,929,1573802004
14,930,9448498
14,931,590376
14,932,3976842454
14,933,1312938140
14,934,4196499802
14,935,2917353584
14,936,2303730366
14,937,2678939300
14,938,779747842
14,939,2903441464
14,940,1183918118
14,941,3557108268
14,942,1354077738
14,943,1188049280
14,944,3714286862
14,945,3192849204
14,946,4005537234
14,947,458253384
14,948,1351704950
14,949,78262716
14,950,2650478842
14,951,4117143696
14,952,1048601950
14,953,668433860
14,954,2070566818
14,955,1474260568
14,956,3390683334
14,957,3628150604
14,958,1733773770
14,959,1279579552
14,960,1127351214
14,961,3766685268
14,962,3833288562
14,963,2066112104
14,964,913403414
14,965,1836212956
14,966,44525722
14,967,367071408
14,968,213622782
14,969,4221957348
14,970,1022092610
14,971,2582082680
14,972,3793207654
14,973,2994605164
14,974,3007362410
14,975,4119433664
14,976,3155720782
14,977,1957458292
14,978,2813149458
14,979,373092488
14,980,3351507638
14,981,1849453564
14,982,2800775226
14,983,1751423184
14,984,3338392222
14,985,1746584580
14,986,1151904482
14,987,1352209048
14,988,1432699398
14,989,2837299596
14,990,3539720458
14,991,644900320
14,992,751888622
14,993,2894933140
14,994,4257178290
14,995,3099990696
14,996,287502166
14,997,1982483740
14,998,2971676634
14,999,3817027824
15,0,2344287550
15,1,3417828132
15,2,868919426
15,3,1055279288
15,4,509360806
15,5,469913260
15,6,3700602026
15,7,1883984384
15,8,362106766
15,9,1533493172
15,10,1268497490
15,11,611572936
15,12,2728944630
15,13,2648573500
15,14,2399184762
15,15,995029264
15,16,1693655006
15,17,3061803588
15,18,452714018
15,19,759240408
15,20,181840710
15,21,2760750028
15,22,4254025802
15,23,837572128
15,24,840937006
15,25,368880340
15,26,900484594
15,27,813184744
15,28,804147350
15,29,3346634588
15,30,2514212634
15,31,22659376
15,32,3894295166
15,33,166936932
15,34,442911682
15,35,161185016
15,36,1546556390
15,37,899805420
15,38,452695018
15,39,3081073216
15,40,430572750
15,41,1385131508
15,42,1071323026
15,43,3917818120
15,44,806270262
15,45,3198091388
15,46,2726018746
15,47,3300239696
15,48,3593882910
15,49,420835460
15,50,28569954
15,51,124222232
15,52,1732113542
15,53,1000408588
15,54,1902221194
15,55,1531487840
15,56,3740160878
15,57,2296482068
15,58,1838291250
15,59,2982982440
15,60,2107871702
15,61,1483751836
15,62,3106561626
15,63,838117744
15,64,3149223870
15,65,3362256804
15,66,4027502338
15,67,3214348600
15,68,878628134
15,69,3161256748
15,70,885740330
15,71,2754081408
15,72,2955319822
15,73,1379204148
15,74,3787150034
15,75,1627444552
15,76,4140230262
15,77,2475645628
15,78,2779887098
15,79,858309008
15,80,2425707102
15,81,2917979844
15,82,4095796386
15,83,1352417112
15,84,527113670
15,85,2003286092
15,86,818071242
15,87,1729451680
15,88,1997330606
15,89,2303444820
15,90,2126562418
15,91,1683197800
15,92,487764758
15,93,3088993244
15,94,2606482842
15,95,266596784
15,96,1481659646
15,97,824577508
15,98,2887004738
15,99,2120811896
15,100,2008868454
15,101,91444588
15,102,1750200938
15,103,3865236160
15,104,2027622222
15,105,1785195124
15,106,2257350162
15,107,3732332936
15,108,3047225270
15,109,2009011452
15,110,3572665658
15,111,2369272272
15,112,3252701086
15,113,2870320388
15,114,3851597794
15,115,3530515352
15,116,539895558
15,117,4176595596
15,118,3053639178
15,119,4058146528
15,120,4132126190
15,121,3008062868
15,122,982011826
15,123,3348941736
15,124,1762374742
15,125,227784220
15,126,885001434
15,127,230136304
15,128,3351196222
15,129,2252178468
15,130,1036416386
15,131,3147913656
15,132,790159270
15,133,4257552300
15,134,1809805738
15,135,115741440
15,136,3415696526
15,137,3275241652
15,138,2073979218
15,139,225922504
15,140,1668081910
15,141,1581133628
15,142,3834528890
15,143,2977174032
15,144,1340544222
15,145,1587528516
15,146,3243862818
15,147,2926634968
15,148,2388070470
15,149,4182719692
15,150,4084319562
15,151,1883232032
15,152,276398894
15,153,3136316372
15,154,1782102770
15,155,3006818280
15,156,4099839382
15,157,400588892
15,158,4121375770
15,159,1979687472
15,160,3419533182
15,161,566123108
15,162,2356517058
15,163,1154485752
15,164,2604841190
15,165,712129004
15,166,1841549546
15,167,1715581760
15,168,3089865166
15,169,2629166836
15,170,104940690
15,171,4052883976
15,172,788183606
15,173,3525093756
15,174,13949882
15,175,1449937488
15,176,3631858206
15,177,781928836
15,178,1791295074
15,179,1580256280
15,180,3333806470
15,181,1234177804
15,182,1398772874
15,183,784181088
15,184,828876910
15,185,1816838676
15,186,3475113522
15,187,1454793768
15,188,2312853206
15,189,773106332
15,190,3328260954
15,191,1800145520
15,192,3730345150
15,193,1975029924
15,194,2003934210
15,195,1065689656
15,196,889877030
15,197,2827664428
15,198,340725802
15,199,1023783808
15,200,107458318
15,201,1324414260
15,202,1673854930
15,203,3864479304
15,204,2132437878
15,205,4134175676
15,206,3457569530
15,207,179364496
15,208,2976403294
15,209,2568499140
15,210,3173347746
15,211,3007254616
15,212,1578795718
15,213,1388593484
15,214,3088860106
15,215,1374410656
15,216,2095426990
15,217,2875883604
15,218,580137330
15,219,967229544
15,220,743569430
15,221,1061172444
15,222,121512602
15,223,3895251632
15,224,824379902
15,225,205268708
15,226,3591012162
15,227,693147256
15,228,2906655590
15,229,756981356
15,230,2110861162
15,231,2613187520
15,232,907781198
15,233,1241080692
15,234,3380189970
15,235,2673267336
15,236,4070309046
15,237,2251800060
15,238,1755490874
15,239,886168272
15,240,3900882078
15,241,874935812
15,242,2345321698
15,243,3609965720
15,244,559221766
15,245,368825228
15,246,2079838986
15,247,3596249056
15,248,3468923630
15,249,1952423572
15,250,366951602
15,251,999914664
15,252,378698070
15,253,3530759964
15,254,2425219546
15,255,3207723760
15,256,2919327550
15,257,2270764324
15,258,2005942914
15,259,3619842744
15,260,3971187878
15,261,87941292
15,262,1083846314
15,263,1795609600
15,264,2132244878
15,265,366948788
15,266,1689196114
15,267,673234632
15,268,1615818230
15,269,3566491708
15,270,1690952058
15,271,325006096
15,272,1134103006
15,273,2916490308
15,274,2718234658
15,275,1267120344
15,276,355824966
15,277,742835660
15,278,1900167754
15,279,2425968672
15,280,3134281774
15,281,3678018772
15,282,1381181426
15,283,2485033192
15,284,3144473238
15,285,113076572
15,286,2996867354
15,287,2599125808
15,288,4140016766
15,289,2703192932
15,290,592635330
15,291,2020253432
15,292,339008998
15,293,368607980
15,294,1794772458
15,295,1801712704
15,296,3509268174
15,297,1387421684
15,298,1521840530
15,299,3829730056
15,300,3607412534
15,301,3432010364
15,302,3470522554
15,303,3169381200
15,304,1081816862
15,305,3426165380
15,306,3273919330
15,307,3923778840
15,308,1988869766
15,309,3333756940
15,310,3796603274
15,311,758687840
15,312,2363424110
15,313,201980692
15,314,2034234162
15,315,3536196904
15,316,3316718550
15,317,2469335964
15,318,902174810
15,319,4259933040
15,320,1698283966
15,321,731851172
15,322,2560780546
15,323,2430153528
15,324,2090080038
15,325,3697181996
15,326,2202062122
15,327,896103552
15,328,3559310350
15,329,3095588404
15,330,3369905362
15,331,2404628296
15,332,2643193974
15,333,4047219900
15,334,724103162
15,335,536806288
15,336,351880286
15,337,1834584260
15,338,2859990690
15,339,3821527384
15,340,3123177414
15,341,2924923468
15,342,2439233738
15,343,818436256
15,344,1220313774
15,345,1256143188
15,346,603299442
15,347,3743412584
15,348,405749014
15,349,3336052188
15,350,1515093914
15,351,1119597488
15,352,187940606
15,353,283656164
15,354,2395917378
15,355,4271777656
15,356,3064016998
15,357,1837098860
15,358,2277403754
15,359,967267520
15,360,3889838414
15,361,392223860
15,362,3295987730
15,363,1021100936
15,364,850723254
15,365,1571186428
15,366,1979762490
15,367,53574608
15,368,2934124958
15,369,2269990660
15,370,189845986
15,371,3268281752
15,372,2363093254
15,373,1144773772
15,374,3101347850
15,375,4158154976
15,376,2855921646
15,377,4090091412
15,378,3821283762
15,379,4173082024
15,380,3451338326
15,381,2294843420
15,382,3632907994
15,383,2616351728
15,384,2994838590
15,385,1393210916
15,386,3039301506
15,387,4148788152
15,388,2334927270
15,389,1986832812
15,390,4005751722
15,391,3232601344
15,392,605392526
15,393,1465658036
15,394,1523434322
15,395,1483747272
15,396,1297085174
15,397,3303047484
15,398,598965882
15,399,84956176
15,400,3020488414
15,401,673346884
15,402,2432599330
15,403,1753385432
15,404,3547454022
15,405,2171883212
15,406,184598346
15,407,3069761824
15,408,623324462
15,409,2061096404
15,410,1107006706
15,411,3073034728
15,412,957947798
15,413,1477464668
15,414,3771199002
15,415,337470512
15,416,3706935678
15,417,202804324
15,418,3003003586
15,419,141242360
15,420,4211409638
15,421,1010093036
15,422,2795391722
15,423,3943445824
15,424,1487455182
15,425,2021972212
15,426,2436341394
15,427,2778594312
15,428,3693921334
15,429,1912208252
15,430,546379194
15,431,2620099664
15,432,2184883230
15,433,1978203012
15,434,3738245218
15,435,242576920
15,436,2864685958
15,437,4145029388
15,438,2988805770
15,439,2058987872
15,440,3847508590
15,441,1813984276
15,442,3219906610
15,443,167495208
15,444,3844399318
15,445,1270840476
15,446,458814810
15,447,2379009136
15,448,3294164670
15,449,1847313060
15,450,664876546
15,451,395527224
15,452,1056685094
15,453,2615692844
15,454,362842666
15,455,2975020416
15,456,224647438
15,457,2464868148
15,458,1694652882
15,459,1073096776
15,460,102462838
15,461,1208145340
15,462,3504966906
15,463,387130512
15,464,793262430
15,465,2930827716
15,466,2417527714
15,467,1177989720
15,468,1737706694
15,469,3458159436
15,470,1352220106
15,471,665508256
15,472,3465631662
15,473,1806299732
15,474,3605334898
15,475,952050280
15,476,2494202390
15,477,317064924
15,478,2827803802
15,479,3281032368
15,480,1518498814
15,481,3274332388
15,482,2858490178
15,483,1649522808
15,484,3353367910
15,485,177680492
15,486,437889386
15,487,3826423232
15,488,2182532686
15,489,3600700788
15,490,3414029586
15,491,2601038984
15,492,703334070
15,493,3255504892
15,494,286057530
15,495,2622954704
15,496,2298586782
15,497,680142852
15,498,941940450
15,499,4183185048
15,500,2528957958
15,501,3350324620
15,502,11259146
15,503,2052876768
15,504,2091793646
15,505,898240660
15,506,4164359858
15,507,3808747176
15,508,1115292502
15,509,4103336220
15,510,548643802
15,511,1207483632
15,512,1228919102
15,513,1834110756
15,514,3398294658
15,515,2117504184
15,516,1048759974
15,517,2505142956
15,518,173648042
15,519,735729152
15,520,2928780174
15,521,2343510964
15,522,2985979986
15,523,2187698376
15,524,3731781622
15,525,4079135292
15,526,894114682
15,527,713520400
15,528,355922910
15,529,1367658052
15,530,1648759330
15,531,1768184536
15,532,4245438278
15,533,1020778444
15,534,1420639306
15,535,123623968
15,536,1132134958
15,537,2647625428
15,538,2368864754
15,539,6093544
15,540,560161942
15,541,3487120220
15,542,2484947738
15,543,2241152304
15,544,4066446974
15,545,3869484388
15,546,259489730
15,547,1490141432
15,548,2209556454
15,549,3777434860
15,550,3031468010
15,551,154826304
15,552,1118066894
15,553,304959988
15,554,4257729426
15,555,429714696
15,556,4067608886
15,557,2254021756
15,558,166998714
15,559,2553556304
15,560,297279774
15,561,2947601540
15,562,2446075234
15,563,804306712
15,564,2538702982
15,565,513878540
15,566,1458408330
15,567,994093664
15,568,784836462
15,569,2424990996
15,570,4146449714
15,571,3763828520
15,572,2620827094
15,573,465954204
15,574,2333725274
15,575,3203804528
15,576,1874209726
15,577,3241040804
15,578,4167959298
15,579,934499640
15,580,2957074726
15,581,724047660
15,582,1601062698
15,583,3569546880
15,584,2787044878
15,585,3794329652
15,586,2352350930
15,587,3695089992
15,588,1825110646
15,589,3200253628
15,590,3545770490
15,591,2481800592
15,592,1951739486
15,593,3776854724
15,594,1107761314
15,595,1049330520
15,596,2589766086
15,597,4129152076
15,598,2310847178
15,599,1519606432
15,600,40119470
15,601,298494804
15,602,2405595250
15,603,713315176
15,604,1438893846
15,605,3882479580
15,606,100219290
15,607,246117808
15,608,2467244286
15,609,2801955300
15,610,4240533058
15,611,3094038904
15,612,352156262
15,613,1214544236
15,614,3370313322
15,615,3204699840
15,616,4174472014
15,617,2343685748
15,618,848634386
15,619,2648352136
15,620,2353073078
15,621,2003155196
15,622,1304887610
15,623,2755837392
15,624,3940424606
15,625,2614952196
15,626,3863407586
15,627,3737429912
15,628,1929231110
15,629,3831361164
15,630,3882535434
15,631,2179361504
15,632,975213038
15,633,1033914772
15,634,2805466034
15,635,3732115368
15,636,685426774
15,637,3654638108
15,638,2097905882
15,639,1732582896
15,640,3862693438
15,641,1513089060
15,642,2344724866
15,643,3498679736
15,644,985101222
15,645,2783722412
15,646,660497834
15,647,3498907392
15,648,311146638
15,649,3067616436
15,650,3191151954
15,651,2315325896
15,652,3349871862
15,653,593154876
15,654,2911942778
15,655,667194896
15,656,3676498142
15,657,2919049028
15,658,3923484450
15,659,2989239256
15,660,3322192966
15,661,2725339340
15,662,3796351306
15,663,2781469472
15,664,164419374
15,665,1209747412
15,666,2281074418
15,667,1404382184
15,668,676047254
15,669,840442972
15,670,3768625178
15,671,2471700016
15,672,2869740414
15,673,3032923748
15,674,213830850
15,675,3449704952
15,676,3795799270
15,677,1221549548
15,678,691061994
15,679,3924735808
15,680,2199776718
15,681,598461172
15,682,4100323474
15,683,608296456
15,684,3453406774
15,685,3450817916
15,686,2667925434
15,687,1426247248
15,688,1660130846
15,689,4253986180
15,690,2954179170
15,691,2991722520
15,692,1883336070
15,693,2171089676
15,694,1688438922
15,695,2462952288
15,696,1564015726
15,697,2102109716
15,698,1928182322
15,699,970532904
15,700,2665900758
15,701,3343011484
15,702,2567483226
15,703,895848048
15,704,3679543486
15,705,2832659620
15,706,3741896706
15,707,1429825080
15,708,73729574
15,709,3458064428
15,710,4104782890
15,711,3283662720
15,712,2455241486
15,713,2856114484
15,714,2457318354
15,715,1210911304
15,716,2241101686
15,717,426977212
15,718,1182058234
15,719,982345360
15,720,1478501214
15,721,2292290500
15,722,2487461282
15,723,818304088
15,724,2256803526
15,725,1783784780
15,726,3503175626
15,727,3984710560
15,728,3627352494
15,729,1094804564
15,730,2708333938
15,731,2557445224
15,732,259722262
15,733,140761308
15,734,2257819290
15,735,3356251824
15,736,685366782
15,737,1081117412
15,738,1508881218
15,739,1693112952
15,740,3522731878
15,741,1793573484
15,742,672801642
15,743,4001044416
15,744,1074395214
15,745,983254900
15,746,1304055570
15,747,693278344
15,748,229904566
15,749,1102471676
15,750,1076829754
15,751,3203686096
15,752,1215860894
15,753,1699076612
15,754,3921082594
15,755,3608737944
15,756,1436327942
15,757,3728734092
15,758,18335498
15,759,846621664
15,760,3599820526
15,761,269255316
15,762,1153888434
15,763,3473424552
15,764,886672726
15,765,4237083420
15,766,26303962
15,767,2648145648
15,768,4252384062
15,769,2644738340
15,770,3435361922
15,771,1380101816
15,772,3016366246
15,773,3963421868
15,774,3654361770
15,775,3536181248
15,776,1141099918
15,777,3705083316
15,778,3548236370
15,779,1396867784
15,780,3171254774
15,781,428407868
15,782,2693027194
15,783,2697443088
15,784,2043469278
15,785,3247145028
15,786,4223609890
15,787,2799303896
15,788,1650133318
15,789,4131449292
15,790,1204827722
15,791,3057343520
15,792,1813818414
15,793,2109538516
15,794,2252921842
15,795,2503171304
15,796,30535318
15,797,1120734556
15,798,3662808346
15,799,3780577072
15,800,2062973054
15,801,4202682212
15,802,2127829442
15,803,3402687224
15,804,1252618726
15,805,3073222380
15,806,2552168938
15,807,2972252224
15,808,236290766
15,809,2969584628
15,810,3373409682
15,811,2844577544
15,812,576246582
15,813,200996476
15,814,4089736378
15,815,1989635920
15,816,3924626206
15,817,3816982148
15,818,229392226
15,819,4187578648
15,820,1771000454
15,821,1667578892
15,822,1866958218
15,823,2774576224
15,824,1688752494
15,825,912449300
15,826,2269357874
15,827,4202748200
15,828,2704551894
15,829,305444764
15,830,1495632986
15,831,2501570416
15,832,2066388414
15,833,2836762020
15,834,2943458562
15,835,3559225144
15,836,1868999462
15,837,3368659244
15,838,1767096618
15,839,2721347712
15,840,3322877966
15,841,4012298804
15,842,3418841298
15,843,1740733256
15,844,75367542
15,845,471617724
15,846,1044341754
15,847,2935195536
15,848,1319704670
15,849,691727556
15,850,1523462818
15,851,2162632024
15,852,1611234246
15,853,1857875532
15,854,3117266122
15,855,74865824
15,856,1141102254
15,857,4262337876
15,858,1627869810
15,859,1719711080
15,860,1976586518
15,861,970179036
15,862,1046213530
15,863,2477995952
15,864,2413990654
15,865,326411236
15,866,2515271746
15,867,3419433848
15,868,852608102
15,869,3055618924
15,870,3418316906
15,871,2524469440
15,872,1270910286
15,873,3881484404
15,874,1894611986
15,875,561022856
15,876,1648694710
15,877,3841788668
15,878,4232395578
15,879,2422996944
15,880,366019998
15,881,147108612
15,882,376767970
15,883,1179863448
15,884,1922663686
15,885,4183294092
15,886,3786589194
15,887,2953604320
15,888,1174354926
15,889,2966338452
15,890,618913202
15,891,2562912680
15,892,443961942
15,893,549071900
15,894,3259316954
15,895,2410668016
15,896,49180734
15,897,3148683812
15,898,1637041026
15,899,1734459320
15,900,3720002982
15,901,2890124716
15,902,3048333226
15,903,1451530496
15,904,922346126
15,905,28053172
15,906,1171552082
15,907,3257529288
15,908,1920861942
15,909,2578261308
15,910,572912250
15,911,965793808
15,912,1697960670
15,913,271571268
15,914,1810938146
15,915,2876100056
15,916,101674566
15,917,2084991692
15,918,424063818
15,919,1555225888
15,920,1584038190
15,921,1119140308
15,922,3693693170
15,923,2832698856
15,924,1643525014
15,925,3321362012
15,926,2503041562
15,927,329312304
15,928,3592301950
15,929,1003417700
15,930,968320706
15,931,3026809848
15,932,4042364646
15,933,1883369452
15,934,2507882218
15,935,2196322624
15,936,3616217038
15,937,3190471924
15,938,3486274194
15,939,2373828616
15,940,2750994486
15,941,87859068
15,942,473008570
15,943,2700218448
15,944,446988318
15,945,3851181956
15,946,2123451490
15,947,1774629400
15,948,3074111366
15,949,144196876
15,950,182026890
15,951,2532945248
15,952,957720174
15,953,3218085908
15,954,2284295218
15,955,105810472
15,956,1461712086
15,957,3231522972
15,958,3748686170
15,959,2182500464
15,960,3275868862
15,961,1172973220
15,962,1034447362
15,963,410486840
15,964,625365030
15,965,1596682796
15,966,1365999146
15,967,2486581632
15,968,893660430
15,969,3035024180
15,970,2351238610
15,971,519826504
15,972,2642774390
15,973,2327542204
15,974,3468165370
15,975,2501879952
15,976,3421506910
15,977,1189758404
15,978,1772535714
15,979,2465068632
15,980,1525473478
15,981,1197307724
15,982,3636146634
15,983,3278953888
15,984,969976750
15,985,1278269012
15,986,573489010
15,987,2025317992
15,988,1019450902
15,989,1069132508
15,990,1095913626
15,991,362813616
15,992,1009338366
15,993,2752429284
15,994,2226539842
15,995,1360788600
15,996,1804134758
15,997,1846563948
15,998,1204985194
15,999,3673921984
16,0,267723342
16,1,2515548532
16,2,4029589778
16,3,1781823624
16,4,1039407798
16,5,624538620
16,6,2517194810
16,7,3165233360
16,8,3337058974
16,9,173640708
16,10,1082200802
16,11,2423495320
16,12,4260653574
16,13,2040924556
16,14,490455306
16,15,514354656
16,16,2087424238
16,17,602338452
16,18,2609826482
16,19,530817704
16,20,2377193302
16,21,173905180
16,22,3542554586
16,23,3771613424
16,24,1789175102
16,25,944550692
16,26,506531970
16,27,1944506552
16,28,3968426662
16,29,704681644
16,30,1325440170
16,31,2143902208
16,32,3748525966
16,33,693569460
16,34,1765352530
16,35,3132581064
16,36,2618592246
16,37,1741114940
16,38,1182109562
16,39,2518677776
16,40,291162078
16,41,501887556
16,42,242239010
16,43,602382040
16,44,3844199238
16,45,2021784524
16,46,3937087562
16,47,3174063648
16,48,3568719406
16,49,2600628948
16,50,3717707250
16,51,1923202792
16,52,4239947926
16,53,2140725084
16,54,624869146
16,55,3459303728
16,56,813949566
16,57,4239657316
16,58,292074434
16,59,3999794424
16,60,152550374
16,61,3087808748
16,62,3041229802
16,63,2200926784
16,64,3548294350
16,65,1328231924
16,66,1553235858
16,67,3021254920
16,68,112647478
16,69,2104772732
16,70,743220922
16,71,2014490960
16,72,1763308830
16,73,2276210820
16,74,3603192162
16,75,1725563672
16,76,2370116742
16,77,3036761612
16,78,3411640202
16,79,2342039136
16,80,3464559470
16,81,496193812
16,82,3382280498
16,83,1094859560
16,84,1957280214
16,85,2524678556
16,86,1072252506
16,87,2690101616
16,88,664207294
16,89,55885732
16,90,1571632898
16,91,2251266360
16,92,1510208806
16,93,3577953068
16,94,1089551146
16,95,3183344256
16,96,3556196878
16,97,4286366772
16,98,663796434
16,99,1373396296
16,100,78319222
16,101,693150396
16,102,199138810
16,103,2433862032
16,104,1140130398
16,105,1706008260
16,106,2496482466
16,107,3403335512
16,108,2871936454
16,109,942932044
16,110,3247877834
16,111,1316052640
16,112,2912649390
16,113,799641428
16,114,954477682
16,115,3004503912
16,116,408214294
16,117,3725956060
16,118,2742463898
16,119,4057135536
16,120,2712534270
16,121,1983829476
16,122,4199455298
16,123,1489866104
16,124,2954759782
16,125,3602226540
16,126,810801770
16,127,3758414528
16,128,2158475086
16,129,1247523444
16,130,528340498
16,131,3885918600
16,132,1421942710
16,133,3328990460
16,134,561739066
16,135,3886891472
16,136,3485200286
16,137,3993265412
16,138,1004216290
16,139,427420568
16,140,732778246
16,141,2737443468
16,142,1202896394
16,143,2722787040
16,144,1842734574
16,145,1834298772
16,146,4240947122
16,147,1202344872
16,148,1116331094
16,149,2104950300
16,150,1211561178
16,151,892510704
16,152,2828589630
16,153,2541898788
16,154,3600604546
16,155,3687965112
16,156,339085222
16,157,2842910636
16,158,968710570
16,159,1922308864
16,160,828378254
16,161,1473773748
16,162,2443956562
16,163,552261064
16,164,3989377270
16,165,1205303100
16,166,561196154
16,167,1517623824
16,168,4064197854
16,169,1857719108
16,170,3074282274
16,171,1950838744
16,172,865220678
16,173,787711180
16,174,1342025034
16,175,4222869280
16,176,3271568174
16,177,2326146004
16,178,3734250226
16,179,3599888360
16,180,2249768342
16,181,867158108
16,182,2658802714
16,183,3037112880
16,184,4264007550
16,185,3241091684
16,186,3655860418
16,187,3704395256
16,188,3340493030
16,189,3532423660
16,190,2340272362
16,191,3590044480
16,192,4126163406
16,193,1744940788
16,194,3278548114
16,195,22127112
16,196,4271039030
16,197,950137212
16,198,940950458
16,199,2683916880
16,200,1229810206
16,201,1306661252
16,202,3930416738
16,203,1423135768
16,204,531431814
16,205,2896189196
16,206,1153924234
16,207,2805837664
16,208,418009198
16,209,1403816468
16,210,2677632562
16,211,2405166120
16,212,2916187862
16,213,1473245852
16,214,2391810906
16,215,2480870000
16,216,472528062
16,217,1700092068
16,218,3816817666
16,219,2169350712
16,220,1100978726
16,221,1863386156
16,222,3420780586
16,223,1120648064
16,224,2519226126
16,225,3538468148
16,226,4060768210
16,227,3831680584
16,228,3991835510
16,229,3151743932
16,230,162740986
16,231,1187637904
16,232,716699486
16,233,160102340
16,234,2957105570
16,235,2360186968
16,236,2228071110
16,237,2235599180
16,238,140520394
16,239,3380076448
16,240,2472826286
16,241,2893563988
16,242,4180121970
16,243,4187506792
16,244,3162775574
16,245,3639049436
16,246,2026441370
16,247,3427523248
16,248,879800830
16,249,235204324
16,250,3400853314
16,251,1189420664
16,252,881931110
16,253,873522796
16,254,423827306
16,255,3381926848
16,256,2446871630
16,257,144518004
16,258,1390084882
16,259,2108578440
16,260,1521231030
16,261,2358576636
16,262,2996539962
16,263,3044467408
16,264,2756600990
16,265,935673348
16,266,3699584226
16,267,1164328088
16,268,801387526
16,269,3118734220
16,270,4111973130
16,271,1592946656
16,272,238959342
16,273,2434360980
16,274,2626593970
16,275,4107732136
16,276,3976241494
16,277,1040607004
16,278,896848346
16,279,819790576
16,280,818614078
16,281,1565386020
16,282,1591126658
16,283,52622008
16,284,2294328486
16,285,1855727788
16,286,166205098
16,287,1390730240
16,288,550510990
16,289,2435774900
16,290,321683026
16,291,3636741832
16,292,463181302
16,293,4259160124
16,294,3340683642
16,295,714095376
16,296,2078323166
16,297,2258691140
16,298,978935842
16,299,9257176
16,300,627088710
16,301,3818589644
16,302,3711838794
16,303,1010655264
16,304,491257902
16,305,362800340
16,306,857640946
16,307,3098026216
16,308,2987852438
16,309,2788995420
16,310,350451994
16,311,1814203184
16,312,3003731070
16,313,222313316
16,314,1731546562
16,315,3818333944
16,316,1593705958
16,317,63097580
16,318,2888037866
16,319,2672688192
16,320,853530318
16,321,212740084
16,322,1481562514
16,323,1496617736
16,324,1066198838
16,325,4207254140
16,326,1401741498
16,327,3164992336
16,328,792649502
16,329,3157125764
16,330,2366927714
16,331,2545067288
16,332,2725439110
16,333,863330316
16,334,186874250
16,335,233353312
16,336,206677358
16,337,1713095444
16,338,1579637554
16,339,3566968104
16,340,3063366614
16,341,3365559196
16,342,3747938394
16,343,11301744
16,344,352020926
16,345,4025217444
16,346,2736836866
16,347,1842461496
16,348,270090022
16,349,1888800044
16,350,2252780842
16,351,1197440128
16,352,1876388878
16,353,858437172
16,354,1066538194
16,355,3129950024
16,356,223352950
16,357,106755260
16,358,3694516218
16,359,1514670992
16,360,4097371230
16,361,3061600452
16,362,2416207522
16,363,1013344600
16,364,466292678
16,365,1921192524
16,366,1092069578
16,367,1485070496
16,368,3744148142
16,369,3332178260
16,370,3069773426
16,371,809597288
16,372,3713099030
16,373,4096746972
16,374,3578357658
16,375,1225440176
16,376,1752262398
16,377,4016113636
16,378,3387503682
16,379,2137173880
16,380,753031270
16,381,3391237996
16,382,2527089770
16,383,3148438720
16,384,931586382
16,385,3568608372
16,386,3729141778
16,387,275008392
16,388,62204342
16,389,1001631484
16,390,1567207226
16,391,3389424592
16,392,3097418142
16,393,1805391620
16,394,4135139810
16,395,2016972184
16,396,1043929350
16,397,30680204
16,398,3110778890
16,399,2023780576
16,400,1369739246
16,401,2469633940
16,402,3471020466
16,403,187282856
16,404,1091921494
16,405,269209628
16,406,2933960410
16,407,2009949168
16,408,2000372798
16,409,229604900
16,410,2329835394
16,411,1306133432
16,412,2116637094
16,413,3178951084
16,414,1400951722
16,415,1153146112
16,416,2713597582
16,417,3646681780
16,418,1102785362
16,419,3326326728
16,420,3649837814
16,421,1306118460
16,422,1266181754
16,423,2859555856
16,424,574662366
16,425,3919396164
16,426,1807936802
16,427,750326232
16,428,4002218566
16,429,3665336012
16,430,644654922
16,431,2731335968
16,432,3616396590
16,433,1072668116
16,434,792132850
16,435,4242821608
16,436,884164502
16,437,2604636764
16,438,2625295898
16,439,2542038064
16,440,3274244478
16,441,1692882020
16,442,2370869954
16,443,1724364792
16,444,79571686
16,445,2410615788
16,446,2872586986
16,447,52837696
16,448,2119003086
16,449,1093705972
16,450,1866532498
16,451,2679997448
16,452,2107960374
16,453,2279555964
16,454,2461138362
16,455,1914213456
16,456,2397983774
16,457,1452262276
16,458,2469494882
16,459,2474112536
16,460,1234619270
16,461,2374002956
16,462,2993518218
16,463,3818500448
16,464,2629237358
16,465,1491139604
16,466,1497581618
16,467,4110503464
16,468,1123748054
16,469,2900018332
16,470,1181211994
16,471,2327827568
16,472,2248842942
16,473,655919780
16,474,1888460290
16,475,2948320312
16,476,4184925222
16,477,500078124
16,478,68579882
16,479,4017700224
16,480,1426358542
16,481,608350004
16,482,1680327122
16,483,3093409864
16,484,382705014
16,485,3436453308
16,486,2540074234
16,487,1871457424
16,488,343400798
16,489,4035160516
16,490,135590818
16,491,1040530008
16,492,2753983686
16,493,1140562764
16,494,4290586058
16,495,529981856
16,496,2230321070
16,497,2182593108
16,498,3327685490
16,499,990947944
16,500,784116246
16,501,4092415708
16,502,3438789786
16,503,202349744
16,504,2981108734
16,505,2656248036
16,506,3421208898
16,507,1715880056
16,508,3440475494
16,509,3706288236
16,510,1013682538
16,511,3661929920
16,512,1706260046
16,513,2996968820
16,514,364862738
16,515,2210413704
16,516,64761526
16,517,2546489340
16,518,904252474
16,519,3378259152
16,520,2158841502
16,521,227078148
16,522,1572685538
16,523,368107160
16,524,2332818950
16,525,3204066700
16,526,682341642
16,527,324301280
16,528,738780398
16,529,2007226516
16,530,3888545458
16,531,1856136872
16,532,4073204566
16,533,3079092508
16,534,3363474394
16,535,2919482608
16,536,4025055550
16,537,749147940
16,538,783565954
16,539,536286392
16,540,678426278
16,541,3658463916
16,542,2861011114
16,543,1813536256
16,544,2821344142
16,545,878635956
16,546,1901582418
16,547,3446221000
16,548,3684343798
16,549,4224447036
16,550,3263169402
16,551,2115534096
16,552,1499372510
16,553,464492100
16,554,528120354
16,555,1556800216
16,556,3273090886
16,557,1468800972
16,558,3213435978
16,559,1398956576
16,560,3855723054
16,561,227890900
16,562,652044786
16,563,2269545192
16,564,3253570710
16,565,3602416476
16,566,1228944154
16,567,3677113648
16,568,2726737534
16,569,1277455716
16,570,540665794
16,571,3395176696
16,572,3965472742
16,573,3125894380
16,574,481980394
16,575,629440064
16,576,3426287822
16,577,159980020
16,578,1547776914
16,579,3102504200
16,580,1826287926
16,581,2750344316
16,582,159718074
16,583,1683043664
16,584,3697002782
16,585,2701630596
16,586,3499920738
16,587,2887993112
16,588,1226354822
16,589,4274090508
16,590,3466949514
16,591,1280356960
16,592,3189395310
16,593,805057812
16,594,3840750898
16,595,3566010152
16,596,117231062
16,597,3364957596
16,598,3617110618
16,599,3591976304
16,600,3814183870
16,601,2396726180
16,602,533490434
16,603,2869681464
16,604,832997670
16,605,3133038380
16,606,3646172970
16,607,1595473536
16,608,967808526
16,609,2855315508
16,610,3016453842
16,611,3252298056
16,612,3194823286
16,613,3544270524
16,614,1329926650
16,615,714493328
16,616,4285847134
16,617,1000407748
16,618,3966992546
16,619,4119464792
16,620,1373624774
16,621,1034560588
16,622,3629163210
16,623,1118790304
16,624,2024985774
16,625,3806884692
16,626,2068177010
16,627,4261796712
16,628,1690693398
16,629,2619422684
16,630,1943282074
16,631,3109715376
16,632,2217529598
16,633,2665167332
16,634,2763771458
16,635,1603260792
16,636,1226744422
16,637,2959524204
16,638,2661600874
16,639,1231412928
16,640,274598734
16,641,2791675508
16,642,1296468498
16,643,3150065032
16,644,253834166
16,645,1691549948
16,646,1343220026
16,647,1467467216
16,648,1887028126
16,649,2710292740
16,650,3863958498
16,651,2190421912
16,652,1245504262
16,653,894842508
16,654,3604656650
16,655,1393455840
16,656,2439723502
16,657,1114247572
16,658,993487794
16,659,54597544
16,660,3055087702
16,661,4168655388
16,662,2520934618
16,663,2004887024
16,664,248884798
16,665,1043640356
16,666,509088130
16,667,3715769784
16,668,3147078566
16,669,140149676
16,670,2734443946
16,671,3975880448
16,672,672424078
16,673,2788680884
16,674,4127360338
16,675,3526662600
16,676,3586598134
16,677,3417578300
16,678,1077256314
16,679,1233493520
16,680,2503643358
16,681,2698506052
16,682,696256290
16,683,4106400728
16,684,3607088198
16,685,2664802508
16,686,1016308042
16,687,1912464160
16,688,1007910702
16,689,2190544852
16,690,1846662898
16,691,1003402216
16,692,231068054
16,693,480734300
16,694,791908378
16,695,3675926064
16,696,3307367294
16,697,1190626916
16,698,4092671170
16,699,1918556664
16,700,1238922470
16,701,3349784044
16,702,2494213354
16,703,711507776
16,704,279090638
16,705,1773638388
16,706,1934581906
16,707,2294375944
16,708,3241080374
16,709,318018940
16,710,3422959546
16,711,927979088
16,712,2340896286
16,713,529888644
16,714,425040482
16,715,1169463320
16,716,3573060998
16,717,3409476364
16,718,4090196106
16,719,1812837216
16,720,1685824622
16,721,4016926228
16,722,1428496946
16,723,1463726120
16,724,3063714518
16,725,3753744028
16,726,2801243994
16,727,2260244080
16,728,2699233470
16,729,2872294564
16,730,2228697090
16,731,3284266552
16,732,3971624486
16,733,2338596908
16,734,2583686186
16,735,3124674432
16,736,299412238
16,737,3371475252
16,738,2189237202
16,739,3136852552
16,740,3089672054
16,741,3718541244
16,742,399617786
16,743,795242128
16,744,690998110
16,745,466901956
16,746,287313314
16,747,3337935960
16,748,1492598470
16,749,2744036684
16,750,1590829002
16,751,3855475616
16,752,2926815662
16,753,3977194580
16,754,700534130
16,755,1562446952
16,756,862794774
16,757,2966102236
16,758,3722346138
16,759,4109065904
16,760,1407682046
16,761,1962496740
16,762,676993858
16,763,3477037688
16,764,3574187878
16,765,2291796588
16,766,1363938154
16,767,755834816
16,768,730243150
16,769,3019837300
16,770,3638277906
16,771,2624200328
16,772,3649321142
16,773,1725147644
16,774,3219654202
16,775,408512208
16,776,4228135070
16,777,2879693316
16,778,1680826594
16,779,571703448
16,780,2949367814
16,781,2833792908
16,782,1475849994
16,783,1540256736
16,784,1976274670
16,785,4152773268
16,786,490100914
16,787,2902837416
16,788,1057469782
16,789,2531265308
16,790,741885402
16,791,2017625840
16,792,1207952190
16,793,3327674660
16,794,768204418
16,795,3932370616
16,796,1805074598
16,797,2354793644
16,798,3504278186
16,799,3949191168
16,800,360478094
16,801,853990836
16,802,599470674
16,803,3097889480
16,804,2081532406
16,805,2173846588
16,806,3633921402
16,807,2964897552
16,808,1238664670
16,809,4246095940
16,810,1574147106
16,811,1486914776
16,812,1581658438
16,813,4099224012
16,814,831266378
16,815,580871200
16,816,3461567534
16,817,2732771540
16,818,1490306034
16,819,4269597928
16,820,3426490006
16,821,822891868
16,822,1649732890
16,823,994971440
16,824,2667323518
16,825,3646988132
16,826,3698753986
16,827,3267193592
16,828,1362270694
16,829,4223135468
16,830,2802379242
16,831,903020608
16,832,1066019534
16,833,1706822644
16,834,141266322
16,835,4080817928
16,836,782302006
16,837,2565881468
16,838,3996472506
16,839,2400483152
16,840,275821342
16,841,1446596228
16,842,1096591202
16,843,3291212056
16,844,557218438
16,845,921011212
16,846,3051318666
16,847,1724953696
16,848,2212165998
16,849,2603919124
16,850,4260040498
16,851,1628856616
16,852,98195414
16,853,3059744668
16,854,3364123738
16,855,1084094320
16,856,850148798
16,857,2250148
16,858,1940915458
16,859,1574829880
16,860,1588319014
16,861,3552571692
16,862,3659114794
16,863,619348096
16,864,3514810382
16,865,2223938100
16,866,607963346
16,867,2277311304
16,868,3087150198
16,869,2952632508
16,870,84691962
16,871,570199952
16,872,94945374
16,873,354268356
16,874,1243257506
16,875,373665112
16,876,3983320006
16,877,3114874444
16,878,658611402
16,879,754082976
16,880,439516846
16,881,2760631636
16,882,634042994
16,883,1013071208
16,884,1320319254
16,885,4125821404
16,886,521591706
16,887,1656897456
16,888,2497723134
16,889,2762828772
16,890,717645890
16,891,424997752
16,892,2765286502
16,893,2843956076
16,894,3898689642
16,895,2839175360
16,896,2871866702
16,897,3748563060
16,898,209642514
16,899,163057544
16,900,386219446
16,901,1640649468
16,902,2574132026
16,903,2952857552
16,904,2538384798
16,905,2949872388
16,906,2875026914
16,907,1484640664
16,908,4021857542
16,909,1571833996
16,910,1073916938
16,911,1368683744
16,912,3442074606
16,913,2599977876
16,914,3787670962
16,915,1341159848
16,916,1100249686
16,917,1455256604
16,918,2656838362
16,919,1414195184
16,920,258480190
16,921,1225908772
16,922,822717314
16,923,2863810488
16,924,1819796902
16,925,2853311916
16,926,3358574506
16,927,2337448192
16,928,1684179598
16,929,3731609268
16,930,1317134162
16,931,1690139592
16,932,2189045494
16,933,3781586236
16,934,2678774394
16,935,1471275024
16,936,3945560798
16,937,3026886980
16,938,2423595298
16,939,3965998552
16,940,2364184134
16,941,2617948876
16,942,846371658
16,943,2303124768
16,944,2425432366
16,945,1921679828
16,946,992260338
16,947,3008435688
16,948,2974833558
16,949,3622256220
16,950,4137962010
16,951,2680680496
16,952,2752763262
16,953,2271197284
16,954,2915684034
16,955,528874488
16,956,912965350
16,957,2591832044
16,958,3889506026
16,959,1807958336
16,960,1290780622
16,961,26641652
16,962,1872083602
16,963,3697100808
16,964,1764818998
16,965,4192331644
16,966,2215801274
16,967,262084688
16,968,3742902302
16,969,3371378564
16,970,481408098
16,971,2341026328
16,972,1641176966
16,973,2244513036
16,974,2833345162
16,975,1620686176
16,976,272125550
16,977,928112660
16,978,859765810
16,979,3591639592
16,980,2830507222
16,981,276326556
16,982,1346326874
16,983,2814990448
16,984,213086910
16,985,296152740
16,986,3226915330
16,987,3714060344
16,988,3145431078
16,989,3620846124
16,990,765552170
16,991,3273408896
16,992,1822741774
16,993,3774780212
16,994,3976885714
16,995,203912264
16,996,1912189302
16,997,239911356
16,998,720693498
16,999,2790830224
17,0,148878686
17,1,2877099460
17,2,1801660322
17,3,1199341144
17,4,1128270022
17,5,3287924556
17,6,3315538378
17,7,1008526752
17,8,2951697326
17,9,224304724
17,10,3277989746
17,11,2143907432
17,12,1788198422
17,13,796979932
17,14,1266497690
17,15,2799640752
17,16,3138842622
17,17,2985788644
17,18,2147530050
17,19,2714797176
17,20,3967422822
17,21,1461886060
17,22,4158948714
17,23,3790447040
17,24,2203175502
17,25,749994356
17,26,1009783058
17,27,3886809224
17,28,2074362550
17,29,431422460
17,30,4037165114
17,31,3262032080
17,32,3058901662
17,33,840455172
17,34,2413394658
17,35,2311987864
17,36,1040421382
17,37,2544783756
17,38,586918154
17,39,1482716640
17,40,2340829422
17,41,817937556
17,42,3705549490
17,43,3489737384
17,44,1908358998
17,45,4228963612
17,46,11403226
17,47,2946058480
17,48,3641593150
17,49,1247902500
17,50,4229396610
17,51,2187811000
17,52,4063660710
17,53,2776555180
17,54,485393578
17,55,4039598592
17,56,147234702
17,57,2898710452
17,58,3394669650
17,59,3128618184
17,60,2634068982
17,61,2939196988
17,62,2842326906
17,63,3799056656
17,64,3980554206
17,65,1255471684
17,66,2506403362
17,67,336471768
17,68,2532113222
17,69,3656795084
17,70,3544651850
17,71,3388237344
17,72,1993145902
17,73,4119345876
17,74,1761811954
17,75,1045120744
17,76,1895997590
17,77,3577227100
17,78,2205466
17,79,2894582064
17,80,1214876286
17,81,3572814180
17,82,1005263810
17,83,3971255544
17,84,763421670
17,85,3891691756
17,86,3943654378
17,87,4030300736
17,88,752047310
17,89,1095171572
17,90,4241352594
17,91,673462536
17,92,618595638
17,93,4190736508
17,94,2711457466
17,95,1559214416
17,96,1803394334
17,97,4223860868
17,98,2136260962
17,99,4291595032
17,100,3402384518
17,101,4225865228
17,102,1624336266
17,103,2104014432
17,104,4254311278
17,105,3351582996
17,106,1226893618
17,107,2587345704
17,108,1395646934
17,109,2986791324
17,110,1378365018
17,111,1614461296
17,112,2734204862
17,113,1673627556
17,114,1053531906
17,115,2789744952
17,116,925441318
17,117,3684270892
17,118,680993578
17,119,3100902016
17,120,3611814414
17,121,3796143156
17,122,820388562
17,123,741860680
17,124,2584688246
17,125,3163679420
17,126,2643166714
17,127,1618661776
17,128,2798955102
17,129,1660053188
17,130,1224324258
17,131,3197718360
17,132,2389798342
17,133,109070412
17,134,3454703306
17,135,927819424
17,136,1672095918
17,137,730290004
17,138,1451725938
17,139,190226280
17,140,991363862
17,141,562879452
17,142,1997641114
17,143,1698824624
17,144,982230270
17,145,551001572
17,146,4228448834
17,147,3434222968
17,148,3758044774
17,149,3581404524
17,150,332776042
17,151,4213629632
17,152,2817810254
17,153,2681174644
17,154,3153018386
17,155,440791432
17,156,3143714742
17,157,1385800956
17,158,3649330490
17,159,4087499216
17,160,3440875422
17,161,3061001476
17,162,3852699618
17,163,436499352
17,164,3467409158
17,165,2598525580
17,166,2497881610
17,167,2486335200
17,168,2766179822
17,169,3168728468
17,170,1653022642
17,171,288873384
17,172,2206729302
17,173,1255818780
17,174,1731058906
17,175,774744560
17,176,418546238
17,177,1313281060
17,178,1660110210
17,179,3582093752
17,180,819146662
17,181,3265374124
17,182,1662730666
17,183,1069687552
17,184,4138251406
17,185,2717370548
17,186,3946395986
17,187,2648595912
17,188,2141534454
17,189,2935013180
17,190,165155962
17,191,4109771280
17,192,3289801950
17,193,1146442564
17,194,1084373794
17,195,865990616
17,196,2957860934
17,197,4061646028
17,198,2819200330
17,199,145221408
17,200,1963381550
17,201,802943956
17,202,913279730
17,203,2204858344
17,204,3209880982
17,205,3976138844
17,206,2462909466
17,207,93172272
17,208,4294786942
17,209,1176496740
17,210,1524263106
17,211,2387156472
17,212,1786054886
17,213,673630700
17,214,1152884970
17,215,3879060288
17,216,3543460302
17,217,684553972
17,218,68424850
17,219,3130075656
17,220,363530806
17,221,1554463100
17,222,1524018106
17,223,453401168
17,224,698421790
17,225,1923668356
17,226,1027984994
17,227,2230705176
17,228,2418289030
17,229,3710951180
17,230,1907319946
17,231,3778918240
17,232,1072494702
17,233,1351504404
17,234,2475742770
17,235,2441180200
17,236,3108480726
17,237,1594571420
17,238,3795782490
17,239,233970288
17,240,1769725118
17,241,2054299812
17,242,3272502274
17,243,479605304
17,244,95732262
17,245,588729388
17,246,1593499690
17,247,705807232
17,248,90767118
17,249,2355135796
17,250,1137692626
17,251,3421394504
17,252,3829578614
17,253,2127369148
17,254,1892688634
17,255,4100125328
17,256,1401397086
17,257,3212689348
17,258,3068019106
17,259,3751551064
17,260,50385606
17,261,3309097292
17,262,3559134154
17,263,1115940768
17,264,694353326
17,265,50729044
17,266,859505010
17,267,3272200296
17,268,1949714454
17,269,2416887004
17,270,3050566298
17,271,1105912496
17,272,2269010430
17,273,1968027364
17,274,1927237442
17,275,4260996728
17,276,3009567590
17,277,1753427564
17,278,3493134186
17,279,417735616
17,280,219477070
17,281,1019278196
17,282,3753667346
17,283,2240144008
17,284,2319207606
17,285,3497151996
17,286,1746172474
17,287,3885755088
17,288,1335495838
17,289,3236169220
17,290,2159776994
17,291,1830864024
17,292,3585301510
17,293,2873910156
17,294,699900682
17,295,688551904
17,296,221831918
17,297,1129524884
17,298,3334343858
17,299,4153707688
17,300,720292182
17,301,119123740
17,302,3856382426
17,303,1946684144
17,304,1125431102
17,305,3636636964
17,306,966595202
17,307,134445752
17,308,1548604582
17,309,1165652140
17,310,783679146
17,311,2621629440
17,312,571001230
17,313,3254698420
17,314,86632018
17,315,4075278024
17,316,3731340790
17,317,2762401852
17,318,3572740474
17,319,859915024
17,320,3819461086
17,321,619424836
17,322,1714276386
17,323,2937309400
17,324,218875206
17,325,678385100
17,326,1153045066
17,327,1767991328
17,328,2134812718
17,329,629517524
17,330,4150917106
17,331,1722919144
17,332,1346448022
17,333,3812358492
17,334,3265683738
17,335,1322881840
17,336,1053750398
17,337,1591804772
17,338,3734484418
17,339,1749266168
17,340,558312934
17,341,2668434156
17,342,2295193066
17,343,1958216768
17,344,873758414
17,345,3156865012
17,346,3647488402
17,347,2007243528
17,348,4019523382
17,349,3866813052
17,350,3283994810
17,351,3991075664
17,352,2374141726
17,353,2980360836
17,354,713349986
17,355,2131045656
17,356,3856273030
17,357,1840621580
17,358,1870356874
17,359,2954410080
17,360,3410251118
17,361,3584920340
17,362,1720632114
17,363,2683381032
17,364,2398972886
17,365,3682968476
17,366,344189018
17,367,1424980848
17,368,3560772030
17,369,3652762020
17,370,555694338
17,371,2756330296
17,372,1528719142
17,373,4065006892
17,374,1691131178
17,375,987071616
17,376,3943175182
17,377,3813834292
17,378,2043116754
17,379,3477784392
17,380,76824694
17,381,419314876
17,382,3099770874
17,383,101782416
17,384,2197328990
17,385,1159665860
17,386,2299580066
17,387,243593560
17,388,3572381638
17,389,1143953996
17,390,1816891594
17,391,2176870560
17,392,4112110254
17,393,2547698004
17,394,2910613106
17,395,2330132840
17,396,3388181782
17,397,1057402332
17,398,465850266
17,399,3772367792
17,400,355405566
17,401,861523940
17,402,3095632962
17,403,2577872760
17,404,2594406502
17,405,1413773164
17,406,3238149226
17,407,1596679360
17,408,2796783950
17,409,126381172
17,410,4221016082
17,411,225170312
17,412,2620740022
17,413,1463875324
17,414,2958202682
17,415,1113295824
17,416,2983887262
17,417,3580550916
17,418,891396578
17,419,3877836184
17,420,2266513670
17,421,216820876
17,422,1970970634
17,423,988313824
17,424,3096393710
17,425,3357370260
17,426,1568864690
17,427,1729576360
17,428,468946518
17,429,4107212828
17,430,2427950810
17,431,623406064
17,432,3413437502
17,433,1842628132
17,434,1410654082
17,435,2112523192
17,436,2829482406
17,437,1913207212
17,438,331266986
17,439,709469440
17,440,2129059470
17,441,282835636
17,442,1814598482
17,443,2643935176
17,444,1833452278
17,445,1414730044
17,446,515722874
17,447,1095918608
17,448,3220721374
17,449,1889011012
17,450,3657913634
17,451,3933182424
17,452,3777505862
17,453,3237797580
17,454,1029214026
17,455,270592288
17,456,2306112814
17,457,3666175444
17,458,4294075634
17,459,3424508392
17,460,3620564886
17,461,2079253084
17,462,2746072602
17,463,745239600
17,464,2027858302
17,465,2738363492
17,466,2602762946
17,467,3735306232
17,468,2247578342
17,469,2427018220
17,470,1263672042
17,471,3166717248
17,472,1131549646
17,473,4284246260
17,474,3502927506
17,475,1130171400
17,476,1721570358
17,477,1531218812
17,478,4031964602
17,479,2038799440
17,480,186776606
17,481,1018596228
17,482,454158434
17,483,1375370776
17,484,4293784454
17,485,4050694412
17,486,3996475018
17,487,234469728
17,488,2476319342
17,489,1529005076
17,490,370847794
17,491,2844186152
17,492,2287022294
17,493,3950382236
17,494,4244030810
17,495,3643989104
17,496,1463568062
17,497,93672100
17,498,754845186
17,499,2707706936
17,500,1801849894
17,501,2369052204
17,502,3456916010
17,503,253707648
17,504,2082810126
17,505,3944380212
17,506,650979794
17,507,441268296
17,508,2936259958
17,509,1327850940
17,510,2304990458
17,511,965031056
17,512,2837940574
17,513,2010542532
17,514,2475776930
17,515,2941502040
17,516,943299782
17,517,3344425804
17,518,711003594
17,519,419621280
17,520,3134105518
17,521,3993338452
17,522,424401778
17,523,1189229160
17,524,4031697430
17,525,4067727068
17,526,3168971930
17,527,3859719344
17,528,1482540030
17,529,3741051108
17,530,2700470594
17,531,62572664
17,532,3384976742
17,533,3703292012
17,534,2050849130
17,535,4059473344
17,536,1758469710
17,537,69592436
17,538,1669383442
17,539,2516042888
17,540,2773243574
17,541,2869272572
17,542,3325998138
17,543,2816552144
17,544,1742272158
17,545,2013771780
17,546,3604328162
17,547,3960170136
17,548,383460870
17,549,63075724
17,550,204184842
17,551,3989600736
17,552,2598604014
17,553,1329438868
17,554,2060838578
17,555,1136651944
17,556,177623894
17,557,3623518492
17,558,2076275674
17,559,3851341040
17,560,638787902
17,561,2440814372
17,562,2254089346
17,563,2604113080
17,564,1239228070
17,565,2353922732
17,566,2788522154
17,567,232154624
17,568,21164942
17,569,2458825652
17,570,1949646930
17,571,2179772616
17,572,3762735094
17,573,2180332092
17,574,4214549370
17,575,3274278160
17,576,3439739870
17,577,2874826308
17,578,1882120738
17,579,1236363992
17,580,1621266246
17,581,4290799564
17,582,635767882
17,583,551971360
17,584,2275955246
17,585,1390091988
17,586,2752041458
17,587,2544896744
17,588,167228566
17,589,2065156956
17,590,1239620378
17,591,1111708976
17,592,573333118
17,593,2535798116
17,594,1685868482
17,595,1433063672
17,596,3431299046
17,597,1090233580
17,598,541349866
17,599,3813574208
17,600,4115507406
17,601,4133806580
17,602,1044028306
17,603,29097224
17,604,784537910
17,605,2130982012
17,606,4103471802
17,607,1643003216
17,608,377450782
17,609,2547934340
17,610,3807180130
17,611,1641402136
17,612,308271238
17,613,2892085772
17,614,2178767754
17,615,518044256
17,616,2364340078
17,617,3840802068
17,618,4130643250
17,619,2453833512
17,620,1497560534
17,621,1390179740
17,622,2945950298
17,623,1052523888
17,624,1719237566
17,625,2181557156
17,626,3131757314
17,627,2011456824
17,628,1787539750
17,629,936683308
17,630,783947562
17,631,3404662400
17,632,2898279950
17,633,2813882420
17,634,2665535186
17,635,2432018760
17,636,2542881398
17,637,3846344380
17,638,4138859002
17,639,851400080
17,640,974421598
17,641,3684944580
17,642,2858412194
17,643,638096216
17,644,1625489862
17,645,2461428812
17,646,2724498122
17,647,743140000
17,648,1853979822
17,649,159791956
17,650,3400091762
17,651,3674694504
17,652,2605192982
17,653,1851293660
17,654,2905541018
17,655,4119430576
17,656,3301603582
17,657,4231266788
17,658,3552834
17,659,2687785336
17,660,1958726246
17,661,1172900204
17,662,2414261866
17,663,4115130048
17,664,1198175054
17,665,916020852
17,666,1803022866
17,667,53065096
17,668,1501649846
17,669,2411743484
17,670,3185103162
17,671,3157052880
17,672,3851774878
17,673,750424324
17,674,970439650
17,675,3755587480
17,676,3103525638
17,677,3553525388
17,678,2177538570
17,679,1706457824
17,680,2822103534
17,681,3702774164
17,682,1924584370
17,683,1905172392
17,684,2866223190
17,685,1956375068
17,686,3136901338
17,687,1497050608
17,688,3337573950
17,689,3350820900
17,690,2758703490
17,691,3286937016
17,692,1945224102
17,693,3628649388
17,694,2048538026
17,695,1793664768
17,696,2635925646
17,697,1259842740
17,698,1901063506
17,699,2213028296
17,700,3949153526
17,701,4052575036
17,702,2119862394
17,703,1556522512
17,704,2127706334
17,705,1496495940
17,706,4238634786
17,707,819543000
17,708,3212506182
17,709,683274444
17,710,2455734602
17,711,3216108320
17,712,1843013422
17,713,2458310612
17,714,934100722
17,715,2909289448
17,716,2596272534
17,717,2763437148
17,718,3376838682
17,719,878786096
17,720,2931299198
17,721,3198701156
17,722,245603522
17,723,815227384
17,724,686922982
17,725,4093898220
17,726,2611254506
17,727,207800128
17,728,1034370510
17,729,2772654836
17,730,1975044242
17,731,2529226248
17,732,4228324918
17,733,364502396
17,734,3834060730
17,735,1260183120
17,736,597354014
17,737,1193033092
17,738,1444282978
17,739,311894040
17,740,1362083206
17,741,3800613644
17,742,3195230346
17,743,114146144
17,744,2872986734
17,745,1997485588
17,746,1524402738
17,747,1042561064
17,748,3050486486
17,749,3585662620
17,750,1080459098
17,751,697015920
17,752,1978970302
17,753,3541075108
17,754,2653265922
17,755,2345301560
17,756,2358203942
17,757,908750892
17,758,450221098
17,759,2453981056
17,760,1893290766
17,761,489449780
17,762,906134482
17,763,390339144
17,764,1916587894
17,765,2673194940
17,766,346986234
17,767,2512352912
17,768,2847896414
17,769,4102497220
17,770,2709288354
17,771,3601032280
17,772,2196399814
17,773,3930781004
17,774,1750468554
17,775,3751406496
17,776,70406574
17,777,3999069268
17,778,362067314
17,779,726832232
17,780,2128567318
17,781,1991403740
17,782,11101850
17,783,3007997616
17,784,3463785982
17,785,251796196
17,786,2856616770
17,787,3541297784
17,788,3483037542
17,789,3553383020
17,790,2516448106
17,791,2367629248
17,792,914573390
17,793,2732775284
17,794,1736253202
17,795,956409480
17,796,1825857718
17,797,3379622396
17,798,2871062074
17,799,591294160
17,800,2668617886
17,801,2005101060
17,802,841468130
17,803,646842520
17,804,2709188614
17,805,3239085964
17,806,1784125194
17,807,3332799456
17,808,3565565678
17,809,1954550420
17,810,2569388210
17,811,3565375656
17,812,2964708694
17,813,2394116892
17,814,1650404826
17,815,606965488
17,816,571050814
17,817,2492272932
17,818,2186299010
17,819,1543749304
17,820,1524918438
17,821,2583270572
17,822,594342570
17,823,1703012352
17,824,1182080398
17,825,1047963060
17,826,3078134354
17,827,2273940168
17,828,1117639158
17,829,1729858620
17,830,3157140858
17,831,2989082384
17,832,1230777822
17,833,4263579716
17,834,1399323682
17,835,65473752
17,836,833706310
17,837,2146007500
17,838,382207562
17,839,277048352
17,840,805960750
17,841,2642972884
17,842,249539570
17,843,4047924456
17,844,1042693782
17,845,3167460700
17,846,903337242
17,847,2797934384
17,848,2457979006
17,849,2646697828
17,850,1838737858
17,851,3559518968
17,852,3476799974
17,853,3988928236
17,854,1366479338
17,855,1543309376
17,856,276746958
17,857,267899892
17,858,3410294162
17,859,3865829128
17,860,2187928374
17,861,3815081596
17,862,3559275706
17,863,3641802576
17,864,2792643358
17,865,3463452292
17,866,1217204066
17,867,3359535384
17,868,4032668294
17,869,3622161420
17,870,938956170
17,871,3921722464
17,872,3800932718
17,873,361131796
17,874,2551346994
17,875,2435574056
17,876,1375764438
17,877,940263324
17,878,3278068826
17,879,1033961328
17,880,4188923326
17,881,2091851172
17,882,2876140802
17,883,1091995448
17,884,91290406
17,885,3426105644
17,886,643797290
17,887,2300610688
17,888,3161483278
17,889,1333158452
17,890,1077031122
17,891,2436401992
17,892,4077278326
17,893,1096736956
17,894,4149818362
17,895,109418384
17,896,1814587486
17,897,1182825668
17,898,1290207906
17,899,623129944
17,900,3528444870
17,901,303398476
17,902,271942858
17,903,1458465952
17,904,1877026478
17,905,2693377364
17,906,1309549170
17,907,465814888
17,908,1326752022
17,909,3481424348
17,910,3411133338
17,911,3276883888
17,912,3915244286
17,913,2607166436
17,914,1931530306
17,915,5864312
17,916,240391270
17,917,3395656556
17,918,545468522
17,919,3715918016
17,920,706338126
17,921,1291997300
17,922,2878360594
17,923,461346696
17,924,2470798774
17,925,471309052
17,926,2719419194
17,927,2165706704
17,928,138958238
17,929,3697427204
17,930,2479216098
17,931,606624152
17,932,72865030
17,933,260608140
17,934,1506972682
17,935,882670816
17,936,332696558
17,937,446843796
17,938,1109568946
17,939,1352532392
17,940,3492979286
17,941,3930111004
17,942,2247297754
17,943,3932549104
17,944,2875310142
17,945,2079762980
17,946,4093645698
17,947,3347238840
17,948,850726310
17,949,358636972
17,950,908963754
17,951,564177152
17,952,4048237198
17,953,1890295476
17,954,2595178322
17,955,1892746184
17,956,2583058166
17,957,2795484476
17,958,3366961786
17,959,1733486608
17,960,2695111390
17,961,505768260
17,962,1215924514
17,963,651877848
17,964,3947216454
17,965,1229914828
17,966,1193182026
17,967,928705824
17,968,3258437934
17,969,2011187668
17,970,2107644146
17,971,1196072424
17,972,2821358486
17,973,2270594652
17,974,2744594970
17,975,1030682672
17,976,1099529598
17,977,3094380644
17,978,1432106690
17,979,2753725432
17,980,4083410662
17,981,1916174316
17,982,3585019626
17,983,4129114432
17,984,1641310158
17,985,981617908
17,986,2464096914
17,987,3569143816
17,988,1978214454
17,989,2886152060
17,990,3614661050
17,991,2949390416
17,992,319541278
17,993,2983849860
17,994,2387745890
17,995,3872113176
17,996,602507142
17,997,3497579788
17,998,2187940490
17,999,3954818400
18,0,651884142
18,1,3293816852
18,2,30827570
18,3,1868143144
18,4,3788260566
18,5,1037283484
18,6,1284389210
18,7,519856240
18,8,1705319102
18,9,48477860
18,10,3062184450
18,11,4224227384
18,12,154181670
18,13,1039663660
18,14,3847704106
18,15,3548531072
18,16,2206563598
18,17,1117150004
18,18,292543954
18,19,3805477960
18,20,3454916982
18,21,2405304764
18,22,2997997818
18,23,689027216
18,24,4115619166
18,25,1435489732
18,26,2157940642
18,27,1972045400
18,28,2199072966
18,29,1310066508
18,30,771949002
18,31,3058232736
18,32,2777545646
18,33,604792404
18,34,3356856178
18,35,2421880424
18,36,3219645974
18,37,1019755228
18,38,556277914
18,39,3382585520
18,40,2307168254
18,41,627068132
18,42,785063234
18,43,2349141112
18,44,1693137254
18,45,1840571500
18,46,3279318378
18,47,174041536
18,48,372142670
18,49,955763060
18,50,2343663890
18,51,2393081992
18,52,2161404598
18,53,1270105084
18,54,3065718842
18,55,2041819344
18,56,2503920286
18,57,3747027972
18,58,850518754
18,59,1017686680
18,60,361937414
18,61,53909900
18,62,3829109002
18,63,3549986272
18,64,1512104174
18,65,3541730452
18,66,3249380018
18,67,3386815144
18,68,3175966550
18,69,1262757148
18,70,968157146
18,71,1340362992
18,72,3606574398
18,73,32916260
18,74,3447578754
18,75,1785192632
18,76,795062950
18,77,2390566572
18,78,1180462250
18,79,3276106240
18,80,2443134862
18,81,3853948852
18,82,1861481554
18,83,599684296
18,84,2775374838
18,85,1947852348
18,86,3084869498
18,87,541198608
18,88,4171896798
18,89,1027588676
18,90,2950239778
18,91,4256476888
18,92,540549958
18,93,3370814412
18,94,3076718666
18,95,1480093216
18,96,409183790
18,97,630063828
18,98,3622733298
18,99,2473905896
18,100,2362230934
18,101,3361173340
18,102,646221594
18,103,2623461680
18,104,802108030
18,105,2461374820
18,106,2582479810
18,107,75568376
18,108,3379170278
18,109,3311454444
18,110,3159968746
18,111,4274227776
18,112,631766222
18,113,685950452
18,114,545738642
18,115,1169408264
18,116,2324114742
18,117,866048124
18,118,40793786
18,119,1934410064
18,120,3714139422
18,121,1968818308
18,122,4217710946
18,123,3527349016
18,124,533949574
18,125,272752140
18,126,835276682
18,127,817413728
18,128,1814449006
18,129,2272715028
18,130,3962065202
18,131,3165473576
18,132,422971862
18,133,2870090140
18,134,4024899162
18,135,1906164080
18,136,769281982
18,137,3920514980
18,138,2473199362
18,139,534817080
18,140,3419292966
18,141,3480210220
18,142,3955034922
18,143,2506754688
18,144,3122172430
18,145,4203500596
18,146,4256926418
18,147,4027805000
18,148,3069402742
18,149,1297298108
18,150,1522036218
18,151,2707675536
18,152,3107213918
18,153,2780114628
18,154,279321762
18,155,735565656
18,156,3375666630
18,157,3796668492
18,158,1438547658
18,159,564752032
18,160,2570637486
18,161,2095390548
18,162,3618307186
18,163,1830299496
18,164,2237213462
18,165,2189698012
18,166,372014490
18,167,1781598640
18,168,585714942
18,169,821061092
18,170,2973985346
18,171,3658915192
18,172,123756134
18,173,28978540
18,174,316123754
18,175,935914176
18,176,4005627726
18,177,1791181428
18,178,1541449234
18,179,1986886024
18,180,3917574070
18,181,474410236
18,182,4245505338
18,183,2971095504
18,184,3119726494
18,185,73528580
18,186,3807113186
18,187,3557751704
18,188,153853702
18,189,3759841932
18,190,2643627530
18,191,3348791008
18,192,2607494638
18,193,2716384660
18,194,1808172978
18,195,608527272
18,196,738602070
18,197,1975356956
18,198,2443494618
18,199,4171805168
18,200,416033342
18,201,2861292580
18,202,3804867970
18,203,2830299576
18,204,2230343590
18,205,1229975468
18,206,3891866026
18,207,1852844800
18,208,460414094
18,209,2711064756
18,210,2286330194
18,211,2219959752
18,212,419520758
18,213,2475296572
18,214,2646408314
18,215,2163681808
18,216,3312323806
18,217,3748666180
18,218,1569104674
18,219,3967057880
18,220,76056646
18,221,1119622348
18,222,4220878154
18,223,2535190304
18,224,646806318
18,225,2861677524
18,226,1909125874
18,227,3116695528
18,228,2685210006
18,229,1137596508
18,230,3533696026
18,231,1737800240
18,232,3511871358
18,233,2962272868
18,234,256692418
18,235,1497736696
18,236,2236494054
18,237,725684716
18,238,2574354666
18,239,2582629184
18,240,1341755854
18,241,3742973684
18,242,3359472786
18,243,491827720
18,244,1950560822
18,245,1043104124
18,246,1763152826
18,247,3348324944
18,248,2037692958
18,249,2632950148
18,250,1673934434
18,251,4002964504
18,252,404443526
18,253,3678463756
18,254,3658960010
18,255,3703422816
18,256,2792333422
18,257,1659902484
18,258,2869444146
18,259,1562836008
18,260,2889731798
18,261,1137083036
18,262,3245208410
18,263,3649380976
18,264,3326969022
18,265,3037653156
18,266,370988034
18,267,291420728
18,268,2169104934
18,269,3298661420
18,270,3448817706
18,271,4074228608
18,272,1412015886
18,273,2069384500
18,274,1494562770
18,275,2633621064
18,276,1645667190
18,277,1061051324
18,278,57477882
18,279,326892176
18,280,735528798
18,281,3136325572
18,282,3506088354
18,283,2886379608
18,284,3635673798
18,285,314120524
18,286,459799498
18,287,3171938208
18,288,1054975406
18,289,2937313364
18,290,3503188338
18,291,2516277352
18,292,1399353366
18,293,1689652444
18,294,3193887386
18,295,1225386672
18,296,697041406
18,297,1108770532
18,298,3465131842
18,299,1317940856
18,300,699630438
18,301,3396695660
18,302,2728847210
18,303,2310548416
18,304,2815532110
18,305,3865361268
18,306,1881002770
18,307,3067964040
18,308,2169271478
18,309,1372558844
18,310,2299355706
18,311,3410031312
18,312,3932533918
18,313,3481456132
18,314,2020867298
18,315,1314606232
18,316,321029126
18,317,3929320332
18,318,433556234
18,319,883064800
18,320,3417541358
18,321,2332882580
18,322,2490201266
18,323,1137841320
18,324,3495752022
18,325,766310172
18,326,2713887194
18,327,2293437168
18,328,3839778622
18,329,4189549860
18,330,132348546
18,331,3865313976
18,332,1734016166
18,333,2312681644
18,334,2936268458
18,335,1193339904
18,336,2193715598
18,337,2823719348
18,338,984043090
18,339,1988843208
18,340,2830362102
18,341,3371184188
18,342,2387122554
18,343,762465040
18,344,2062549470
18,345,2293658692
18,346,629288994
18,347,1461342424
18,348,3426151750
18,349,4207123916
18,350,2813721162
18,351,403009568
18,352,3769978926
18,353,183203028
18,354,2671075314
18,355,2654679272
18,356,2515227286
18,357,3183165788
18,358,3152627994
18,359,1125161776
18,360,2585042046
18,361,2516700004
18,362,2306481602
18,363,108017400
18,364,1527797222
18,365,3889650412
18,366,16238058
18,367,3953265728
18,368,3569952462
18,369,1629861876
18,370,3724650898
18,371,1066640136
18,372,3877451574
18,373,2410687100
18,374,527347898
18,375,1352663888
18,376,1531326238
18,377,2895870596
18,378,2608153442
18,379,2681713944
18,380,1086404230
18,381,1970663436
18,382,257116554
18,383,331923552
18,384,3384210798
18,385,1522488084
18,386,2457217842
18,387,885435688
18,388,1323537366
18,389,3421563804
18,390,3575828570
18,391,4206003056
18,392,2734602686
18,393,3909452196
18,394,312320258
18,395,876792632
18,396,1571000102
18,397,1635867948
18,398,517113130
18,399,264998016
18,400,1169734670
18,401,3371845172
18,402,2004673746
18,403,3448131400
18,404,2203609206
18,405,689931452
18,406,3234834426
18,407,593107856
18,408,3241688158
18,409,423747780
18,410,2510108322
18,411,1512274264
18,412,3851509702
18,413,593207884
18,414,318732490
18,415,2893836448
18,416,2324200110
18,417,3197669716
18,418,125818482
18,419,4010051944
18,420,3725964566
18,421,2807952860
18,422,767506330
18,423,170445744
18,424,292337406
18,425,3704788964
18,426,1520305218
18,427,1298907000
18,428,4293175398
18,429,199671660
18,430,115614826
18,431,606956736
18,432,895496526
18,433,2950444148
18,434,476643346
18,435,871586696
18,436,4231362998
18,437,2957917948
18,438,1857781562
18,439,1815122896
18,440,2593532318
18,441,3300501252
18,442,3343518178
18,443,260939160
18,444,1735878918
18,445,1703195788
18,446,3976890378
18,447,1051754720
18,448,3740917742
18,449,2458333076
18,450,2409783730
18,451,210027944
18,452,1582413398
18,453,923951132
18,454,2114879194
18,455,2751689712
18,456,2939065406
18,457,1937313316
18,458,281757570
18,459,2272990136
18,460,178495910
18,461,2484568492
18,462,796697514
18,463,1901571328
18,464,3146745486
18,465,4259021492
18,466,3658873682
18,467,3731539912
18,468,142895862
18,469,3628882236
18,470,2642556538
18,471,3383979024
18,472,2368730846
18,473,3172126020
18,474,3687562530
18,475,2712019416
18,476,2873315910
18,477,889267916
18,478,1338275658
18,479,4277465376
18,480,987440430
18,481,1251683796
18,482,3022900466
18,483,618095080
18,484,577214358
18,485,4196280924
18,486,4133529114
18,487,3537009712
18,488,4262744446
18,489,3339248740
18,490,3698682562
18,491,1879099384
18,492,2125495014
18,493,1059300332
18,494,2263614186
18,495,400182592
18,496,2820062158
18,497,3003658484
18,498,3050559122
18,499,2424083464
18,500,2534751286
18,501,3962164092
18,502,963890618
18,503,2993857616
18,504,4141196318
18,505,677204868
18,506,1987203170
18,507,1241318936
18,508,3452246918
18,509,585169164
18,510,1702708874
18,511,4191797600
18,512,3388754542
18,513,1927580692
18,514,4134672434
18,515,663510568
18,516,3039254742
18,517,126964892
18,518,1057336666
18,519,2032526448
18,520,938340030
18,521,160570020
18,522,1558998530
18,523,3968654392
18,524,2497393702
18,525,3927647788
18,526,1937916458
18,527,272977280
18,528,2194002190
18,529,3883024180
18,530,2901578194
18,531,1706606664
18,532,3468160374
18,533,3472272828
18,534,2799715578
18,535,1962818704
18,536,3981914462
18,537,1151941060
18,538,848151458
18,539,2585938520
18,540,600622278
18,541,1479813964
18,542,3498374602
18,543,334426528
18,544,1882017710
18,545,2943568468
18,546,3485418354
18,547,1546893928
18,548,3647011350
18,549,242999004
18,550,2018350234
18,551,1368239280
18,552,1317759998
18,553,2233774308
18,554,696275266
18,555,984567928
18,556,3186871654
18,557,168691820
18,558,3549389162
18,559,724086208
18,560,2339161678
18,561,3408506228
18,562,3032624402
18,563,3517926536
18,564,238845622
18,565,4223854588
18,566,3256327226
18,567,937833680
18,568,1048878750
18,569,1745256452
18,570,2741901026
18,571,2074472088
18,572,975851014
18,573,2517286284
18,574,2871756042
18,575,163873248
18,576,3376297198
18,577,3159845012
18,578,2976206514
18,579,1650292392
18,580,2313452374
18,581,1441646876
18,582,982014938
18,583,4003058928
18,584,3955018046
18,585,2614142756
18,586,3514897538
18,587,4026016952
18,588,2731165350
18,589,2886486700
18,590,4251148458
18,591,286551552
18,592,3118177166
18,593,2789112756
18,594,3130173522
18,595,2683320520
18,596,3966955510
18,597,2241757756
18,598,3748254586
18,599,4189752592
18,600,1882057694
18,601,8726084
18,602,1415793186
18,603,806875864
18,604,3584931654
18,605,896839628
18,606,2277569610
18,607,1877635616
18,608,687798830
18,609,1839261396
18,610,78920178
18,611,832148200
18,612,4186037398
18,613,3170308956
18,614,2516976410
18,615,3134872880
18,616,1901201022
18,617,3349544292
18,618,3695097794
18,619,4193736952
18,620,607035366
18,621,1965419756
18,622,3209576426
18,623,1117294144
18,624,3185725646
18,625,3636505076
18,626,2746483602
18,627,4094395656
18,628,942358838
18,629,395934844
18,630,3408325306
18,631,2433434960
18,632,3223525662
18,633,2486512772
18,634,3367853410
18,635,1359501080
18,636,4079419526
18,637,662831628
18,638,1888830346
18,639,3002122848
18,640,2604638062
18,641,2942289172
18,642,721159474
18,643,427298600
18,644,2466848214
18,645,3131555228
18,646,320244314
18,647,4175381872
18,648,4179305406
18,649,2595533732
18,650,3372825346
18,651,2654793016
18,652,1525733670
18,653,2724917036
18,654,1604321066
18,655,407178880
18,656,4283491854
18,657,3670030388
18,658,1299594962
18,659,1234252104
18,660,4164252278
18,661,4106475196
18,662,3382632954
18,663,2892520848
18,664,607397470
18,665,3240530628
18,666,2076987554
18,667,3490126680
18,668,3345361350
18,669,4114789452
18,670,3891819210
18,671,392655520
18,672,3822068910
18,673,2242118484
18,674,2106372210
18,675,3246975848
18,676,4182392598
18,677,1578092508
18,678,2986996122
18,679,3275263408
18,680,1424498942
18,681,3205286372
18,682,254844482
18,683,2052645240
18,684,2548101734
18,685,149639532
18,686,2628296298
18,687,3265916608
18,688,2650233678
18,689,1011689076
18,690,2368297490
18,691,1947286920
18,692,1801552822
18,693,4163735804
18,694,2535569722
18,695,3529627088
18,696,1244730270
18,697,1030314244
18,698,3772785634
18,699,4137959320
18,700,3208327942
18,701,3217475212
18,702,3896148490
18,703,3118367456
18,704,2122353134
18,705,209559956
18,706,1303788466
18,707,693905320
18,708,118833238
18,709,1312764444
18,710,3945806042
18,711,209073648
18,712,243859006
18,713,4139663396
18,714,503636354
18,715,2212181432
18,716,1674505126
18,717,364319660
18,718,2897747370
18,719,1247227648
18,720,1906684046
18,721,2776069300
18,722,807228754
18,723,2669390280
18,724,142570742
18,725,2498145084
18,726,1744793722
18,727,1636281872
18,728,2548687070
18,729,3607985988
18,730,1665718050
18,731,1718600664
18,732,2138446918
18,733,1075722444
18,734,3819663690
18,735,2397434656
18,736,2669727534
18,737,2013044692
18,738,3838355186
18,739,2827076584
18,740,3476693398
18,741,3393584220
18,742,2933481498
18,743,2670214704
18,744,1741536126
18,745,467211876
18,746,1557529794
18,747,139717112
18,748,2139800806
18,749,3453892076
18,750,1042185450
18,751,2413612864
18,752,170649038
18,753,3595510516
18,754,4221710482
18,755,1312847368
18,756,2120173110
18,757,3590268284
18,758,3901228986
18,759,2422859344
18,760,724471326
18,761,1948452228
18,762,1716939362
18,763,419014680
18,764,3840337286
18,765,3344501516
18,766,3298508938
18,767,1661846368
18,768,830534766
18,769,338755092
18,770,2215899698
18,771,4002005032
18,772,2626216662
18,773,2838767260
18,774,1700095834
18,775,501130864
18,776,1518753982
18,777,544033956
18,778,720635906
18,779,2907897400
18,780,3823402534
18,781,3463493676
18,782,1999354922
18,783,1271582592
18,784,2941909774
18,785,2799972660
18,786,2902977490
18,787,1561305672
18,788,3016816502
18,789,1585905596
18,790,1024163578
18,791,1838710416
18,792,3654228830
18,793,314174404
18,794,1163451810
18,795,1607593048
18,796,73240262
18,797,1049050444
18,798,3982094282
18,799,3672503200
18,800,3648059822
18,801,1160428628
18,802,1692933490
18,803,50601064
18,804,4057039894
18,805,1511633116
18,806,4008988314
18,807,53046960
18,808,2558711294
18,809,243983076
18,810,3752782658
18,811,1885893240
18,812,3249280870
18,813,1283365484
18,814,4130331498
18,815,246493120
18,816,1627385934
18,817,122068852
18,818,4187916050
18,819,4279840392
18,820,3349448886
18,821,1770928636
18,822,31053370
18,823,3752031952
18,824,832276638
18,825,3370267140
18,826,1403007202
18,827,3834155160
18,828,715790342
18,829,649645964
18,830,943161098
18,831,1929282528
18,832,4072726254
18,833,2264521364
18,834,3096783026
18,835,1166071976
18,836,2313422166
18,837,3825638172
18,838,2751862234
18,839,2711131888
18,840,2341679934
18,841,138533156
18,842,3394678402
18,843,2804172472
18,844,2175897766
18,845,353885356
18,846,3514489514
18,847,1092612096
18,848,3605906830
18,849,4286999988
18,850,2394292818
18,851,3219987144
18,852,279575030
18,853,3391411260
18,854,1262685562
18,855,2769997584
18,856,2019808734
18,857,3299596356
18,858,3699139618
18,859,2829948120
18,860,3701244230
18,861,2566767052
18,862,4152618570
18,863,2145874976
18,864,2436932654
18,865,1840142548
18,866,2825589746
18,867,1838150888
18,868,1469081238
18,869,3859473756
18,870,1423621402
18,871,599531312
18,872,1434939518
18,873,1201811300
18,874,842748354
18,875,4279663352
18,876,3301239270
18,877,2370600684
18,878,2539436522
18,879,598151232
18,880,2163440334
18,881,2947783668
18,882,295591314
18,883,2199611144
18,884,498158390
18,885,3948596860
18,886,2778145978
18,887,1418626896
18,888,2885157662
18,889,1277615748
18,890,591230818
18,891,97581336
18,892,3607415430
18,893,1181094924
18,894,4119805322
18,895,774947936
18,896,2160085358
18,897,2774021908
18,898,1438244658
18,899,2327933224
18,900,2242291670
18,901,2536935324
18,902,1237468250
18,903,2351171440
18,904,3492777406
18,905,515630500
18,906,1454167298
18,907,2110721848
18,908,1672880934
18,909,2989261100
18,910,1311078698
18,911,3470168192
18,912,2262896654
18,913,1339959860
18,914,531077330
18,915,2218005320
18,916,3045751926
18,917,3493865660
18,918,354819066
18,919,1552850832
18,920,2183663710
18,921,3177399492
18,922,1664314018
18,923,2911026520
18,924,246608838
18,925,2013382220
18,926,1957260490
18,927,2188014752
18,928,1158663854
18,929,4060575060
18,930,3654388338
18,931,77942120
18,932,1995884822
18,933,3331955164
18,934,1124903834
18,935,3042987952
18,936,2371586814
18,937,4154391524
18,938,1861957698
18,939,2162033528
18,940,1867856998
18,941,415753068
18,942,1948588138
18,943,859730112
18,944,3364259150
18,945,806754420
18,946,1310831634
18,947,1455890312
18,948,3607465398
18,949,333767420
18,950,373289786
18,951,61544400
18,952,1757674910
18,953,2389773060
18,954,3484302818
18,955,2840781208
18,956,2960588038
18,957,249616524
18,958,790789130
18,959,1495565536
18,960,436155374
18,961,801903508
18,962,1174541746
18,963,2597030312
18,964,3327183446
18,965,3678667804
18,966,2030695130
18,967,1375795184
18,968,3604703294
18,969,1415279140
18,970,2859891586
18,971,3184744376
18,972,812791206
18,973,3996034476
18,974,4289435562
18,975,426684672
18,976,3719551630
18,977,3094046388
18,978,710717266
18,979,3865349064
18,980,3102899958
18,981,3914923324
18,982,2637474426
18,983,1752428560
18,984,2241579742
18,985,1298149700
18,986,2482893090
18,987,1523672536
18,988,555804230
18,989,2215856844
18,990,1464494922
18,991,1726936352
18,992,4083054894
18,993,1387663828
18,994,2744877298
18,995,1690576360
18,996,1183099798
18,997,3561344604
18,998,2617907738
18,999,3969253424
19,0,2927568254
19,1,3472967780
19,2,812555970
19,3,1111428088
19,4,668798694
19,5,4151363564
19,6,1594423018
19,7,569856320
19,8,372838350
19,9,1760433396
19,10,967346834
19,11,1989957640
19,12,3391180854
19,13,464287612
19,14,374620602
19,15,2172201040
19,16,3061807134
19,17,2688595844
19,18,3547497570
19,19,2072922648
19,20,4253069190
19,21,3903397132
19,22,2540780170
19,23,945407328
19,24,2096995950
19,25,1725263892
19,26,4092447794
19,27,3525255720
19,28,40004822
19,29,1219426460
19,30,3562873178
19,31,3887032432
19,32,3457598142
19,33,429948580
19,34,540254722
19,35,1940987960
19,36,241551398
19,37,2443069996
19,38,2022520362
19,39,3311948160
19,40,2045125902
19,41,3652068148
19,42,4183115218
19,43,2734589000
19,44,2975990134
19,45,233787836
19,46,1710143738
19,47,491438224
19,48,2436826462
19,49,1159896516
19,50,2841376674
19,51,488214104
19,52,442915014
19,53,3853668172
19,54,300345802
19,55,838137248
19,56,447521710
19,57,2419732052
19,58,810088306
19,59,2859236968
19,60,1018826262
19,61,1737458396
19,62,3260221594
19,63,2111647920
19,64,2809282558
19,65,4266202340
19,66,2434106690
19,67,263820408
19,68,3571212646
19,69,2982620268
19,70,2861061482
19,71,1414640064
19,72,3364559438
19,73,3132854644
19,74,3736264978
19,75,1595609224
19,76,1300533942
19,77,3140586492
19,78,3897823290
19,79,3799562448
19,80,1672114846
19,81,303424516
19,82,688540386
19,83,2835559064
19,84,2225201670
19,85,3158237580
19,86,1627093258
19,87,2421196256
19,88,3896215790
19,89,183782548
19,90,1241318066
19,91,222050984
19,92,1885048662
19,93,4160187676
19,94,2117849050
19,95,3249494256
19,96,1684118846
19,97,1594559268
19,98,2456045698
19,99,736651448
19,100,2752567974
19,101,3841683116
19,102,3410646186
19,103,4148392448
19,104,2046291854
19,105,3559284660
19,106,1460755538
19,107,4135713992
19,108,3042509814
19,109,3062048316
19,110,1909737338
19,111,1335038224
19,112,865189854
19,113,4113205828
19,114,1573748258
19,115,3772462808
19,116,2164476742
19,117,1163842508
19,118,2533288010
19,119,1744598560
19,120,3111800366
19,121,722717396
19,122,710536690
19,123,1914590952
19,124,1343680662
19,125,1492563804
19,126,2556917530
19,127,2645942576
19,128,3870612094
19,129,905339236
19,130,728755138
19,131,902667512
19,132,3704828902
19,133,1347096812
19,134,690172906
19,135,2932707904
19,136,3187451086
19,137,100568564
19,138,3351295890
19,139,214124808
19,140,934237494
19,141,720642172
19,142,1321164474
19,143,3140077904
19,144,3200576798
19,145,4101017732
19,146,1257607522
19,147,3727792920
19,148,2354746502
19,149,4062324236
19,150,1044461450
19,151,2777204320
19,152,439939950
19,153,1554557204
19,154,2997860658
19,155,2829243176
19,156,3334222294
19,157,2174575004
19,158,421920346
19,159,3565209968
19,160,3359373246
19,161,2501580708
19,162,1535667970
19,163,4076417336
19,164,401829158
19,165,2965771052
19,166,2321740586
19,167,1400902272
19,168,2087270926
19,169,1213471796
19,170,2383475410
19,171,2641294664
19,172,1532462710
19,173,3683941052
19,174,1130714618
19,175,1405936016
19,176,2064906846
19,177,771225284
19,178,3956442274
19,179,311844696
19,180,1534574022
19,181,3415791692
19,182,1494378186
19,183,226850464
19,184,1313306798
19,185,599975764
19,186,3159254130
19,187,3629756264
19,188,4145763094
19,189,16477148
19,190,2160551322
19,191,10490288
19,192,1522988286
19,193,2794008036
19,194,436064834
19,195,2163942776
19,196,641828454
19,197,1534883180
19,198,760844906
19,199,2515202752
19,200,1426960206
19,201,2872511092
19,202,4283567634
19,203,4229235080
19,204,3743520694
19,205,594818300
19,206,2350263610
19,207,537680336
19,208,2521753502
19,209,3620781316
19,210,867456994
19,211,1201243032
19,212,3677013766
19,213,1926425228
19,214,1640134154
19,215,1015187168
19,216,1366679022
19,217,477267348
19,218,411430834
19,219,2161306536
19,220,1006916694
19,221,4263564828
19,222,3348868314
19,223,2493757936
19,224,2821050942
19,225,2890966052
19,226,1444943234
19,227,1432582584
19,228,277708710
19,229,1031681964
19,230,3361149354
19,231,4271780608
19,232,2679768206
19,233,1454856372
19,234,1758726482
19,235,3561319880
19,236,3118303478
19,237,4121120572
19,238,3709985914
19,239,4269290000
19,240,4131763422
19,241,1074455364
19,242,233507618
19,243,2664105944
19,244,809742406
19,245,551574732
19,246,1252091210
19,247,2802841376
19,248,3616809774
19,249,4207379412
19,250,2426821362
19,251,2040432616
19,252,675755414
19,253,941465692
19,254,1576195098
19,255,3676029488
19,256,1915260798
19,257,8485476
19,258,4148115650
19,259,1036135928
19,260,396843238
19,261,3688585708
19,262,2309714154
19,263,3995718464
19,264,1816017358
19,265,2330265332
19,266,266790034
19,267,697317896
19,268,442194486
19,269,3711027580
19,270,1658354618
19,271,2778753616
19,272,952656414
19,273,3434506628
19,274,1573297762
19,275,2444946456
19,276,3079829894
19,277,2798726924
19,278,2113877130
19,279,2579351392
19,280,1282558062
19,281,2329010708
19,282,3858736690
19,283,4065100840
19,284,2259941078
19,285,100780700
19,286,740088666
19,287,4137167472
19,288,849292478
19,289,355184804
19,290,3702209538
19,291,1604796984
19,292,3026129446
19,293,1403247660
19,294,396800042
19,295,2635977600
19,296,2188005134
19,297,2681214260
19,298,836411346
19,299,1468360264
19,300,1735068534
19,301,4247757756
19,302,3247043322
19,303,2752840336
19,304,3014061918
19,305,4225978308
19,306,4271313314
19,307,4059639896
19,308,99033798
19,309,1840603468
19,310,3727418314
19,311,958134176
19,312,3554692526
19,313,2963382356
19,314,3521237362
19,315,1919737960
19,316,1511692310
19,317,1457345756
19,318,2456404634
19,319,3785945776
19,320,458861054
19,321,1952401124
19,322,3719569218
19,323,950187640
19,324,2542054246
19,325,1508359788
19,326,2425933674
19,327,470430656
19,328,1645102158
19,329,92832628
19,330,67058450
19,331,297071240
19,332,1071422646
19,333,279764476
19,334,361122362
19,335,1617296080
19,336,1957780638
19,337,1671534084
19,338,3282855138
19,339,3910522008
19,340,3893472262
19,341,1989997452
19,342,3312939786
19,343,2176485344
19,344,1236153070
19,345,1749466772
19,346,94166194
19,347,3650067624
19,348,3712686422
19,349,2982166300
19,350,1764329946
19,351,1860049648
19,352,371722046
19,353,3224124708
19,354,3383353986
19,355,2655292088
19,356,2850563238
19,357,1001849004
19,358,2329005738
19,359,1400828928
19,360,1123686798
19,361,1142837684
19,362,3013916242
19,363,1672404680
19,364,2055212534
19,365,1790539836
19,366,4078797178
19,367,421745424
19,368,1102555614
19,369,2986425412
19,370,2018940962
19,371,4171290840
19,372,1658983750
19,373,1519904204
19,374,103932490
19,375,1210677280
19,376,1101789230
19,377,3318824148
19,378,713082866
19,379,1598339304
19,380,2199222934
19,381,901417308
19,382,11284762
19,383,1221042992
19,384,3302638718
19,385,2996999012
19,386,1742505410
19,387,3189554936
19,388,207191526
19,389,3726746348
19,390,346140138
19,391,67900480
19,392,352177870
19,393,4221665268
19,394,1713050002
19,395,2969774856
19,396,639983414
19,397,4133843580
19,398,1721735354
19,399,3839691600
19,400,2559170334
19,401,2903655044
19,402,3756370786
19,403,4197072152
19,404,3005767302
19,405,1253455884
19,406,3937087882
19,407,955828320
19,408,128556398
19,409,4115733268
19,410,3789394738
19,411,2468099368
19,412,4132027350
19,413,2581345180
19,414,557955162
19,415,4059401072
19,416,2168480190
19,417,500320676
19,418,2006714626
19,419,498815800
19,420,396932902
19,421,3191317804
19,422,3025693994
19,423,3326186624
19,424,2146001934
19,425,3827437108
19,426,951209170
19,427,3040991048
19,428,2308739190
19,429,918604988
19,430,4099706874
19,431,2988647312
19,432,2935481438
19,433,853846212
19,434,3047792290
19,435,524419416
19,436,1303676870
19,437,268954188
19,438,892559562
19,439,3635968160
19,440,2675385006
19,441,987126100
19,442,3305324146
19,443,1554387304
19,444,431480086
19,445,758463964
19,446,188358554
19,447,3304575920
19,448,1563057918
19,449,3955974116
19,450,2956487746
19,451,2595243896
19,452,1554370662
19,453,4043900780
19,454,1749421162
19,455,179270848
19,456,3817658702
19,457,3450862708
19,458,1085958162
19,459,2214257544
19,460,599105974
19,461,1188792060
19,462,2560911162
19,463,1199938512
19,464,1926353310
19,465,965242628
19,466,2901570018
19,467,4051183000
19,468,3746992390
19,469,194837644
19,470,538603530
19,471,2214103264
19,472,3303311342
19,473,4067489684
19,474,1698810290
19,475,4218572200
19,476,137354838
19,477,3604326428
19,478,1994745562
19,479,4099832816
19,480,577256510
19,481,513660452
19,482,3238113154
19,483,1787534264
19,484,2753612198
19,485,598067628
19,486,2797243306
19,487,434484480
19,488,1471688334
19,489,2690337460
19,490,2340643666
19,491,2294173640
19,492,2873135862
19,493,3653607740
19,494,3351715450
19,495,1133802512
19,496,2313658078
19,497,3473773892
19,498,1896883490
19,499,1381804504
19,500,1289648710
19,501,914714316
19,502,1571839818
19,503,1867053344
19,504,3955346734
19,505,2419127764
19,506,1273574642
19,507,118548968
19,508,344047510
19,509,365785692
19,510,2492698138
19,511,2327413808
19,512,1388968318
19,513,3495537764
19,514,1363661506
19,515,450711544
19,516,4008288998
19,517,2602429420
19,518,1577446122
19,519,343168320
19,520,2889573326
19,521,1546909940
19,522,509427346
19,523,2266766344
19,524,252535862
19,525,982457212
19,526,1846851002
19,527,484420688
19,528,1376341022
19,529,428088196
19,530,2773661794
19,531,2071957016
19,532,3004973958
19,533,567361804
19,534,407187082
19,535,2805582176
19,536,1071575662
19,537,2686866452
19,538,4199120946
19,539,1863444008
19,540,3380445398
19,541,19700892
19,542,211064154
19,543,1788406896
19,544,673158846
19,545,856613540
19,546,5953026
19,547,2436195384
19,548,1976589350
19,549,880897580
19,550,4101515818
19,551,4075509120
19,552,1759934734
19,553,424281908
19,554,4137155026
19,555,2594457672
19,556,1978406262
19,557,1279784380
19,558,4024249594
19,559,569853072
19,560,3775322462
19,561,1459356100
19,562,3842648994
19,563,4268806744
19,564,1725951174
19,565,4136661836
19,566,4062764490
19,567,274397600
19,568,2769024942
19,569,3328250452
19,570,3920800626
19,571,2063942248
19,572,3925025302
19,573,1208166108
19,574,4281891994
19,575,1317844144
19,576,2486768638
19,577,2429384932
19,578,1703590210
19,579,186898552
19,580,2846160230
19,581,1692422252
19,582,1214335338
19,583,2245703104
19,584,3448335950
19,585,128808308
19,586,159618322
19,587,921097352
19,588,1051502262
19,589,2315268092
19,590,695239738
19,591,2037071056
19,592,78661278
19,593,3716499460
19,594,3280371426
19,595,3300947608
19,596,4109989382
19,597,1976763788
19,598,95120650
19,599,1732020704
19,600,3071859950
19,601,3203477652
19,602,2339681970
19,603,3397058216
19,604,1890755414
19,605,828444956
19,606,80692186
19,607,3374636272
19,608,1088844094
19,609,1269133092
19,610,271023234
19,611,507030712
19,612,859270822
19,613,961188524
19,614,2953922730
19,615,1976727040
19,616,3522446222
19,617,1869497268
19,618,1148194898
19,619,661897416
19,620,2037750
19,621,113756732
19,622,1864285050
19,623,566990096
19,624,1121293278
19,625,456126020
19,626,3424104994
19,627,268335832
19,628,574152518
19,629,4171823052
19,630,3843873866
19,631,1080982048
19,632,3386221102
19,633,1575399124
19,634,1222615538
19,635,1426266856
19,636,2425095318
19,637,2622905180
19,638,766044954
19,639,1156670768
19,640,2415373950
19,641,3718694244
19,642,2273386434
19,643,3087261944
19,644,4082616294
19,645,1456485612
19,646,4191692778
19,647,1130534464
19,648,636942542
19,649,2963042804
19,650,2360175506
19,651,2413497608
19,652,2299750710
19,653,1840170108
19,654,2369245882
19,655,4054338896
19,656,3645292830
19,657,2517365892
19,658,2181940578
19,659,2042289944
19,660,3949865094
19,661,1881295372
19,662,2597137290
19,663,142658144
19,664,3910289262
19,665,2404486420
19,666,2202234162
19,667,1781372712
19,668,3025094102
19,669,4294116764
19,670,34959962
19,671,75648368
19,672,2604452798
19,673,3638655908
19,674,1256694530
19,675,504722744
19,676,47579430
19,677,4202772268
19,678,1812326186
19,679,1192957568
19,680,828476942
19,681,1128792116
19,682,3213600466
19,683,3953965384
19,684,3763968630
19,685,29695676
19,686,3356215802
19,687,2542888336
19,688,3184774750
19,689,3962133188
19,690,1622718626
19,691,4085621592
19,692,2238271942
19,693,1699675212
19,694,2836159178
19,695,67336864
19,696,3634285742
19,697,1463929684
19,698,2481985650
19,699,2978640744
19,700,2127324950
19,701,1799819228
19,702,2187647386
19,703,577213872
19,704,881182974
19,705,3882193380
19,706,3517646402
19,707,3992807800
19,708,2994870886
19,709,4184709484
19,710,3303704170
19,711,2978739904
19,712,335807310
19,713,3078680180
19,714,2992292370
19,715,242795912
19,716,1153543094
19,717,2652559612
19,718,3689587002
19,719,2585189840
19,720,2655828894
19,721,3549962500
19,722,3681061858
19,723,3337537432
19,724,1559911174
19,725,4181659276
19,726,170551818
19,727,1334217440
19,728,340472302
19,729,3519506836
19,730,3426067378
19,731,715763624
19,732,3402852438
19,733,2237823516
19,734,652681434
19,735,2435923440
19,736,3852641854
19,737,3410167844
19,738,2333821314
19,739,491503032
19,740,2334921638
19,741,3232062380
19,742,987104682
19,743,2336569088
19,744,2779666574
19,745,3042393268
19,746,845856082
19,747,600781256
19,748,756784374
19,749,3049255740
19,750,4247017594
19,751,1472771600
19,752,3766585566
19,753,443041604
19,754,1567440674
19,755,2508606424
19,756,384910406
19,757,3842146508
19,758,813128010
19,759,3751410464
19,760,3488053038
19,761,854747092
19,762,1969491698
19,763,756763624
19,764,2872330646
19,765,2371175516
19,766,3756804122
19,767,460277296
19,768,4033045374
19,769,1586093668
19,770,3733482690
19,771,4186993144
19,772,1302588646
19,773,1429765612
19,774,2081973482
19,775,3033978688
19,776,1982893518
19,777,4242205428
19,778,84646034
19,779,2940206600
19,780,1211592246
19,781,1405382012
19,782,3624464314
19,783,121040464
19,784,2722248222
19,785,2796146052
19,786,1243009634
19,787,1490825240
19,788,2417888646
19,789,2041139980
19,790,105064586
19,791,2160970592
19,792,4148403310
19,793,3335702036
19,794,3502987826
19,795,1752123432
19,796,1790905046
19,797,1513057948
19,798,365186906
19,799,1672588912
19,800,1318584510
19,801,2471105700
19,802,725774338
19,803,677086776
19,804,4072252966
19,805,1412890668
19,806,2936120362
19,807,3872446336
19,808,3445269262
19,809,1713109300
19,810,3884798930
19,811,2354784840
19,812,2095390582
19,813,456673212
19,814,2431149818
19,815,3069281936
19,816,3109995358
19,817,1986835396
19,818,4239738274
19,819,1652585560
19,820,3713054406
19,821,2688779596
19,822,3990738890
19,823,3618765728
19,824,774873518
19,825,4051207252
19,826,398165362
19,827,3828720744
19,828,2353245206
19,829,1526790364
19,830,2831103642
19,831,3834148528
19,832,2987425278
19,833,1939057380
19,834,3365491522
19,835,2805791352
19,836,2872917862
19,837,4071678572
19,838,1910621034
19,839,2982361024
19,840,2868680782
19,841,3777652596
19,842,2403331858
19,843,4004558472
19,844,3925127350
19,845,1194033660
19,846,3289562682
19,847,1300790992
19,848,3014078622
19,849,2680224260
19,850,3365443810
19,851,1543706776
19,852,1264140294
19,853,3655407500
19,854,3247925002
19,855,1624673248
19,856,3497756398
19,857,787718804
19,858,2072285362
19,859,4294860968
19,860,3398577494
19,861,2530861852
19,862,4046257626
19,863,4035157744
19,864,2224872254
19,865,561422628
19,866,98375298
19,867,3418672824
19,868,3758012582
19,869,4256572588
19,870,3674784426
19,871,2117990400
19,872,3336990094
19,873,1981167028
19,874,2842913362
19,875,1641063112
19,876,3862307318
19,877,2863537212
19,878,2245522810
19,879,2307643152
19,880,3605757406
19,881,1354145860
19,882,4178627618
19,883,1190403288
19,884,1594337606
19,885,1066535372
19,886,3552564810
19,887,1892383776
19,888,4059515950
19,889,324280532
19,890,628521970
19,891,1935244520
19,892,410685078
19,893,2898931036
19,894,3210585370
19,895,2989696816
19,896,3893172350
19,897,3607295844
19,898,710785474
19,899,1132659448
19,900,835588582
19,901,3663120108
19,902,2026283498
19,903,2362513472
19,904,2431132366
19,905,1156539380
19,906,3682059666
19,907,3377131272
19,908,7959350
19,909,2966427260
19,910,1653083322
19,911,25923408
19,912,553364254
19,913,3479021188
19,914,3513638754
19,915,2095284504
19,916,3576427142
19,917,2187746316
19,918,4003931530
19,919,874564704
19,920,1584591214
19,921,1252654868
19,922,920733490
19,923,1305934120
19,924,2697777110
19,925,3554793372
19,926,1537289306
19,927,740757360
19,928,3056678334
19,929,3863522724
19,930,1969962242
19,931,336041784
19,932,2038123302
19,933,2242038060
19,934,1365991722
19,935,4128020608
19,936,819050510
19,937,2244342324
19,938,3265069266
19,939,1622121288
19,940,4287538294
19,941,1554084028
19,942,1584595962
19,943,605530000
19,944,1202174046
19,945,2043022532
19,946,2365575842
19,947,2942387544
19,948,2727746502
19,949,3949858380
19,950,1419597002
19,951,2942729376
19,952,2579396270
19,953,2567257428
19,954,3373593202
19,955,4144420200
19,956,3327717654
19,957,3677413852
19,958,2252837786
19,959,955209648
19,960,2161718014
19,961,3109536740
19,962,508928066
19,963,2598538104
19,964,3352716390
19,965,2494180204
19,966,3813081194
19,967,2860546240
19,968,2255695182
19,969,2292834420
19,970,4096990226
19,971,3146688392
19,972,3796219318
19,973,1228024572
19,974,4125678394
19,975,935337936
19,976,3099567518
19,977,3321877252
19,978,1595319778
19,979,3892144536
19,980,4095091974
19,981,1538859148
19,982,3220333578
19,983,3207367904
19,984,3752451054
19,985,3665157012
19,986,3982589362
19,987,779686312
19,988,602862166
19,989,700927004
19,990,2007030490
19,991,2333868016
19,992,2446659646
19,993,3527424548
19,994,1416422274
19,995,2376327096
19,996,1705991590
19,997,880602540
19,998,615088042
19,999,1924970752
20,0,698122894
20,1,3047894708
20,2,4253685586
20,3,3312980936
20,4,3748570870
20,5,2844935484
20,6,490312314
20,7,1528100880
20,8,2584965854
20,9,1109064004
20,10,1929533730
20,11,2286415320
20,12,779882054
20,13,1280807628
20,14,1660310346
20,15,402849056
20,16,604315950
20,17,51108308
20,18,2903959794
20,19,196980200
20,20,2355024790
20,21,3199538780
20,22,3757900314
20,23,2906458160
20,24,3941911934
20,25,3406958692
20,26,1057031874
20,27,4191917048
20,28,3554031334
20,29,707465196
20,30,2212683498
20,31,4015085888
20,32,1780332494
20,33,2363088116
20,34,1676800658
20,35,3254509576
20,36,1708750902
20,37,1221705596
20,38,1085614522
20,39,2225483856
20,40,3379765278
20,41,2485616516
20,42,3960663138
20,43,1238422040
20,44,4002928518
20,45,3461965068
20,46,3891864202
20,47,1182387552
20,48,312493678
20,49,517421076
20,50,159724594
20,51,4268010024
20,52,175674582
20,53,822755484
20,54,3886811482
20,55,31617136
20,56,1174956734
20,57,1440564900
20,58,4251060738
20,59,1159309368
20,60,3407540262
20,61,3536097836
20,62,3879935530
20,63,2563660160
20,64,1338428686
20,65,2789600052
20,66,2763697618
20,67,1286212680
20,68,475408758
20,69,2315295164
20,70,1152098554
20,71,2198063248
20,72,3702435166
20,73,2050319812
20,74,3851968418
20,75,1042814552
20,76,154763462
20,77,2328794956
20,78,1900728778
20,79,2938174880
20,80,256592814
20,81,1374156372
20,82,4227620722
20,83,3455977064
20,84,3775673878
20,85,2950089436
20,86,788394138
20,87,3281795248
20,88,350218238
20,89,1018289380
20,90,2799693122
20,91,753802360
20,92,1011714406
20,93,593065068
20,94,2904178026
20,95,3217275328
20,96,2590491214
20,97,2986301812
20,98,892619026
20,99,1494390920
20,100,3786717878
20,101,1747899388
20,102,2238511162
20,103,4240294096
20,104,563485342
20,105,3394546692
20,106,1927459554
20,107,3470637720
20,108,2335246854
20,109,3267832204
20,110,2570805514
20,111,2391313888
20,112,903229678
20,113,3628995732
20,114,1976330930
20,115,2585379496
20,116,2330572630
20,117,36353308
20,118,3460478938
20,119,83517680
20,120,2169193790
20,121,1637864228
20,122,1254797442
20,123,3337154744
20,124,1346241190
20,125,2834937516
20,126,2880978090
20,127,2361489920
20,128,3251672974
20,129,2014717876
20,130,2192491602
20,131,851805384
20,132,3435473910
20,133,1986817596
20,134,3611897722
20,135,1885608208
20,136,2650367966
20,137,1922388548
20,138,2671896098
20,139,3179396824
20,140,3108926278
20,141,1330846668
20,142,1914359882
20,143,4181753376
20,144,1511061038
20,145,102339284
20,146,1615156722
20,147,3662143208
20,148,3135314070
20,149,2266365788
20,150,1439325978
20,151,2962024752
20,152,1830453886
20,153,3199674724
20,154,4034024386
20,155,2157585656
20,156,1740397542
20,157,2293586156
20,158,829234154
20,159,5741120
20,160,4124134606
20,161,3633993204
20,162,4068089746
20,163,2102579464
20,164,743931190
20,165,3754518652
20,166,2257602234
20,167,881250640
20,168,262706462
20,169,2030524548
20,170,1845885282
20,171,597959448
20,172,274840710
20,173,2709679628
20,174,2251890570
20,175,3688418912
20,176,130784110
20,177,1197109524
20,178,2629247282
20,179,1578654504
20,180,1539463638
20,181,900245916
20,182,3454330458
20,183,2296631664
20,184,1914544062
20,185,1711792036
20,186,2535905026
20,187,529643832
20,188,462984486
20,189,2140953388
20,190,76077866
20,191,4078312064
20,192,507109902
20,193,3415991348
20,194,3789970130
20,195,877296968
20,196,2268835446
20,197,1733673660
20,198,1469201914
20,199,2008410512
20,200,3967001182
20,201,4223319748
20,202,3665751202
20,203,1926555480
20,204,1161487814
20,205,3261407308
20,206,3622194890
20,207,4209082016
20,208,2195071150
20,209,539012948
20,210,74566770
20,211,1293629288
20,212,2422045462
20,213,2633151452
20,214,3068284314
20,215,680466864
20,216,3794050302
20,217,2174875108
20,218,909654594
20,219,3244273016
20,220,1017294438
20,221,3804151148
20,222,1666939498
20,223,361560768
20,224,3671742286
20,225,1630196340
20,226,2789438994
20,227,2872871304
20,228,2621554614
20,229,1747025148
20,230,2258572602
20,231,1082221008
20,232,1646956446
20,233,817857796
20,234,3623665634
20,235,1956907928
20,236,1151987462
20,237,1393242764
20,238,3782368778
20,239,4075458272
20,240,3338700270
20,241,746343828
20,242,1757763506
20,243,652243880
20,244,3011673174
20,245,3825475100
20,246,152212698
20,247,35570160
20,248,3338631742
20,249,1402301476
20,250,3170270594
20,251,3683910072
20,252,3551176614
20,253,2670493612
20,254,70580650
20,255,4031527680
20,256,2206379150
20,257,3243712692
20,258,2363584850
20,259,2377709000
20,260,1647948022
20,261,3577517884
20,262,3355888762
20,263,1836661264
20,264,1453153502
20,265,1713744708
20,266,1372549922
20,267,1252102104
20,268,863950918
20,269,2357503180
20,270,2502774090
20,271,948174624
20,272,2283457326
20,273,545082324
20,274,2466366194
20,275,3271036904
20,276,1476484502
20,277,3387746396
20,278,885373978
20,279,1612892720
20,280,3799922558
20,281,905069156
20,282,313630914
20,283,1002354168
20,284,562069734
20,285,972399084
20,286,358963434
20,287,3823360832
20,288,671277518
20,289,741396212
20,290,3675278482
20,291,3746546184
20,292,133399094
20,293,968298876
20,294,1209623482
20,295,3039654480
20,296,1738279454
20,297,33370500
20,298,726074978
20,299,1851618328
20,300,1854513542
20,301,1071740684
20,302,1567038602
20,303,406703968
20,304,838135918
20,305,3358829076
20,306,1148653106
20,307,1358040104
20,308,1219108566
20,309,2780631708
20,310,575390554
20,311,1697329776
20,312,2926630078
20,313,2596829348
20,314,381264898
20,315,124766776
20,316,2666805798
20,317,3492422700
20,318,1027381290
20,319,686021504
20,320,2418734862
20,321,4190625076
20,322,3458205650
20,323,4220579400
20,324,4097782646
20,325,3097553852
20,326,2871450362
20,327,2788035216
20,328,3942029150
20,329,2186680260
20,330,1068726690
20,331,2976364632
20,332,2325367494
20,333,3593578828
20,334,477088714
20,335,3064463264
20,336,3898537390
20,337,128936020
20,338,913652082
20,339,1482582120
20,340,2286731286
20,341,1719966940
20,342,838118042
20,343,197655216
20,344,1554469374
20,345,203951844
20,346,2690549570
20,347,3157737080
20,348,4241871718
20,349,383387244
20,350,2584393578
20,351,3487316928
20,352,1003154510
20,353,2586594164
20,354,2606801682
20,355,2517400200
20,356,3320628406
20,357,218768892
20,358,226439738
20,359,2802516688
20,360,4001170590
20,361,2101370372
20,362,1650773218
20,363,1028676760
20,364,1417729030
20,365,1350908812
20,366,748116746
20,367,273846240
20,368,2267601646
20,369,3674244756
20,370,441205938
20,371,3100452008
20,372,1371095382
20,373,2471724828
20,374,1007710682
20,375,646521584
20,376,3606163262
20,377,740361508
20,378,2129676930
20,379,799347384
20,380,603278502
20,381,1528121516
20,382,3256858282
20,383,3244096512
20,384,1655882126
20,385,2507020724
20,386,1881284178
20,387,3125962440
20,388,1405892086
20,389,2315436092
20,390,57829754
20,391,4132723472
20,392,939479518
20,393,2697724996
20,394,1588264994
20,395,2477220056
20,396,3507305798
20,397,1206660556
20,398,1613613642
20,399,4190994464
20,400,2720178222
20,401,1446446292
20,402,2571907058
20,403,2848866536
20,404,398434966
20,405,1262080348
20,406,2431588634
20,407,1610525488
20,408,3206540414
20,409,3032701796
20,410,2042555842
20,411,2403944184
20,412,891463142
20,413,2179721964
20,414,3284899306
20,415,3187022912
20,416,4105336526
20,417,2342340596
20,418,1907653010
20,419,3421680392
20,420,2897053494
20,421,446347900
20,422,2572189882
20,423,2862224208
20,424,1162706718
20,425,3003714180
20,426,4158002018
20,427,2382152984
20,428,1024427654
20,429,3983966220
20,430,25368970
20,431,531157088
20,432,2233222510
20,433,2774721300
20,434,1422195506
20,435,3136404776
20,436,2234508246
20,437,1162312604
20,438,4175470682
20,439,985174896
20,440,1862404542
20,441,2015302052
20,442,1343910146
20,443,1622399800
20,444,2301484838
20,445,141421868
20,446,626939178
20,447,1580702848
20,448,2577009678
20,449,885642804
20,450,3177690322
20,451,2256363336
20,452,392214646
20,453,1105335484
20,454,1399420922
20,455,2993433488
20,456,1278708830
20,457,2449961156
20,458,3912631970
20,459,1574996312
20,460,223850438
20,461,171192908
20,462,3538372810
20,463,108298400
20,464,870697646
20,465,211034452
20,466,3859195506
20,467,3553073512
20,468,2094662934
20,469,3498870236
20,470,3023374234
20,471,289856432
20,472,4167567102
20,473,1615079396
20,474,3109213250
20,475,2171916152
20,476,2967926886
20,477,61558636
20,478,3844600938
20,479,313621696
20,480,2973335886
20,481,1627636852
20,482,1753993234
20,483,4253182856
20,484,313903542
20,485,451464956
20,486,772624186
20,487,3562709968
20,488,982350238
20,489,869742340
20,490,3860519394
20,491,2363665816
20,492,4004886790
20,493,4281681036
20,494,246044682
20,495,180392160
20,496,1783574510
20,497,3889872788
20,498,3730911666
20,499,870307240
20,500,428738134
20,501,3558404124
20,502,2067549914
20,503,372868080
20,504,622978110
20,505,1866636836
20,506,1689786242
20,507,656155576
20,508,1964896678
20,509,548671916
20,510,2037937066
20,511,603176192
20,512,1398855310
20,513,4166718132
20,514,2154875730
20,515,2626803656
20,516,1434237686
20,517,1488906556
20,518,2643199610
20,519,2935323664
20,520,3055503070
20,521,2793954628
20,522,2580843810
20,523,4237504984
20,524,3321471558
20,525,3314136780
20,526,1729906506
20,527,1629290784
20,528,2619897134
20,529,2873540052
20,530,3341065458
20,531,1925870056
20,532,2921064342
20,533,3472669276
20,534,2118546970
20,535,1411419184
20,536,1996464510
20,537,3207230564
20,538,4187634370
20,539,3745110008
20,540,3600992998
20,541,2761438188
20,542,3500135146
20,543,2995674432
20,544,1340083150
20,545,4208967924
20,546,174499474
20,547,658220040
20,548,3464858678
20,549,1182032764
20,550,2385878458
20,551,3100423248
20,552,482145310
20,553,271246212
20,554,2813534306
20,555,3867285016
20,556,2951965574
20,557,3997272332
20,558,109909642
20,559,370790752
20,560,4114717294
20,561,3806862356
20,562,564193330
20,563,2149019176
20,564,3310594262
20,565,3628590236
20,566,1705213274
20,567,2911630448
20,568,668024510
20,569,2181802660
20,570,390675970
20,571,2405297208
20,572,239436838
20,573,1818736172
20,574,1357779498
20,575,3071368576
20,576,780607758
20,577,2158087988
20,578,62742994
20,579,3104821320
20,580,2761964918
20,581,3340320188
20,582,1683625210
20,583,1081101456
20,584,2218164574
20,585,2932787652
20,586,2869334946
20,587,3695139416
20,588,24319174
20,589,2725034828
20,590,2404173258
20,591,239534496
20,592,1500159918
20,593,852417108
20,594,1730548594
20,595,2740374120
20,596,570771990
20,597,2668261084
20,598,1369662618
20,599,3708533936
20,600,694598654
20,601,32915684
20,602,1427448130
20,603,1964531832
20,604,2362842470
20,605,3979516012
20,606,3635622250
20,607,34389440
20,608,791025230
20,609,3115400564
20,610,1640299794
20,611,3315489928
20,612,916246198
20,613,1438480380
20,614,4232670266
20,615,1819296976
20,616,3126587038
20,617,3632533508
20,618,924772066
20,619,3344629400
20,620,1195941382
20,621,2736475532
20,622,464213258
20,623,104108512
20,624,1685292270
20,625,1460336788
20,626,151264946
20,627,2081982120
20,628,3204500310
20,629,1783912732
20,630,3667274714
20,631,1966073072
20,632,630200638
20,633,2700752676
20,634,1112401026
20,635,637088952
20,636,4213479078
20,637,872995500
20,638,3191812266
20,639,1007713792
20,640,1233972110
20,641,3994946484
20,642,298678354
20,643,410470600
20,644,457916406
20,645,91296316
20,646,2857608058
20,647,995925264
20,648,1157446622
20,649,4217026116
20,650,3612088866
20,651,3915711192
20,652,1178863430
20,653,1230847948
20,654,1039713354
20,655,2456977952
20,656,1781287470
20,657,598505172
20,658,1888160242
20,659,32285416
20,660,3474336918
20,661,422945628
20,662,281793306
20,663,3767037232
20,664,2115851902
20,665,3643247972
20,666,1715701698
20,667,2408605944
20,668,973139942
20,669,3858398444
20,670,3487698922
20,671,3853295168
20,672,764125390
20,673,2113419764
20,674,4180071314
20,675,3576337672
20,676,561746230
20,677,2168720508
20,678,986233530
20,679,2210747728
20,680,1642752286
20,681,2640493700
20,682,249441634
20,683,3689768728
20,684,4214575238
20,685,2252509708
20,686,8721290
20,687,529584736
20,688,1986326382
20,689,2227393812
20,690,4278900018
20,691,2221088552
20,692,3172298198
20,693,582897052
20,694,2090097242
20,695,1638225264
20,696,1289647038
20,697,1015956388
20,698,1078332162
20,699,4151180600
20,700,1648044326
20,701,1075281708
20,702,1407962922
20,703,1467031168
20,704,1123169806
20,705,3780102196
20,706,4112584402
20,707,2001224008
20,708,1342030454
20,709,205940412
20,710,4059607546
20,711,4097469840
20,712,116618846
20,713,1554784964
20,714,1495605410
20,715,2424580952
20,716,2599188934
20,717,3806020684
20,718,3852485322
20,719,4062151328
20,720,1290630318
20,721,2120192852
20,722,231964786
20,723,2869689192
20,724,734957334
20,725,2516473820
20,726,507494810
20,727,320249264
20,728,1671655678
20,729,1967020516
20,730,1202024002
20,731,4213305720
20,732,3299033702
20,733,393208172
20,734,145518186
20,735,3253599936
20,736,2844830542
20,737,2822026868
20,738,3675007506
20,739,3529526664
20,740,3852587958
20,741,2173182204
20,742,2352187706
20,743,323741136
20,744,3790103454
20,745,4014401796
20,746,695268322
20,747,1354321816
20,748,2453242630
20,749,2151110284
20,750,3885650442
20,751,648975072
20,752,1771428334
20,753,747712916
20,754,3996453810
20,755,1970747304
20,756,4128346198
20,757,436584988
20,758,1847462106
20,759,3882632688
20,760,1279020606
20,761,1162334244
20,762,3954291074
20,763,2419869112
20,764,3926473638
20,765,3641942956
20,766,611577258
20,767,766721792
20,768,959905934
20,769,2058814644
20,770,2016945490
20,771,302168520
20,772,1496827126
20,773,1410939708
20,774,1036599418
20,775,1065991696
20,776,1486434526
20,777,591597380
20,778,3943802658
20,779,3189560280
20,780,2246863942
20,781,392612044
20,782,2026062154
20,783,2983068448
20,784,3022638
20,785,3278385108
20,786,3917444850
20,787,993317864
20,788,783184278
20,789,3991178332
20,790,1551839258
20,791,2838908464
20,792,1215892350
20,793,2260379236
20,794,2478494914
20,795,72153592
20,796,2470253798
20,797,2316486124
20,798,1435651306
20,799,2068897600
20,800,2176136654
20,801,417772276
20,802,2448752786
20,803,3116336648
20,804,1502582326
20,805,2399778172
20,806,3003766714
20,807,2944661072
20,808,2295717406
20,809,3736114564
20,810,22493794
20,811,3527325720
20,812,1389704582
20,813,4185496332
20,814,2204831882
20,815,1611518816
20,816,4236657774
20,817,2398391828
20,818,1090699826
20,819,2882850856
20,820,544551638
20,821,3903501980
20,822,1370699610
20,823,4211390064
20,824,1378461886
20,825,732355748
20,826,2668681218
20,827,4242804280
20,828,3104755238
20,829,3346876460
20,830,3260517418
20,831,1666637696
20,832,3403369230
20,833,1523826996
20,834,3851598802
20,835,2770776648
20,836,3447277430
20,837,3580465084
20,838,272977658
20,839,1909100176
20,840,1215195998
20,841,530545604
20,842,3348213154
20,843,3736009816
20,844,230940358
20,845,260033868
20,846,1776402378
20,847,3590194080
20,848,40782254
20,849,4081470548
20,850,772730226
20,851,3471256680
20,852,1312150550
20,853,2036875484
20,854,772415130
20,855,1466400432
20,856,454960638
20,857,1042051812
20,858,1694743362
20,859,2006024824
20,860,2353948518
20,861,3328387692
20,862,152284010
20,863,1985298368
20,864,343490638
20,865,814624628
20,866,677467922
20,867,130563720
20,868,3552893110
20,869,1648937468
20,870,4056655418
20,871,1827505872
20,872,624089246
20,873,4229939716
20,874,2433810658
20,875,2365431960
20,876,59271174
20,877,3666435980
20,878,108482314
20,879,2418971616
20,880,1840656110
20,881,1819110036
20,882,3790862514
20,883,66840744
20,884,1925207382
20,885,2804755228
20,886,1238623706
20,887,284075760
20,888,220627774
20,889,3760941348
20,890,887324290
20,891,3387250360
20,892,1976295590
20,893,1406430380
20,894,1075227306
20,895,484179968
20,896,375330190
20,897,2720398772
20,898,129028690
20,899,1832135368
20,900,3275901430
20,901,146236476
20,902,1810685306
20,903,1602019088
20,904,1693656542
20,905,2722195524
20,906,2837787682
20,907,3736773848
20,908,3102921030
20,909,1940279756
20,910,2877013578
20,911,3811542048
20,912,1378743342
20,913,2390354132
20,914,2248270834
20,915,44238056
20,916,2162472598
20,917,285832540
20,918,1969261850
20,919,1378496304
20,920,1242742910
20,921,1273216868
20,922,1442849218
20,923,2708441848
20,924,374815206
20,925,3571519212
20,926,4121987562
20,927,2541428800
20,928,1079823054
20,929,3484101620
20,930,684797330
20,931,3103422216
20,932,717331254
20,933,868572796
20,934,184087738
20,935,3758659408
20,936,92230430
20,937,1477734020
20,938,1394493282
20,939,762710296
20,940,3939703430
20,941,2347148300
20,942,591334794
20,943,4220572768
20,944,2074450286
20,945,91997972
20,946,998813490
20,947,3664544040
20,948,2742220758
20,949,3993837468
20,950,4177531994
20,951,497686384
20,952,2880626110
20,953,3545593252
20,954,128558338
20,955,62922552
20,956,1187017510
20,957,1184436524
20,958,808536362
20,959,4274167936
20,960,3124912142
20,961,4046305844
20,962,689072338
20,963,648749896
20,964,3507670134
20,965,3867326652
20,966,3544181754
20,967,1562423184
20,968,3165085790
20,969,2074662084
20,970,3393993378
20,971,717213016
20,972,2381923270
20,973,1817859660
20,974,2953919690
20,975,3722609824
20,976,1844256430
20,977,2508391764
20,978,467163762
20,979,4075314536
20,980,1027283222
20,981,222833116
20,982,2499967898
20,983,1308516272
20,984,3285637886
20,985,3767569380
20,986,2167408706
20,987,1315378040
20,988,400002150
20,989,1041003372
20,990,1843980394
20,991,1128431808
20,992,1675613518
20,993,1455270004
20,994,2646901778
20,995,1238773640
20,996,3037060534
20,997,3154080508
20,998,1091683130
20,999,492120016
21,0,4164636062
21,1,2198772484
21,2,1107234274
21,3,3760714136
21,4,3476376838
21,5,4128336012
21,6,205671434
21,7,1723110624
21,8,1691649006
21,9,446669716
21,10,943777202
21,11,195467688
21,12,3909950038
21,13,3586823196
21,14,2176303834
21,15,2511800304
21,16,3696146494
21,17,4121231908
21,18,4058205058
21,19,921987000
21,20,3530327462
21,21,3897243052
21,22,2770823082
21,23,764068096
21,24,3573885582
21,25,1751840436
21,26,339181394
21,27,235641800
21,28,225103606
21,29,3880488252
21,30,1220442746
21,31,1060503568
21,32,3725269726
21,33,4233478468
21,34,3850813730
21,35,2940106200
21,36,324482630
21,37,2719734476
21,38,1780628298
21,39,1251411232
21,40,1412155694
21,41,2296488404
21,42,2584891634
21,43,1010251240
21,44,2042166166
21,45,1185177180
21,46,1869605402
21,47,2137264176
21,48,4142560638
21,49,2896353380
21,50,2165534402
21,51,3405257720
21,52,4149173990
21,53,174413804
21,54,1144833770
21,55,1579901248
21,56,1568825294
21,57,2789582068
21,58,297491090
21,59,3067832328
21,60,1225891894
21,61,863438716
21,62,1452675514
21,63,3109238864
21,64,1273415710
21,65,2374911876
21,66,3627242594
21,67,1368611352
21,68,4147052422
21,69,2173283596
21,70,1946225290
21,71,370791776
21,72,3888311918
21,73,3965255700
21,74,1117559858
21,75,4096406056
21,76,4195269846
21,77,4142237852
21,78,2256204122
21,79,1838512240
21,80,3447329470
21,81,3080326820
21,82,1309700610
21,83,1879191608
21,84,1062213670
21,85,23779884
21,86,830015018
21,87,1303667072
21,88,86471950
21,89,2824713012
21,90,329258450
21,91,3755316296
21,92,248140150
21,93,59892156
21,94,1323862266
21,95,1513934992
21,96,3617477982
21,97,4106759620
21,98,894748578
21,99,3635846744
21,100,1334618310
21,101,1030414156
21,102,1278130634
21,103,768411040
21,104,2204758958
21,105,1763032660
21,106,724551538
21,107,4212100712
21,108,2900254230
21,109,362681052
21,110,1730730138
21,111,2598060208
21,112,3519909886
21,113,3768231140
21,114,1881822530
21,115,3819086968
21,116,2604577126
21,117,3261840492
21,118,3408668010
21,119,1286980032
21,120,2344905294
21,121,516104564
21,122,2402660626
21,123,2089427080
21,124,1030021814
21,125,1387011068
21,126,2382749754
21,127,3364014288
21,128,3472999070
21,129,135492612
21,130,272308962
21,131,2922922648
21,132,692072966
21,133,382693772
21,134,2365278474
21,135,3460339168
21,136,1123080430
21,137,992468116
21,138,1159451314
21,139,1886866088
21,140,217571158
21,141,1776155932
21,142,701079514
21,143,432367856
21,144,766831934
21,145,162831140
21,146,4138801282
21,147,996767928
21,148,871049894
21,149,3665297068
21,150,3886425258
21,151,2210365952
21,152,1764310926
21,153,3515215796
21,154,4056689746
21,155,3632860360
21,156,3954267126
21,157,3017127484
21,158,3896383354
21,159,2192908560
21,160,937496542
21,161,3045071428
21,162,1949716002
21,163,2477278936
21,164,3373898566
21,165,3871826892
21,166,1219934282
21,167,201623072
21,168,4196900398
21,169,3063896788
21,170,2041626098
21,171,3421595368
21,172,3442163862
21,173,1387611996
21,174,1588414234
21,175,3571708208
21,176,3271567998
21,177,754446692
21,178,3908352962
21,179,3840322808
21,180,1780843494
21,181,1855955180
21,182,3577152490
21,183,4083262016
21,184,3441816782
21,185,2696289780
21,186,2696120210
21,187,2539804936
21,188,1753195830
21,189,1377742972
21,190,2850107066
21,191,3747862864
21,192,3490463006
21,193,52306052
21,194,1687576930
21,195,2727783192
21,196,2884166790
21,197,509785612
21,198,162596746
21,199,3551057504
21,200,886981486
21,201,1200371988
21,202,2856225074
21,203,3708674856
21,204,3628630486
21,205,3342070172
21,206,237227610
21,207,2395396464
21,208,729761726
21,209,1551148964
21,210,1178943234
21,211,2779398456
21,212,3602758950
21,213,1005757228
21,214,1513014058
21,215,1949049472
21,216,2676656654
21,217,2221124660
21,218,4181443282
21,219,3030779208
21,220,983553654
21,221,4036430524
21,222,2537498106
21,223,220131728
21,224,223562334
21,225,251496132
21,226,3702215842
21,227,1284730712
21,228,2256408006
21,229,3333515340
21,230,3527030474
21,231,3921512096
21,232,920963246
21,233,1912502100
21,234,2954179698
21,235,3411853160
21,236,1361027862
21,237,1449786332
21,238,3095213466
21,239,3791528368
21,240,3103933694
21,241,3258629604
21,242,99787330
21,243,2604938616
21,244,1250154086
21,245,2541815148
21,246,3034407530
21,247,3064922816
21,248,2150039374
21,249,2359204468
21,250,1354030610
21,251,2212761992
21,252,551675830
21,253,3931030780
21,254,3970432314
21,255,309750224
21,256,495335326
21,257,254692612
21,258,3485804514
21,259,1529779096
21,260,1168709382
21,261,2160294540
21,262,480396810
21,263,3939669728
21,264,4228591086
21,265,3523614100
21,266,1552203698
21,267,376306600
21,268,2457904214
21,269,661087772
21,270,1443462362
21,271,1092209136
21,272,1968775742
21,273,2690266148
21,274,390915458
21,275,994347448
21,276,3460812710
21,277,1851443116
21,278,2610094506
21,279,1132086016
21,280,3335214222
21,281,3782666420
21,282,4100905298
21,283,2964094408
21,284,303421686
21,285,844488508
21,286,1584116858
21,287,3455730192
21,288,3866428638
21,289,1371566916
21,290,691264290
21,291,4026013656
21,292,238682182
21,293,2242440396
21,294,3677959498
21,295,1266157344
21,296,941716270
21,297,464720852
21,298,2027760370
21,299,2513541096
21,300,792429974
21,301,4181471324
21,302,1461232666
21,303,4138324528
21,304,575922046
21,305,1357056612
21,306,1638140098
21,307,1396391416
21,308,2732173542
21,309,1167059436
21,310,1017069802
21,311,2065556288
21,312,2202503630
21,313,3271333620
21,314,700036242
21,315,1049577992
21,316,1024174646
21,317,1404852604
21,318,416959418
21,319,4131027536
21,320,99594782
21,321,1019476356
21,322,3427233378
21,323,2222980120
21,324,1023461766
21,325,2792472332
21,326,2018444426
21,327,1480447840
21,328,1459066990
21,329,454390292
21,330,3329127986
21,331,2031588392
21,332,4062201558
21,333,586701468
21,334,2751114074
21,335,624835184
21,336,969047230
21,337,1172652196
21,338,3293056002
21,339,146297400
21,340,1091133990
21,341,976251948
21,342,1045594154
21,343,2519327616
21,344,2104205070
21,345,2302649652
21,346,770011090
21,347,2300343880
21,348,143874934
21,349,1905406908
21,350,3225666298
21,351,432476816
21,352,3519430494
21,353,1313398724
21,354,2488263074
21,355,3931521112
21,356,1724740294
21,357,1278079308
21,358,3593712586
21,359,900990880
21,360,2086509998
21,361,3023908948
21,362,4270367090
21,363,1204809832
21,364,3724470294
21,365,2477515996
21,366,2633994906
21,367,3345416880
21,368,3983866366
21,369,158389988
21,370,378072898
21,371,3645621880
21,372,1504115558
21,373,21778028
21,374,3204226922
21,375,2771272640
21,376,889689166
21,377,2756711284
21,378,910297874
21,379,1139016328
21,380,326954166
21,381,1189572092
21,382,1895307834
21,383,2670725840
21,384,1472769182
21,385,475997700
21,386,1419588834
21,387,1259005080
21,388,1483734022
21,389,2012054412
21,390,1329021706
21,391,3765082080
21,392,2216919790
21,393,3812249236
21,394,3531320498
21,395,3783961768
21,396,765946198
21,397,3529953052
21,398,444029402
21,399,2947820272
21,400,658200382
21,401,1033227556
21,402,666284674
21,403,2592447160
21,404,3582096550
21,405,3891499180
21,406,1424858794
21,407,2428175360
21,408,3790301582
21,409,2621301172
21,410,1881114194
21,411,2054549192
21,412,882400758
21,413,650905660
21,414,3209122170
21,415,3305464592
21,416,1573321182
21,417,1427557444
21,418,3632228386
21,419,674097368
21,420,381183302
21,421,3267392972
21,422,3047797322
21,423,754026528
21,424,35211310
21,425,3156004052
21,426,3952580594
21,427,2111293672
21,428,1407830678
21,429,4265154908
21,430,1823605018
21,431,2293609264
21,432,2296747134
21,433,2623808356
21,434,3206632898
21,435,2046152440
21,436,3580612070
21,437,3543544556
21,438,242580970
21,439,425731136
21,440,1944526542
21,441,286855156
21,442,13492626
21,443,2422356744
21,444,2058727222
21,445,4233101948
21,446,3078711482
21,447,2715229008
21,448,1636902686
21,449,3196048004
21,450,3813047138
21,451,1531923736
21,452,3732319878
21,453,1572259852
21,454,1406861706
21,455,3352877152
21,456,1108274542
21,457,1794419476
21,458,3945554738
21,459,2890351912
21,460,4220914646
21,461,3459433372
21,462,1543473242
21,463,3573259120
21,464,1816375742
21,465,4159429028
21,466,2618874114
21,467,4247544632
21,468,2989688614
21,469,1076114732
21,470,1910783274
21,471,3618481280
21,472,2462757902
21,473,3136396852
21,474,94182610
21,475,1094248264
21,476,749002870
21,477,1250122940
21,478,3723911162
21,479,607466384
21,480,2566337630
21,481,917125316
21,482,809660066
21,483,369037656
21,484,612030406
21,485,299924044
21,486,3961204938
21,487,900761760
21,488,1205105326
21,489,869394772
21,490,1787432562
21,491,1416175976
21,492,125578518
21,493,2439237084
21,494,682618778
21,495,4011189168
21,496,3810897662
21,497,977072100
21,498,1978481730
21,499,28923768
21,500,4238876774
21,501,1137547116
21,502,2106186858
21,503,1010009280
21,504,2657495374
21,505,1775733876
21,506,2480748562
21,507,2693395336
21,508,3375755702
21,509,745936636
21,510,787887930
21,511,313502672
21,512,4056490398
21,513,3014000388
21,514,1925399010
21,515,3788322200
21,516,2509562118
21,517,1078824076
21,518,3099213834
21,519,3540556000
21,520,3476674542
21,521,1925482388
21,522,4211120562
21,523,3050134952
21,524,2456563286
21,525,786184220
21,526,2333292250
21,527,160730096
21,528,3076230206
21,529,1701275172
21,530,4226711426
21,531,3173821368
21,532,2107316646
21,533,2336381356
21,534,2813746090
21,535,2407646464
21,536,2928246414
21,537,98228916
21,538,3101569874
21,539,434462664
21,540,121168630
21,541,1429745980
21,542,517009018
21,543,198607888
21,544,299298526
21,545,1132668228
21,546,1444476194
21,547,2689186264
21,548,378849862
21,549,3792568012
21,550,1812475722
21,551,3564177696
21,552,1276058926
21,553,2614920660
21,554,635438322
21,555,1745091048
21,556,4013297558
21,557,632029788
21,558,3011075610
21,559,789025840
21,560,1790265726
21,561,2474327140
21,562,3580666562
21,563,3172360184
21,564,903607014
21,565,1536326636
21,566,3736713962
21,567,4062733632
21,568,2466558926
21,569,2399897844
21,570,2045775506
21,571,1893411848
21,572,3581785142
21,573,265923452
21,574,2580972986
21,575,2251930704
21,576,1458609182
21,577,206678916
21,578,2106820706
21,579,2332335640
21,580,3293221766
21,581,2284966156
21,582,810876554
21,583,1182390624
21,584,3928244846
21,585,992601108
21,586,1819824178
21,587,1520236072
21,588,2829701334
21,589,2363698332
21,590,1244816730
21,591,1107229808
21,592,922937022
21,593,4136137380
21,594,2713167362
21,595,3875959864
21,596,1580903462
21,597,2446196268
21,598,2296642090
21,599,1555522944
21,600,3550988558
21,601,494507828
21,602,3563243986
21,603,3237697608
21,604,1523869046
21,605,1063945660
21,606,72809722
21,607,3496563856
21,608,3605408094
21,609,1277268420
21,610,2223176610
21,611,864936536
21,612,4085660870
21,613,1539900236
21,614,2817568202
21,615,229837216
21,616,2370389934
21,617,4106003028
21,618,1209629554
21,619,3576189544
21,620,2174186006
21,621,328316636
21,622,1871596698
21,623,4245341360
21,624,236217342
21,625,3634301156
21,626,4162816322
21,627,2022500472
21,628,1736918374
21,629,2735005804
21,630,2223315306
21,631,2680079808
21,632,2957164110
21,633,3778348404
21,634,3179701522
21,635,2111169672
21,636,4128044726
21,637,1593491452
21,638,983716922
21,639,284511440
21,640,1602721438
21,641,1493358596
21,642,4265037538
21,643,2205517464
21,644,823641606
21,645,501454220
21,646,3979033866
21,647,3870071264
21,648,3511561454
21,649,2225389716
21,650,705922738
21,651,2000031400
21,652,1959719766
21,653,13082908
21,654,3151827930
21,655,4072336624
21,656,2579087678
21,657,2614034212
21,658,1744063618
21,659,121224376
21,660,4203855526
21,661,2621907628
21,662,669849770
21,663,1674479104
21,664,547722126
21,665,575525812
21,666,581623890
21,667,1929040072
21,668,1039624182
21,669,2174376508
21,670,2433256314
21,671,1181590800
21,672,1990517726
21,673,2701491780
21,674,1979744802
21,675,3159067352
21,676,1104097094
21,677,663848908
21,678,2455022666
21,679,1710656032
21,680,167965230
21,681,3203546836
21,682,2075554290
21,683,945171176
21,684,3038794902
21,685,865397596
21,686,1064221466
21,687,2376037680
21,688,1002634878
21,689,3123205476
21,690,2022043586
21,691,2157768952
21,692,4163508198
21,693,581223660
21,694,1097594858
21,695,695641664
21,696,3567274190
21,697,1087635956
21,698,3911203730
21,699,3287948552
21,700,23312694
21,701,1381586044
21,702,3554255546
21,703,1197628752
21,704,1510871326
21,705,2855896196
21,706,1865323874
21,707,2006970136
21,708,578582662
21,709,1776474636
21,710,2713516938
21,711,4162902624
21,712,1127716718
21,713,2411011348
21,714,2656189746
21,715,1746446120
21,716,2908460502
21,717,587830684
21,718,2190688858
21,719,273177968
21,720,234888126
21,721,3317369764
21,722,2837738242
21,723,709264696
21,724,2032161062
21,725,1932379948
21,726,391231274
21,727,1229399680
21,728,872603150
21,729,3034026036
21,730,3996546770
21,731,3965962568
21,732,1193405046
21,733,340242108
21,734,1197840890
21,735,3261298064
21,736,4287831646
21,737,313453252
21,738,1695647906
21,739,2801972056
21,740,133145030
21,741,1843891276
21,742,2645830346
21,743,3787164320
21,744,1086069934
21,745,4210907988
21,746,3946244210
21,747,2920121192
21,748,5289750
21,749,3728056284
21,750,2241505690
21,751,2504369584
21,752,3795917054
21,753,1754735076
21,754,1897911874
21,755,2714139000
21,756,3460590182
21,757,1660037484
21,758,1743672938
21,759,4090496704
21,760,1587368782
21,761,241729140
21,762,121475602
21,763,3217544584
21,764,1308752822
21,765,2725603580
21,766,2818339130
21,767,1040248272
21,768,352586654
21,769,2423632132
21,770,3405339618
21,771,2483279768
21,772,1593355014
21,773,1420795532
21,774,2156542474
21,775,1062640352
21,776,2120253934
21,777,484112788
21,778,3014947762
21,779,163889064
21,780,2295314518
21,781,204016156
21,782,3235180762
21,783,254234096
21,784,1112929854
21,785,1691129892
21,786,1070078338
21,787,3702312376
21,788,2154193830
21,789,1593961388
21,790,1771165098
21,791,832653056
21,792,742369422
21,793,4120300724
21,794,25529682
21,795,1773552072
21,796,2362698998
21,797,1878164284
21,798,703473786
21,799,415942160
21,800,3201246
21,801,4053653316
21,802,204869410
21,803,3761462232
21,804,3429340230
21,805,3612020940
21,806,3163498826
21,807,92408608
21,808,804570926
21,809,694024148
21,810,1092280050
21,811,3536739304
21,812,1504221590
21,813,3958625372
21,814,613554202
21,815,1216173616
21,816,1880011646
21,817,2490068580
21,818,2087533762
21,819,680100344
21,820,1347828966
21,821,1819086316
21,822,3398186218
21,823,3813336896
21,824,750378446
21,825,712145652
21,826,2724096146
21,827,1841237512
21,828,2993143350
21,829,2278489468
21,830,2039136186
21,831,2303786576
21,832,3739846174
21,833,473390468
21,834,2350359138
21,835,2233548824
21,836,755785094
21,837,1187635980
21,838,1007876234
21,839,13491040
21,840,1095298158
21,841,1821791764
21,842,3568970290
21,843,3099220008
21,844,3182123734
21,845,1420164764
21,846,421666650
21,847,3822567024
21,848,1698386110
21,849,3917718692
21,850,2254389250
21,851,720148024
21,852,920909350
21,853,675516460
21,854,2972546090
21,855,3244091264
21,856,2816209678
21,857,2232125748
21,858,2803377106
21,859,2809281096
21,860,2777509750
21,861,2367346620
21,862,3139581690
21,863,2653132432
21,864,2264798046
21,865,240272324
21,866,2783843746
21,867,3562898520
21,868,2511800006
21,869,2352747852
21,870,1634052042
21,871,3586788256
21,872,1445786030
21,873,1251218516
21,874,2816628082
21,875,3273176168
21,876,933755926
21,877,3041888476
21,878,2127890074
21,879,1539737264
21,880,3551251966
21,881,1847933668
21,882,3035505474
21,883,3781560952
21,884,1692372838
21,885,3348460140
21,886,3150287722
21,887,1550272448
21,888,2641750094
21,889,4117886836
21,890,3305291538
21,891,1247790728
21,892,2232746166
21,893,3135640060
21,894,2332331578
21,895,1037209296
21,896,2252243102
21,897,3724446212
21,898,2903075042
21,899,2004363416
21,900,1396150278
21,901,682731404
21,902,114767626
21,903,17210336
21,904,3396392686
21,905,1063727764
21,906,3957547186
21,907,1366913192
21,908,2188279126
21,909,352351004
21,910,2918895066
21,911,47820528
21,912,623913790
21,913,1147154724
21,914,1466558082
21,915,2709905080
21,916,1125714086
21,917,393393324
21,918,10785450
21,919,486148096
21,920,3310861710
21,921,2209727924
21,922,2842573394
21,923,3793203912
21,924,2815324662
21,925,3829443644
21,926,4253140346
21,927,653125392
21,928,578473438
21,929,3108778052
21,930,3971587106
21,931,1879125208
21,932,3932027206
21,933,893032908
21,934,2125964874
21,935,3608382496
21,936,2984549422
21,937,3743396052
21,938,3389869042
21,939,460098792
21,940,2429476502
21,941,315145564
21,942,1994618138
21,943,60897072
21,944,2073585790
21,945,2789508964
21,946,3038939586
21,947,417075960
21,948,1918919142
21,949,2095797996
21,950,236614122
21,951,1134897216
21,952,2404479694
21,953,1340535796
21,954,4188706194
21,955,1378483976
21,956,2626274102
21,957,1950000764
21,958,2666126522
21,959,4026900304
21,960,1501756190
21,961,3863688836
21,962,2823728994
21,963,394826008
21,964,402276998
21,965,1659300876
21,966,2471949706
21,967,2223037536
21,968,3629662574
21,969,3587018516
21,970,1672484658
21,971,813828392
21,972,2375622614
21,973,3854067612
21,974,568261722
21,975,1621958512
21,976,2964620734
21,977,3856809380
21,978,224922882
21,979,1291364152
21,980,3414530854
21,981,4111423788
21,982,3933679914
21,983,3908610176
21,984,590546958
21,985,2450883124
21,986,1393021138
21,987,3592858440
21,988,706147446
21,989,1843658940
21,990,1938609146
21,991,128563088
21,992,3777431646
21,993,3272318148
21,994,454599330
21,995,530470232
21,996,3504106438
21,997,4207320652
21,998,2265261258
21,999,232688800
22,0,3248211630
22,1,3883978068
22,2,3525034610
22,3,4165592424
22,4,3684516118
22,5,1558147548
22,6,1866294170
22,7,4102907824
22,8,1448379134
22,9,1833522148
22,10,2542432322
22,11,2607520632
22,12,1599648870
22,13,351189868
22,14,336253034
22,15,4253321408
22,16,1624014158
22,17,2589028468
22,18,1255533586
22,19,27113352
22,20,1329989046
22,21,1816967932
22,22,4156205882
22,23,3026857936
22,24,657913246
22,25,3315426052
22,26,2020046306
22,27,2446490008
22,28,1104442630
22,29,3723079820
22,30,336737290
22,31,1337760992
22,32,2843683822
22,33,4031343508
22,34,648039858
22,35,844374440
22,36,363545174
22,37,3746421788
22,38,2538515162
22,39,1909592048
22,40,3058196542
22,41,3196701220
22,42,2195305346
22,43,3116691384
22,44,1990831526
22,45,161054124
22,46,2166706090
22,47,1238944000
22,48,3756905102
22,49,3500850868
22,50,1852106578
22,51,3223266248
22,52,1122432758
22,53,2726614332
22,54,532898426
22,55,349636624
22,56,1367524062
22,57,2081458500
22,58,3951765794
22,59,3484745176
22,60,3484573254
22,61,2237670092
22,62,1825448778
22,63,4272622880
22,64,2211606830
22,65,3828836820
22,66,1787672818
22,67,4130389480
22,68,244523926
22,69,1813227100
22,70,1247990298
22,71,1661671472
22,72,3529514366
22,73,1941151844
22,74,4138063554
22,75,3046417400
22,76,2454226662
22,77,2552209388
22,78,2685841130
22,79,1854236992
22,80,4033284046
22,81,3039915252
22,82,1124385426
22,83,1429925896
22,84,1942603830
22,85,3684454268
22,86,1475803578
22,87,528498768
22,88,1037725726
22,89,2356481924
22,90,2547235938
22,91,2463490584
22,92,390473606
22,93,37352716
22,94,998830730
22,95,2805587296
22,96,4234516078
22,97,3478833172
22,98,2670986290
22,99,3010443816
22,100,3508856022
22,101,2587938972
22,102,2966018394
22,103,717783152
22,104,1684781758
22,105,1054267044
22,106,306108930
22,107,4100634680
22,108,1795506214
22,109,496050732
22,110,1462693418
22,111,3826936192
22,112,2584222990
22,113,3757407028
22,114,1174765010
22,115,1551965256
22,116,2294184310
22,117,2057513404
22,118,2225434874
22,119,2734020752
22,120,2181954910
22,121,3034248644
22,122,2559651746
22,123,3972343384
22,124,3982479558
22,125,4253493068
22,126,2727518666
22,127,2918780320
22,128,1997052846
22,129,3586360916
22,130,3185782642
22,131,832640616
22,132,2687534614
22,133,2565167836
22,134,1792262298
22,135,60442800
22,136,3728422910
22,137,3926093028
22,138,3975462210
22,139,869739640
22,140,4054833510
22,141,2399011948
22,142,79564138
22,143,4213688768
22,144,2627801678
22,145,17230196
22,146,3971422482
22,147,3380717704
22,148,1620380342
22,149,2057921532
22,150,35571770
22,151,1170723024
22,152,1810721438
22,153,3411164164
22,154,18055906
22,155,1192413848
22,156,1590647302
22,157,3092756876
22,158,1010512138
22,159,1333304800
22,160,260800750
22,161,864134292
22,162,3085646514
22,163,2421478056
22,164,4135978838
22,165,789660956
22,166,2429585370
22,167,1077488
22,168,1772000574
22,169,1464427300
22,170,2518122626
22,171,2305425592
22,172,1326994086
22,173,2037794476
22,174,2132020394
22,175,3695020544
22,176,1879173006
22,177,3765811124
22,178,2758382674
22,179,3888944328
22,180,303922166
22,181,1858010684
22,182,2763194234
22,183,2256939280
22,184,21542878
22,185,3186287172
22,186,3702175266
22,187,1666109144
22,188,2959393606
22,189,196848588
22,190,450011210
22,191,2689109536
22,192,2579383854
22,193,1017455316
22,194,1989944818
22,195,1192947432
22,196,2264230038
22,197,3151269724
22,198,3004182298
22,199,180025648
22,200,3898987134
22,201,2159589732
22,202,351740866
22,203,1655911672
22,204,3826166758
22,205,34203884
22,206,343993322
22,207,2280368704
22,208,1140497614
22,209,1582425588
22,210,3530354578
22,211,1525801224
22,212,3962031414
22,213,2180249724
22,214,3098678970
22,215,3149979984
22,216,4293911838
22,217,2461329540
22,218,782682466
22,219,1527329560
22,220,1592790150
22,221,1757609484
22,222,3366514570
22,223,2365120096
22,224,2708532078
22,225,1564344596
22,226,3678794034
22,227,629369640
22,228,1011788246
22,229,910113180
22,230,3655513690
22,231,3861504368
22,232,4099993534
22,233,2019651492
22,234,1759749890
22,235,2235746616
22,236,1231217958
22,237,3855149868
22,238,2337581866
22,239,3603049088
22,240,5976590
22,241,1923839028
22,242,3557894866
22,243,511806792
22,244,1971584630
22,245,2002277052
22,246,40635898
22,247,336066960
22,248,3719492190
22,249,1740656324
22,250,4065836194
22,251,2681337688
22,252,524367302
22,253,3632115788
22,254,1208884938
22,255,3659108000
22,256,1785950382
22,257,425475924
22,258,3208158322
22,259,1394493288
22,260,962710294
22,261,761349084
22,262,2241338778
22,263,753740208
22,264,3747605758
22,265,1750304228
22,266,2301430338
22,267,245939576
22,268,1340407398
22,269,2042842476
22,270,568281706
22,271,2035354304
22,272,1156818766
22,273,764568180
22,274,4272309778
22,275,2248907144
22,276,1828851638
22,277,2851867900
22,278,3190875450
22,279,2515235280
22,280,3361857438
22,281,1931285764
22,282,453873634
22,283,4214823832
22,284,3727179526
22,285,4227580556
22,286,324152842
22,287,607821536
22,288,4036351470
22,289,219143572
22,290,4089718706
22,291,1333494696
22,292,3640577110
22,293,3360337436
22,294,2927650010
22,295,1368707568
22,296,3006450238
22,297,2459892772
22,298,1696812418
22,299,1953829304
22,300,6616998
22,301,2869497772
22,302,2389756330
22,303,4163390208
22,304,1771306126
22,305,3071717556
22,306,2675720530
22,307,1025508808
22,308,3379691766
22,309,216999740
22,310,2689637498
22,311,536562192
22,312,2781654238
22,313,47921988
22,314,2484618018
22,315,2395906008
22,316,3228903494
22,317,206386380
22,318,482680138
22,319,3756789536
22,320,3886553902
22,321,3966294996
22,322,1111003890
22,323,4062912488
22,324,2918559126
22,325,3322640476
22,326,3303771162
22,327,2662390320
22,328,833193854
22,329,1364447844
22,330,3826675906
22,331,2218247672
22,332,2612187366
22,333,4272566764
22,334,4284033258
22,335,3017272128
22,336,2114728398
22,337,1330142964
22,338,4225965202
22,339,1196347912
22,340,3114521142
22,341,725721468
22,342,3575329722
22,343,1757905488
22,344,331569694
22,345,2097856900
22,346,1086838370
22,347,3559031832
22,348,586674566
22,349,3665954572
22,350,3468094602
22,351,1505615712
22,352,3145351278
22,353,2205628948
22,354,1810226738
22,355,1790778408
22,356,2199285462
22,357,2108924572
22,358,2972291930
22,359,919683696
22,360,3566478526
22,361,377620644
22,362,3847648258
22,363,1669388856
22,364,2594081318
22,365,2444669996
22,366,451438634
22,367,3840928640
22,368,1244415758
22,369,1312255284
22,370,1361762258
22,371,2621000
22,372,2758247286
22,373,671316924
22,374,14723834
22,375,4276099728
22,376,1746265950
22,377,1606133700
22,378,4234955170
22,379,2630142040
22,380,2592119494
22,381,3484039500
22,382,192388042
22,383,3057651616
22,384,2413577646
22,385,3058366548
22,386,706480498
22,387,1086421096
22,388,1529942038
22,389,3729992924
22,390,3549067930
22,391,344328880
22,392,3452084734
22,393,1815715556
22,394,1077106498
22,395,2413842040
22,396,2918720358
22,397,423532140
22,398,4285433706
22,399,2617265088
22,400,1304706126
22,401,603183988
22,402,3567481618
22,403,456886920
22,404,680334518
22,405,3192174076
22,406,1072759354
22,407,1221923536
22,408,2962511006
22,409,1090383364
22,410,2589301986
22,411,306539672
22,412,4091487238
22,413,3973434252
22,414,760687370
22,415,4060258272
22,416,1084107502
22,417,2163480212
22,418,774575282
22,419,1405629608
22,420,1897238870
22,421,1861883676
22,422,73286106
22,423,174011120
22,424,117767998
22,425,4102722852
22,426,3288144514
22,427,3739624120
22,428,3197082790
22,429,3797014700
22,430,1127974570
22,431,3248032768
22,432,3231977870
22,433,1485679028
22,434,3013406290
22,435,2753132232
22,436,484738550
22,437,1091915836
22,438,647772538
22,439,2234936080
22,440,3004080606
22,441,3470890052
22,442,3855863842
22,443,3056890072
22,444,870550854
22,445,3407134156
22,446,111516234
22,447,3784675360
22,448,1636823086
22,449,4152530132
22,450,560136178
22,451,3680588008
22,452,932442774
22,453,1320706396
22,454,2482301210
22,455,3270294320
22,456,573258878
22,457,1770318692
22,458,939769282
22,459,2116179704
22,460,3979671014
22,461,3523246828
22,462,4104087018
22,463,373959744
22,464,2459682510
22,465,2350176244
22,466,325536146
22,467,4266771208
22,468,2419971894
22,469,2609203836
22,470,3241300154
22,471,3398706000
22,472,3981758238
22,473,3480656516
22,474,2721506146
22,475,1646384408
22,476,2539509382
22,477,2608271372
22,478,3786598794
22,479,831053920
22,480,1048679790
22,481,1174827796
22,482,2769537842
22,483,1729940776
22,484,1501311958
22,485,882772892
22,486,1251897434
22,487,3233719152
22,488,2030393790
22,489,2637734308
22,490,1536639234
22,491,4079283000
22,492,2461544230
22,493,1700429100
22,494,2582258986
22,495,849587328
22,496,1803246606
22,497,1989764660
22,498,290620626
22,499,3849613128
22,500,3379103862
22,501,1352967356
22,502,2483243002
22,503,125713296
22,504,2503400542
22,505,550305988
22,506,2328811170
22,507,1201510744
22,508,2468216774
22,509,655147596
22,510,2161055946
22,511,1718390944
22,512,3678608046
22,513,2962207060
22,514,1385002610
22,515,3733629288
22,516,3114161430
22,517,1874531804
22,518,1756026778
22,519,1583672240
22,520,493049598
22,521,2041952228
22,522,3859260482
22,523,461234040
22,524,1072253030
22,525,2976898924
22,526,829146218
22,527,2268433600
22,528,2870137166
22,529,3895153780
22,530,3266224146
22,531,1829862280
22,532,1194727862
22,533,2072207100
22,534,2606702394
22,535,42251216
22,536,2558839198
22,537,3103049476
22,538,1391176162
22,539,4030184856
22,540,3555985670
22,541,3471168652
22,542,508176394
22,543,3704660192
22,544,4087644142
22,545,2469285780
22,546,3139436978
22,547,2168120744
22,548,1925862998
22,549,3877601308
22,550,2791972570
22,551,3463418864
22,552,3642045502
22,553,17575460
22,554,2258954114
22,555,750597048
22,556,3180872102
22,557,1666228652
22,558,829703082
22,559,1552928000
22,560,1764894350
22,561,3369771700
22,562,885758802
22,563,12117960
22,564,3228895990
22,565,3476126012
22,566,1268110970
22,567,1513589776
22,568,2634979038
22,569,2784881988
22,570,2782747938
22,571,1031815640
22,572,1051718214
22,573,2350008012
22,574,1819547466
22,575,3376746784
22,576,4218799406
22,577,1643269588
22,578,1746627826
22,579,3871179240
22,580,3620747158
22,581,433801820
22,582,875316762
22,583,460233776
22,584,770371966
22,585,1296827492
22,586,3837725378
22,587,3027429368
22,588,211098342
22,589,3222062060
22,590,2287182570
22,591,3544345920
22,592,1974033358
22,593,414666996
22,594,1828288146
22,595,1677374472
22,596,603315254
22,597,2529096572
22,598,2432134586
22,599,2233910352
22,600,10765342
22,601,234386308
22,602,653520994
22,603,1762076184
22,604,4028742534
22,605,4020377868
22,606,2510087818
22,607,945414496
22,608,512158318
22,609,2834017300
22,610,3671046194
22,611,4272061992
22,612,1937766614
22,613,519992476
22,614,3124841818
22,615,670172272
22,616,1437896382
22,617,2424650404
22,618,2678459906
22,619,2553216056
22,620,1706021926
22,621,2763277868
22,622,2623136298
22,623,3822939520
22,624,1481142542
22,625,4023476020
22,626,1753756114
22,627,2993086536
22,628,2559085942
22,629,3040595388
22,630,3486770426
22,631,3521272976
22,632,3642085726
22,633,787765700
22,634,1904173986
22,635,73165400
22,636,1025074374
22,637,581258060
22,638,1007982026
22,639,245305760
22,640,1084747694
22,641,204106324
22,642,2358043506
22,643,276421224
22,644,145332758
22,645,2778267356
22,646,1492726938
22,647,2928266416
22,648,1111624702
22,649,348639460
22,650,1319760194
22,651,360804472
22,652,968387942
22,653,2253858924
22,654,1272381802
22,655,1592839616
22,656,1356817998
22,657,2117651828
22,658,482856210
22,659,1603103880
22,660,2096963254
22,661,2780301308
22,662,3833281594
22,663,1727681744
22,664,4096999070
22,665,1593942020
22,666,416265954
22,667,4178579096
22,668,2993090054
22,669,3861634444
22,670,2049647882
22,671,145007072
22,672,4255700206
22,673,1203669140
22,674,4003655346
22,675,3151206056
22,676,2451381078
22,677,4105890076
22,678,2829319130
22,679,1103492336
22,680,2640537918
22,681,1008977700
22,682,2166011010
22,683,3254404280
22,684,830400166
22,685,1912957612
22,686,3977969834
22,687,3977022976
22,688,1463696270
22,689,201169844
22,690,1997031506
22,691,922638536
22,692,1747161078
22,693,2068030012
22,694,591229818
22,695,1123986704
22,696,3620506590
22,697,204490308
22,698,2822040098
22,699,2293371608
22,700,349853510
22,701,2470825932
22,702,3794834506
22,703,3136983584
22,704,2841221678
22,705,800589524
22,706,1784797682
22,707,4164924136
22,708,1118469270
22,709,3950261084
22,710,3113329434
22,711,1278639408
22,712,3370690174
22,713,2158566756
22,714,3192412098
22,715,2334750968
22,716,768819174
22,717,214895852
22,718,1316347882
22,719,247508544
22,720,456454350
22,721,4180658676
22,722,1553572754
22,723,1548330248
22,724,684450102
22,725,3773734012
22,726,1483377338
22,727,1014981968
22,728,3249649950
22,729,3163573380
22,730,2734620002
22,731,1288861464
22,732,1631821958
22,733,453190156
22,734,2121589642
22,735,2452677216
22,736,1334460270
22,737,2955339028
22,738,1629070642
22,739,357445416
22,740,2233581014
22,741,13950364
22,742,336734810
22,743,275473776
22,744,3735143358
22,745,1952961444
22,746,2239945474
22,747,3063876920
22,748,1199929638
22,749,2479099692
22,750,3057098538
22,751,480063104
22,752,76776974
22,753,3185530932
22,754,2865487570
22,755,1258246472
22,756,3318092406
22,757,432600764
22,758,3360850426
22,759,34373008
22,760,2813511262
22,761,238138052
22,762,2222846114
22,763,922827608
22,764,3430074822
22,765,108254284
22,766,3511161546
22,767,3537343136
22,768,3020604590
22,769,3441107796
22,770,739922034
22,771,3129936744
22,772,4233289494
22,773,1139599324
22,774,3094712730
22,775,2834607536
22,776,2958999806
22,777,3245337060
22,778,1310342722
22,779,3790274936
22,780,3479540326
22,781,3690230124
22,782,3803201130
22,783,1194462912
22,784,858389326
22,785,3927721588
22,786,921631250
22,787,3601816968
22,788,2111972278
22,789,14856444
22,790,793073978
22,791,439743952
22,792,933213086
22,793,3072620804
22,794,3221341154
22,795,2429443992
22,796,3275215622
22,797,1990715020
22,798,3573162506
22,799,2575213280
22,800,1386949102
22,801,2728706452
22,802,481549234
22,803,3885123496
22,804,2198724694
22,805,1540117020
22,806,520870106
22,807,140662256
22,808,3354369598
22,809,701587492
22,810,2271117698
22,811,43865528
22,812,1313049510
22,813,1383084972
22,814,170900906
22,815,2534362880
22,816,2127057038
22,817,636916916
22,818,3461543250
22,819,719964616
22,820,3354399990
22,821,155962172
22,822,3247640698
22,823,3817590288
22,824,3611853022
22,825,2239274820
22,826,3235542818
22,827,4224312280
22,828,3932339270
22,829,615471308
22,830,4225438026
22,831,3669365536
22,832,1597730606
22,833,1691598804
22,834,2083931890
22,835,4092060648
22,836,740475286
22,837,2273516636
22,838,941948954
22,839,4182007344
22,840,1730435966
22,841,2275161700
22,842,2560599234
22,843,1715866104
22,844,2230281446
22,845,4232533484
22,846,3674610922
22,847,3972329280
22,848,2000586190
22,849,830358260
22,850,910676114
22,851,3409876488
22,852,1388308022
22,853,1041515900
22,854,730572730
22,855,2493384272
22,856,2759667230
22,857,1597908356
22,858,3931638370
22,859,1904461848
22,860,516130182
22,861,1637493516
22,862,809164938
22,863,1661854560
22,864,3314259054
22,865,1605901844
22,866,2347864626
22,867,2401230888
22,868,1113686742
22,869,2652980892
22,870,1813055322
22,871,506119792
22,872,2278357182
22,873,3437259940
22,874,3777865730
22,875,2994019896
22,876,1815682598
22,877,1988745260
22,878,2072206378
22,879,14872448
22,880,1683790606
22,881,3838005556
22,882,740133842
22,883,2470298184
22,884,86087542
22,885,1112285116
22,886,2441027322
22,887,1006411408
22,888,1963834206
22,889,1116015556
22,890,2546630050
22,891,1133251672
22,892,1965698758
22,893,376986956
22,894,3563687882
22,895,3608548256
22,896,694917550
22,897,4150385748
22,898,2234891634
22,899,3234479208
22,900,1218061334
22,901,246862044
22,902,2602561178
22,903,4054159024
22,904,3686364670
22,905,61735652
22,906,3092810562
22,907,3837432440
22,908,888190822
22,909,4131895916
22,910,2314697578
22,911,1677283264
22,912,1173524558
22,913,802537332
22,914,1696868114
22,915,3061272200
22,916,4259653814
22,917,1359174140
22,918,2411558458
22,919,3224868560
22,920,3603572894
22,921,1163743748
22,922,478269666
22,923,460501144
22,924,979810310
22,925,3294228364
22,926,3266780938
22,927,3009324000
22,928,3869998830
22,929,2816539284
22,930,2572339378
22,931,3900111016
22,932,4187792726
22,933,3763583772
22,934,497137114
22,935,3326392048
22,936,3434730302
22,937,1309997348
22,938,1836076674
22,939,1386636984
22,940,1206268070
22,941,1217461420
22,942,481458858
22,943,2123894784
22,944,3553650062
22,945,449154484
22,946,2393612882
22,947,3229301448
22,948,2480577014
22,949,1028256828
22,950,982953338
22,951,3755929360
22,952,260208094
22,953,2513893444
22,954,3285058594
22,955,4207391960
22,956,4081656134
22,957,2219762124
22,958,1299418698
22,959,1282905120
22,960,286999598
22,961,88438996
22,962,4053316594
22,963,3182826728
22,964,1211696790
22,965,2986870108
22,966,3286654234
22,967,3331866416
22,968,2090733694
22,969,3861204836
22,970,1204089282
22,971,2848496376
22,972,1172933094
22,973,3530923756
22,974,3255065066
22,975,2437886016
22,976,2110134990
22,977,3315776500
22,978,1308884370
22,979,2497283848
22,980,1439820598
22,981,1915743868
22,982,509265082
22,983,830646096
22,984,486974238
22,985,2046951044
22,986,3506378594
22,987,991631640
22,988,1554082438
22,989,124204044
22,990,1055841674
22,991,3471893600
22,992,1955260782
22,993,3147781908
22,994,2941746994
22,995,1343721768
22,996,1597982678
22,997,3135483804
22,998,3594380378
22,999,4113573744
23,0,3308662206
23,1,502203812
23,2,2259055874
23,3,4021366584
23,4,130728742
23,5,2433065260
23,6,2151487786
23,7,3031347328
23,8,1805889550
23,9,1753041460
23,10,1081948370
23,11,1864512328
23,12,177937526
23,13,4073015484
23,14,1062845434
23,15,598917008
23,16,3039211614
23,17,1341023428
23,18,2137328290
23,19,2382159192
23,20,1799328710
23,21,2528306764
23,22,3648589002
23,23,1062900896
23,24,2496294574
23,25,2399049044
23,26,3957271154
23,27,120286568
23,28,2709481750
23,29,3388389852
23,30,351816602
23,31,748449712
23,32,944909054
23,33,1602362340
23,34,1633998914
23,35,2179998584
23,36,2656689254
23,37,424739692
23,38,3584866410
23,39,3645280448
23,40,2100897102
23,41,1399142516
23,42,4217852946
23,43,3806674824
23,44,2969972150
23,45,1511654140
23,46,434344762
23,47,4244584400
23,48,1169333662
23,49,2376870660
23,50,38788578
23,51,4244439448
23,52,1274256646
23,53,323090572
23,54,3613531146
23,55,2051319008
23,56,2913588206
23,57,1534276500
23,58,3095377330
23,59,2726406568
23,60,2848549462
23,61,1179722780
23,62,3093664474
23,63,527243248
23,64,532809790
23,65,753832484
23,66,122690434
23,67,370505656
23,68,1382471078
23,69,2556937644
23,70,3097704362
23,71,3349598464
23,72,1247181454
23,73,3999958708
23,74,202526546
23,75,3685919688
23,76,2145591030
23,77,3678281020
23,78,2722646650
23,79,3690467344
23,80,4101663454
23,81,3242938692
23,82,2232389922
23,83,3920332248
23,84,1670219334
23,85,4129581772
23,86,1794771786
23,87,876549408
23,88,3002669358
23,89,353186260
23,90,512303346
23,91,967460328
23,92,1257065366
23,93,788721244
23,94,1893055002
23,95,1479680048
23,96,2102773118
23,97,541354084
23,98,2679652034
23,99,3115396088
23,100,2764156646
23,101,3545884652
23,102,2540738282
23,103,543125824
23,104,583774158
23,105,3114087668
23,106,4157483666
23,107,2635757576
23,108,3858886710
23,109,1094817660
23,110,1154998714
23,111,3073198160
23,112,2672695326
23,113,2430326660
23,114,720643170
23,115,228092440
23,116,1323126662
23,117,1349139724
23,118,1049680522
23,119,4191806816
23,120,1351106158
23,121,3353120788
23,122,525036594
23,123,1010123304
23,124,2411400406
23,125,454826140
23,126,1721287002
23,127,964397168
23,128,182280894
23,129,3952320164
23,130,1240285698
23,131,3528671288
23,132,1312450598
23,133,657943084
23,134,1483003434
23,135,1543532928
23,136,241747214
23,137,1292714804
23,138,1005250002
23,139,3266094152
23,140,2318573942
23,141,4013191612
23,142,3856816378
23,143,1563353232
23,144,3690833246
23,145,3127754180
23,146,256743330
23,147,2052304472
23,148,3803379910
23,149,3408097100
23,150,1953925578
23,151,799348128
23,152,3928441774
23,153,2549173844
23,154,3021379442
23,155,1907531368
23,156,3137515030
23,157,967615196
23,158,972990618
23,159,4258877616
23,160,975757310
23,161,1491875044
23,162,490677570
23,163,495694968
23,164,1067516262
23,165,2299546732
23,166,1506801002
23,167,3407466944
23,168,3439180366
23,169,1489678708
23,170,1303937298
23,171,1073295496
23,172,1262826166
23,173,3760630780
23,174,3786911802
23,175,1955387600
23,176,4166587038
23,177,336659460
23,178,1164700386
23,179,2574078616
23,180,736002566
23,181,2808086924
23,182,2801473802
23,183,305178080
23,184,2611357934
23,185,3243994260
23,186,3459949234
23,187,4189215400
23,188,1200893782
23,189,1371835676
23,190,56061914
23,191,3084613872
23,192,889732414
23,193,1247685412
23,194,687728770
23,195,2968160440
23,196,2714073766
23,197,2247397036
23,198,1912730794
23,199,2520486400
23,200,3596259214
23,201,2766503860
23,202,2592537682
23,203,1620057288
23,204,1074373622
23,205,2804434492
23,206,212330362
23,207,2077700368
23,208,4197474270
23,209,2346035780
23,210,3634306594
23,211,745887448
23,212,1865411398
23,213,3190813644
23,214,3899557962
23,215,3054278176
23,216,953478702
23,217,2552949460
23,218,1460112882
23,219,1271166696
23,220,3896479894
23,221,3262371676
23,222,1391662874
23,223,1376911664
23,224,3712711294
23,225,3120136548
23,226,1954122690
23,227,4194286840
23,228,3581400038
23,229,1123299564
23,230,4014658538
23,231,3186995776
23,232,1515144398
23,233,292400628
23,234,2275825554
23,235,3355535624
23,236,3075470646
23,237,1867071612
23,238,3003317946
23,239,3382569296
23,240,2673052958
23,241,667660420
23,242,3426169186
23,243,1291565848
23,244,695678086
23,245,2158183948
23,246,3273709450
23,247,130606688
23,248,1300468590
23,249,2289027348
23,250,801986866
23,251,930673448
23,252,2278871510
23,253,2194309532
23,254,824286810
23,255,2399988080
23,256,3435304894
23,257,3117299620
23,258,4278324994
23,259,3193655608
23,260,1938296102
23,261,2099196716
23,262,2549781290
23,263,450376320
23,264,1085004302
23,265,2524134452
23,266,1919324882
23,267,1910314312
23,268,937961078
23,269,4221147836
23,270,2568549882
23,271,2356216208
23,272,1569888862
23,273,100865732
23,274,461644962
23,275,1821409112
23,276,260332998
23,277,4157208652
23,278,962725578
23,279,3421869728
23,280,495065262
23,281,372901716
23,282,836502642
23,283,3831484264
23,284,1227092758
23,285,567839708
23,286,506660250
23,287,157036976
23,288,1430099198
23,289,1944866276
23,290,3219616322
23,291,462243192
23,292,1288054374
23,293,2307233132
23,294,2858496618
23,295,1567822528
23,296,692080462
23,297,1141254772
23,298,2954341906
23,299,2981306760
23,300,2158114742
23,301,2804503804
23,302,4214869306
23,303,3403708880
23,304,1656588190
23,305,1552669956
23,306,3117807586
23,307,1422107544
23,308,237463302
23,309,3300133516
23,310,3313636874
23,311,2669848288
23,312,2761981422
23,313,3717834132
23,314,780373938
23,315,3523808168
23,316,2264724566
23,317,3333289500
23,318,309808346
23,319,865065456
23,320,2156687934
23,321,711181348
23,322,2792994178
23,323,2267388344
23,324,1778524070
23,325,1429690284
23,326,3704533418
23,327,240538368
23,328,1809622158
23,329,1110866100
23,330,2382997842
23,331,856919496
23,332,2286823670
23,333,1695051580
23,334,2377483386
23,335,1669091856
23,336,2493797598
23,337,2037777220
23,338,2457643810
23,339,656746456
23,340,1244680262
23,341,544308428
23,342,1506870602
23,343,4125103904
23,344,2528035630
23,345,2459870164
23,346,4011064050
23,347,3624183784
23,348,3559904662
23,349,811253852
23,350,2118022170
23,351,1480057392
23,352,276770686
23,353,927242852
23,354,2584271042
23,355,3467922936
23,356,202111206
23,357,1698986476
23,358,1569919210
23,359,2383541056
23,360,407951822
23,361,3507758836
23,362,1368163474
23,363,4186855944
23,364,2109471286
23,365,3225872764
23,366,2094799802
23,367,215255632
23,368,2434204190
23,369,3268512132
23,370,2294824546
23,371,1564806168
23,372,544151942
23,373,3692187404
23,374,1621021834
23,375,482207584
23,376,1602021486
23,377,22610452
23,378,886916658
23,379,635610152
23,380,4220294870
23,381,3052333724
23,382,1238924122
23,383,2581875312
23,384,2128989374
23,385,211734692
23,386,2045041666
23,387,399073848
23,388,2880680486
23,389,3602709548
23,390,3539882026
23,391,355857280
23,392,4134334222
23,393,1219441972
23,394,938491858
23,395,1622378056
23,396,3350965110
23,397,3690251196
23,398,1828557562
23,399,1434002064
23,400,2917502814
23,401,3064885188
23,402,2013835682
23,403,3367194712
23,404,632537798
23,405,1621524812
23,406,3158016970
23,407,944510880
23,408,584773038
23,409,232308820
23,410,3106894194
23,411,1127415912
23,412,4293081110
23,413,1182430428
23,414,3583337114
23,415,4079293104
23,416,4254091774
23,417,880961252
23,418,492683074
23,419,3757364856
23,420,4190718822
23,421,1588649580
23,422,1533046634
23,423,3025294272
23,424,2248205390
23,425,420979572
23,426,1988418322
23,427,471011976
23,428,85802166
23,429,1931607548
23,430,2053761594
23,431,2751077072
23,432,4175428766
23,433,3944527364
23,434,864945378
23,435,2466247832
23,436,651054086
23,437,2940081036
23,438,3338081034
23,439,1159374816
23,440,3164132078
23,441,3022904980
23,442,760904882
23,443,260422824
23,444,470006102
23,445,1762483996
23,446,4190448090
23,447,915028720
23,448,1984866110
23,449,1358912804
23,450,1405321858
23,451,4240878264
23,452,3743204518
23,453,1244668076
23,454,2366205610
23,455,1408701440
23,456,4275878286
23,457,3395121588
23,458,983193170
23,459,926744264
23,460,212905462
23,461,3638466620
23,462,963715450
23,463,921137936
23,464,936790494
23,465,237788228
23,466,2259171362
23,467,1035663576
23,468,680441158
23,469,1625884108
23,470,1394704970
23,471,398039072
23,472,3230046254
23,473,141057236
23,474,984508402
23,475,3261782248
23,476,3267238550
23,477,1018669404
23,478,112709914
23,479,245613360
23,480,2331042942
23,481,472232804
23,482,3831899586
23,483,2614025976
23,484,2088639974
23,485,2118828780
23,486,1984515562
23,487,3031708736
23,488,1355837134
23,489,4237336564
23,490,2843783570
23,491,364989192
23,492,3980787510
23,493,4164588156
23,494,3059955898
23,495,617687888
23,496,3902306078
23,497,3857539716
23,498,883379042
23,499,2725535000
23,500,1740963462
23,501,2797033484
23,502,2869612938
23,503,1555621984
23,504,2054438254
23,505,915946260
23,506,2189112114
23,507,3950138664
23,508,2665634774
23,509,2022265756
23,510,3300743258
23,511,4261522288
23,512,2504458686
23,513,1745185188
23,514,2392172802
23,515,1117614904
23,516,717051686
23,517,2014364972
23,518,2641366314
23,519,1863955584
23,520,598475790
23,521,1740713524
23,522,3767004370
23,523,1932523336
23,524,3987550326
23,525,1413868732
23,526,1972383738
23,527,1548174224
23,528,1089897566
23,529,1349503172
23,530,4175117986
23,531,4072415576
23,532,1497442246
23,533,1236863564
23,534,2432893130
23,535,2561185952
23,536,3996238510
23,537,2194504020
23,538,2651905650
23,539,1915498856
23,540,2470477078
23,541,1804754396
23,542,1948630938
23,543,1597240240
23,544,2803957502
23,545,514752484
23,546,161614914
23,547,3468846968
23,548,2057990246
23,549,1284646764
23,550,13479018
23,551,4088894656
23,552,3611261262
23,553,3690929268
23,554,4110419986
23,555,1662583688
23,556,2360754614
23,557,135309052
23,558,1934100282
23,559,2748955600
23,560,784363934
23,561,1136889604
23,562,2257850850
23,563,3089253784
23,564,2849190150
23,565,2868780172
23,566,1062866954
23,567,672704736
23,568,3616483310
23,569,1226315668
23,570,515860914
23,571,2519231912
23,572,3131604566
23,573,4242720796
23,574,3443590874
23,575,1690999792
23,576,2320423998
23,577,1110504996
23,578,81481602
23,579,1976417208
23,580,890595750
23,581,2833181100
23,582,380775338
23,583,2333988096
23,584,2203766414
23,585,1096444596
23,586,4097377106
23,587,1359769544
23,588,2167485174
23,589,3333079356
23,590,601538170
23,591,2585302032
23,592,1472610014
23,593,3455628612
23,594,2300691746
23,595,3560360408
23,596,1045109318
23,597,3281424076
23,598,1751121738
23,599,1066998048
23,600,2858183982
23,601,4253554132
23,602,2379666674
23,603,4009167336
23,604,1743413142
23,605,2877985372
23,606,6237722
23,607,425042992
23,608,3231750526
23,609,3969698916
23,610,663843522
23,611,3310317560
23,612,1523466982
23,613,3523677164
23,614,3446508266
23,615,1440511296
23,616,4157473742
23,617,2548242676
23,618,3817004690
23,619,10107912
23,620,3119383606
23,621,3676584828
23,622,1939363258
23,623,3046362192
23,624,433581086
23,625,354368388
23,626,2748602466
23,627,2156506648
23,628,863560582
23,629,613572876
23,630,912576138
23,631,3954829664
23,632,2456392302
23,633,741176340
23,634,1822892082
23,635,1814562344
23,636,634790102
23,637,2392439964
23,638,3050321242
23,639,1600457840
23,640,2212902590
23,641,1342309028
23,642,286553602
23,643,2732033080
23,644,614792230
23,645,2769980972
23,646,2337262122
23,647,1283683712
23,648,3161004302
23,649,4155057972
23,650,3224213970
23,651,2370988104
23,652,1572648310
23,653,680334780
23,654,3335572730
23,655,1155228816
23,656,2328197470
23,657,1464279492
23,658,1912327074
23,659,1319826008
23,660,3727461574
23,661,4144075596
23,662,1270382026
23,663,285940128
23,664,1938200494
23,665,2031628884
23,666,880823154
23,667,1431003752
23,668,3074146838
23,669,1428178652
23,670,233053338
23,671,4052276400
23,672,3320820734
23,673,3060832484
23,674,1488214338
23,675,1274411128
23,676,57251174
23,677,2536075372
23,678,782821738
23,679,1067636160
23,680,284954190
23,681,2428278132
23,682,2139698450
23,683,1791292552
23,684,3412936374
23,685,703942652
23,686,4191429690
23,687,1853840592
23,688,2019485342
23,689,3934283780
23,690,2263359202
23,691,673879704
23,692,3409319430
23,693,4227081612
23,694,3265989898
23,695,1813817824
23,696,3917708526
23,697,2690142356
23,698,1454528178
23,699,1240538792
23,700,384516950
23,701,1177432348
23,702,2699748314
23,703,1649474800
23,704,814551358
23,705,2180550436
23,706,2378243202
23,707,1446694072
23,708,2683047590
23,709,3041112748
23,710,231270570
23,711,3620378112
23,712,3981894542
23,713,2871878580
23,714,249933906
23,715,1686233288
23,716,2580527094
23,717,4067224124
23,718,1626495866
23,719,823112976
23,720,1752445918
23,721,1020988996
23,722,1844007458
23,723,1318623960
23,724,3211099974
23,725,2356811724
23,726,764181578
23,727,2440993312
23,728,1211122222
23,729,1979567828
23,730,1015890418
23,731,1101609704
23,732,2008327318
23,733,1087601500
23,734,2134149914
23,735,474842416
23,736,630083198
23,737,749331812
23,738,931839938
23,739,2939551992
23,740,3673974758
23,741,2759415020
23,742,4143957994
23,743,2508895808
23,744,21600462
23,745,2802553332
23,746,1402145682
23,747,2652450056
23,748,2545158454
23,749,755229820
23,750,3363533498
23,751,1662807376
23,752,2564120862
23,753,3563525252
23,754,2857330018
23,755,1535442712
23,756,3079325830
23,757,2577623564
23,758,2527906698
23,759,3988843104
23,760,2606557038
23,761,3860376852
23,762,1197542706
23,763,2349053736
23,764,1147659734
23,765,3156223388
23,766,823202394
23,767,1645112688
23,768,3200478142
23,769,1217698724
23,770,3579921154
23,771,2625082680
23,772,3446317350
23,773,2715440940
23,774,815630122
23,775,3513988736
23,776,3030658574
23,777,4234616884
23,778,719406802
23,779,2468010312
23,780,3421125238
23,781,483016380
23,782,1958701562
23,783,3006629264
23,784,4283592286
23,785,1328839364
23,786,3077200034
23,787,1082114904
23,788,3900043718
23,789,2894077004
23,790,2153511626
23,791,3312687776
23,792,2799266990
23,793,4105759572
23,794,3497900146
23,795,3499135848
23,796,534054678
23,797,3341037532
23,798,3067115930
23,799,1310963120
23,800,3455871230
23,801,2143859172
23,802,3734283842
23,803,3146746232
23,804,3355884134
23,805,2188818796
23,806,2029135466
23,807,3155433152
23,808,657892174
23,809,995102324
23,810,1780507154
23,811,387376520
23,812,1967279030
23,813,2630875388
23,814,571359546
23,815,2817195472
23,816,1237015454
23,817,1666400516
23,818,143272930
23,819,1192814488
23,820,3203857158
23,821,3860868748
23,822,3840543242
23,823,891726560
23,824,3866481134
23,825,3186526612
23,826,691225522
23,827,249548712
23,828,3838576726
23,829,149920284
23,830,2294464730
23,831,3541917168
23,832,3708372542
23,833,2488674340
23,834,3262441858
23,835,34463160
23,836,1403040678
23,837,3009313708
23,838,105751978
23,839,1576883968
23,840,819001486
23,841,198597812
23,842,3735051602
23,843,1436373448
23,844,176962806
23,845,539300668
23,846,79165562
23,847,2681001488
23,848,3722455262
23,849,3738396484
23,850,150920994
23,851,283143128
23,852,3755861062
23,853,4287865036
23,854,916912458
23,855,829037344
23,856,2382501678
23,857,1976141780
23,858,2597433074
23,859,2659281896
23,860,2786912662
23,861,3230819420
23,862,2537023514
23,863,3146475056
23,864,767165310
23,865,1615658596
23,866,3897691330
23,867,3179450872
23,868,822643942
23,869,966893036
23,870,2264925418
23,871,2545874752
23,872,1631792590
23,873,772410100
23,874,1303459986
23,875,3527286280
23,876,983043638
23,877,2983824764
23,878,3373043642
23,879,3513454160
23,880,3650147870
23,881,2814700932
23,882,471364194
23,883,2540064792
23,884,670739846
23,885,1240101644
23,886,1608697994
23,887,2261642080
23,888,2303605870
23,889,1750722068
23,890,1722350130
23,891,788883496
23,892,2929175254
23,893,3306983068
23,894,1249898330
23,895,2851982960
23,896,3118375102
23,897,3585946788
23,898,2944143362
23,899,2474485304
23,900,1494107686
23,901,2991595564
23,902,559498282
23,903,568915840
23,904,6112014
23,905,2046499124
23,906,1956836306
23,907,1753827912
23,908,3962945398
23,909,4110247868
23,910,2472281850
23,911,1263904400
23,912,312304478
23,913,3157775300
23,914,2636572066
23,915,742036568
23,916,2887603910
23,917,2922685772
23,918,3270342602
23,919,3655474080
23,920,2083144110
23,921,4189037652
23,922,3322488178
23,923,3355165800
23,924,2165066774
23,925,2241730780
23,926,2196428442
23,927,419731120
23,928,860298750
23,929,4273392356
23,930,1866658626
23,931,2173639288
23,932,4236369766
23,933,1383727724
23,934,1940480874
23,935,2366330816
23,936,233781326
23,937,3753478004
23,938,147164946
23,939,1276040840
23,940,1043681462
23,941,614507004
23,942,4294336058
23,943,4095516368
23,944,383111326
23,945,842799620
23,946,3749329122
23,947,2028812440
23,948,3105218566
23,949,2910992268
23,950,974587658
23,951,2805378016
23,952,3261474542
23,953,2782577300
23,954,3930206386
23,955,3371466920
23,956,3628780886
23,957,153551644
23,958,2563284442
23,959,1529855728
23,960,63142718
23,961,4249469220
23,962,1995880066
23,963,3712413368
23,964,2217957542
23,965,3878634668
23,966,2487247530
23,967,1102452736
23,968,1103695246
23,969,1733645748
23,970,3077114450
23,971,140427976
23,972,2271658486
23,973,332610620
23,974,590058874
23,975,2320496400
23,976,738860510
23,977,937541700
23,978,778202146
23,979,2131639512
23,980,3551807814
23,981,1625500108
23,982,397375050
23,983,1130077216
23,984,1876028462
23,985,15417556
23,986,4238613490
23,987,3917454568
23,988,2804100758
23,989,4006038876
23,990,1550402842
23,991,2601469744
23,992,1294186622
23,993,193337188
23,994,233265602
23,995,1412768504
23,996,2431824358
23,997,3581929196
23,998,292438506
23,999,2155427904
24,0,196788942
24,1,819889140
24,2,635266450
24,3,2164854536
24,4,1452938038
24,5,765802108
24,6,2303438010
24,7,2759831376
24,8,1342851870
24,9,322487940
24,10,3442442082
24,11,2553127192
24,12,3100152454
24,13,2036825100
24,14,637977994
24,15,3672173664
24,16,1346212206
24,17,3069255444
24,18,511633202
24,19,959256872
24,20,409300950
24,21,1838086044
24,22,370986074
24,23,3677564784
24,24,3912750526
24,25,2071711140
24,26,1935990018
24,27,3957962552
24,28,4220513062
24,29,444328236
24,30,4051894570
24,31,1642379392
24,32,2475972622
24,33,1952780852
24,34,4050821330
24,35,4053646152
24,36,1923040374
24,37,1965461692
24,38,916890618
24,39,2973484944
24,40,950425694
24,41,575745220
24,42,4147212962
24,43,1977312600
24,44,1562557382
24,45,1075785292
24,46,2808935626
24,47,1918278816
24,48,3883472558
24,49,2348571988
24,50,1763873394
24,51,529331560
24,52,2397147414
24,53,1418592732
24,54,2251502490
24,55,4130043824
24,56,1775227646
24,57,3074089956
24,58,3737075778
24,59,32811896
24,60,3571123302
24,61,1261652844
24,62,2999885930
24,63,3599276224
24,64,3106262350
24,65,2180579444
24,66,2943925266
24,67,3987523464
24,68,3662042550
24,69,2238139132
24,70,2811001658
24,71,4145299408
24,72,1403930014
24,73,3678073604
24,74,3753395682
24,75,564627864
24,76,3985818886
24,77,2518302860
24,78,1446118410
24,79,3863784672
24,80,1901362158
24,81,1545403284
24,82,3990822322
24,83,1546596776
24,84,2775028310
24,85,181693468
24,86,3841751770
24,87,2659721200
24,88,414953534
24,89,1087592996
24,90,2135327618
24,91,1273364408
24,92,1705246118
24,93,2494959020
24,94,1268850602
24,95,2801064192
24,96,339681934
24,97,3249163956
24,98,3980375890
24,99,1623602120
24,100,3294578422
24,101,2440521020
24,102,3494720122
24,103,2493061136
24,104,3337753310
24,105,3422951748
24,106,2987653410
24,107,4246867416
24,108,3471355462
24,109,4100502220
24,110,1688597322
24,111,3948092704
24,112,3785343278
24,113,459471316
24,114,3053750514
24,115,111398376
24,116,784823190
24,117,2406626908
24,118,3804799514
24,119,1591289904
24,120,4157304190
24,121,2991927396
24,122,2085267138
24,123,3612193784
24,124,783996646
24,125,3155439596
24,126,709525226
24,127,1941535040
24,128,4105197518
24,129,3012099316
24,130,806851218
24,131,2390360072
24,132,2679773238
24,133,1684463484
24,134,490260922
24,135,2153402448
24,136,1883357214
24,137,2596446084
24,138,2442431586
24,139,3252351512
24,140,2650044294
24,141,1813677324
24,142,2098774666
24,143,234483040
24,144,3828016750
24,145,3588118548
24,146,3269645362
24,147,2390411816
24,148,902902998
24,149,2037866652
24,150,2816977242
24,151,2578354288
24,152,3234794174
24,153,3184551588
24,154,4112230914
24,155,163301432
24,156,3908014118
24,157,509456940
24,158,890945066
24,159,3043391872
24,160,1648979214
24,161,4020570932
24,162,4115680722
24,163,307768392
24,164,321309046
24,165,1631959484
24,166,1923039482
24,167,2296899728
24,168,3849145694
24,169,92308932
24,170,2575957922
24,171,2170697304
24,172,797319366
24,173,2789193548
24,174,3252318666
24,175,3000049056
24,176,3703958446
24,177,2946438740
24,178,231341938
24,179,3141805672
24,180,4250195478
24,181,4159957724
24,182,3567882394
24,183,2308462768
24,184,3851847678
24,185,760544484
24,186,17403202
24,187,2696952952
24,188,2232559974
24,189,2963444844
24,190,3395411306
24,191,3163281856
24,192,484074062
24,193,638482804
24,194,2990139666
24,195,3757095048
24,196,4252326582
24,197,2200171516
24,198,751867962
24,199,1423040720
24,200,1950661278
24,201,3796880388
24,202,3712242402
24,203,2772949656
24,204,2423106054
24,205,3823651212
24,206,3443196170
24,207,375959008
24,208,3879784686
24,209,3837080724
24,210,2282359474
24,211,2895110824
24,212,2250582
24,213,3522680092
24,214,2170443738
24,215,1093042416
24,216,2414994750
24,217,3807572772
24,218,2942587010
24,219,2984972472
24,220,737321638
24,221,4294104748
24,222,3228556458
24,223,2981730816
24,224,2620602254
24,225,517294004
24,226,3559154770
24,227,1121166536
24,228,1970654198
24,229,1561431612
24,230,538759034
24,231,1655191824
24,232,580388830
24,233,524317252
24,234,1746109986
24,235,4011581144
24,236,91951942
24,237,4263787468
24,238,2978639946
24,239,1297128992
24,240,3614152238
24,241,3375411924
24,242,452130290
24,243,3656253160
24,244,4043946134
24,245,1720917852
24,246,1045823258
24,247,2867398960
24,248,2712740478
24,249,3636087140
24,250,125563842
24,251,2865513720
24,252,1046543334
24,253,828274924
24,254,1704246250
24,255,2508175936
24,256,270789838
24,257,3121182196
24,258,3227500434
24,259,3734040840
24,260,3388480822
24,261,438208636
24,262,2564023994
24,263,150663504
24,264,2922853662
24,265,3261233284
24,266,1028102498
24,267,2020492056
24,268,192830598
24,269,1711509004
24,270,4179148682
24,271,1142484576
24,272,957758318
24,273,3374420244
24,274,2815738162
24,275,317618984
24,276,3134912982
24,277,2899691932
24,278,333481562
24,279,2305814896
24,280,3030663102
24,281,549126052
24,282,144733954
24,283,1358158136
24,284,1429026086
24,285,32865068
24,286,2149612330
24,287,1080965760
24,288,1618772494
24,289,4022010932
24,290,3560700626
24,291,2931334472
24,292,2177650294
24,293,2103108284
24,294,1531305466
24,295,1985612176
24,296,2364686942
24,297,3922058948
24,298,1479576738
24,299,2999912280
24,300,1464305094
24,301,613826636
24,302,2788552394
24,303,3209797280
24,304,1343275182
24,305,1754779476
24,306,134179954
24,307,2132891496
24,308,2154175254
24,309,869258204
24,310,2186145178
24,311,2001418672
24,312,446381310
24,313,3842315748
24,314,2854345282
24,315,3253849464
24,316,1093095014
24,317,3334987116
24,318,1315117674
24,319,1662327488
24,320,755824462
24,321,3489264244
24,322,1695094290
24,323,114993544
24,324,1539465142
24,325,3788938492
24,326,2747446586
24,327,2975171024
24,328,3969462174
24,329,3413812484
24,330,2887671778
24,331,1741564824
24,332,3584462598
24,333,3672920716
24,334,858914314
24,335,1535815392
24,336,405480942
24,337,1134783892
24,338,214103986
24,339,2652279720
24,340,2625313878
24,341,579943964
24,342,2179871962
24,343,3876250096
24,344,3714456126
24,345,1739099172
24,346,3679460738
24,347,1935024568
24,348,186599334
24,349,1826987948
24,350,2259458474
24,351,2248432384
24,352,3450162318
24,353,2195079348
24,354,3222737234
24,355,2458326472
24,356,1319784694
24,357,983676732
24,358,647654522
24,359,2558351888
24,360,3002858718
24,361,3046165316
24,362,610341666
24,363,3103502296
24,364,2875947078
24,365,3256206540
24,366,2455563594
24,367,2371100448
24,368,1161128750
24,369,240413652
24,370,2138006258
24,371,1197354984
24,372,2716466582
24,373,942278748
24,374,2198952986
24,375,591325744
24,376,3201619838
24,377,45441636
24,378,2205892802
24,379,850449912
24,380,4091879654
24,381,2036253164
24,382,1464662250
24,383,164363072
24,384,1377141198
24,385,1214246644
24,386,716565650
24,387,1431167496
24,388,2303992374
24,389,315371900
24,390,270336954
24,391,3798045264
24,392,2112530974
24,393,236474756
24,394,2756224610
24,395,535270424
24,396,895893894
24,397,2871170828
24,398,772193418
24,399,2705190752
24,400,1124044910
24,401,2495269396
24,402,559197746
24,403,2861050920
24,404,1535295190
24,405,3416928924
24,406,1845977946
24,407,1316442736
24,408,951547070
24,409,674994340
24,410,2180203522
24,411,630319672
24,412,1950931494
24,413,155403308
24,414,1720989738
24,415,654048128
24,416,2184025870
24,417,2024209716
24,418,3795167186
24,419,2864647752
24,420,1922028406
24,421,2372275132
24,422,77232890
24,423,496118416
24,424,2738173790
24,425,1394685892
24,426,119871906
24,427,1847711832
24,428,140962502
24,429,4280469836
24,430,3900664778
24,431,3151503264
24,432,895063470
24,433,3135670356
24,434,2881673586
24,435,1327794280
24,436,3423952918
24,437,3424763100
24,438,2736802458
24,439,1665407664
24,440,2094920190
24,441,1649094372
24,442,2919769922
24,443,3381223032
24,444,1025143654
24,445,3517130348
24,446,3537000298
24,447,3995360192
24,448,3720186958
24,449,2210098036
24,450,468075282
24,451,1181391496
24,452,2838324406
24,453,1702839804
24,454,543347258
24,455,2963219152
24,456,816555166
24,457,448495108
24,458,541486306
24,459,3443162264
24,460,4047336454
24,461,3206962060
24,462,471268106
24,463,3652366304
24,464,4162026222
24,465,2095556244
24,466,3490309298
24,467,348341416
24,468,779215190
24,469,3231754012
24,470,4205580762
24,471,875905776
24,472,1964527422
24,473,1391732004
24,474,3607751298
24,475,4096209592
24,476,925494438
24,477,529426604
24,478,844584618
24,479,1205148672
24,480,2627035534
24,481,4054661556
24,482,85442130
24,483,870352584
24,484,66901494
24,485,3995590716
24,486,4156950906
24,487,3659037456
24,488,3961385438
24,489,318186564
24,490,3137118242
24,491,3200352472
24,492,4105821510
24,493,2218610124
24,494,2602396234
24,495,3479019552
24,496,519913518
24,497,4006487252
24,498,930729970
24,499,854876392
24,500,4117250710
24,501,3359043932
24,502,3304765722
24,503,1809500976
24,504,3275132030
24,505,3024517988
24,506,3293089218
24,507,3539691256
24,508,2202486246
24,509,3625257708
24,510,2473801194
24,511,4104010816
24,512,2927957710
24,513,1653368820
24,514,3273267602
24,515,3601912584
24,516,2446206774
24,517,309320316
24,518,2534678714
24,519,2962109264
24,520,1398546206
24,521,31730308
24,522,2593633122
24,523,474408216
24,524,1336682118
24,525,2138546188
24,526,2950871434
24,527,1231614048
24,528,4125549934
24,529,1017774868
24,530,2204277554
24,531,961010984
24,532,3418915798
24,533,2582944668
24,534,3395043418
24,535,2361701232
24,536,3238570430
24,537,1481781668
24,538,890507522
24,539,3952474936
24,540,2051178278
24,541,2017922348
24,542,2088105258
24,543,2366618752
24,544,3143412750
24,545,2389243444
24,546,1933399250
24,547,3932913480
24,548,2574342262
24,549,1432827068
24,550,2191333370
24,551,579881872
24,552,2620795998
24,553,3314716868
24,554,2053613218
24,555,391817560
24,556,1994674118
24,557,2045071948
24,558,481749194
24,559,3429146784
24,560,2157996718
24,561,2861252948
24,562,1293174386
24,563,256751976
24,564,2489492758
24,565,2229904860
24,566,1260431258
24,567,4051893168
24,568,2153686782
24,569,690440164
24,570,3770446914
24,571,461827960
24,572,2901121126
24,573,355757932
24,574,3954152554
24,575,2176425152
24,576,585900366
24,577,1163060340
24,578,718368786
24,579,2191559560
24,580,2578868662
24,581,3525177084
24,582,3065048890
24,583,4138648528
24,584,3028031902
24,585,1410488068
24,586,230455778
24,587,965528984
24,588,389175558
24,589,3566625932
24,590,468318218
24,591,3034624224
24,592,2063192046
24,593,2491539348
24,594,635359666
24,595,4103468456
24,596,1778820694
24,597,1881542684
24,598,4288147162
24,599,3433407472
24,600,3406332990
24,601,685096484
24,602,1989261186
24,603,2556314552
24,604,3826422182
24,605,1542271404
24,606,1466962858
24,607,455859456
24,608,4244862606
24,609,1868182196
24,610,4146490194
24,611,182450120
24,612,1231903478
24,613,1000606012
24,614,2812257914
24,615,3413744656
24,616,1107158750
24,617,3144908100
24,618,4293274914
24,619,1684885976
24,620,359023174
24,621,2291848908
24,622,1607198538
24,623,929898784
24,624,1489179950
24,625,1855839700
24,626,2534554866
24,627,2159055336
24,628,2676262806
24,629,3669613148
24,630,403838490
24,631,683453488
24,632,584466814
24,633,1903006820
24,634,2648955586
24,635,4021024760
24,636,545745638
24,637,2441171948
24,638,2919723754
24,639,2046197056
24,640,426945486
24,641,210690292
24,642,3716957842
24,643,1186579464
24,644,2540055606
24,645,3708388220
24,646,1102659002
24,647,394318928
24,648,2727056414
24,649,566625156
24,650,4097097826
24,651,3515627032
24,652,2387610502
24,653,654485772
24,654,313308810
24,655,1620701536
24,656,1171012206
24,657,3304012820
24,658,570329138
24,659,2737671720
24,660,3215739094
24,661,3686073500
24,662,1021255002
24,663,3898086512
24,664,3247955646
24,665,889113252
24,666,4127383042
24,667,117443640
24,668,2602181670
24,669,2466305580
24,670,1439019562
24,671,2527690112
24,672,639246
24,673,889253684
24,674,3679650258
24,675,1371402312
24,676,2859523446
24,677,2573098428
24,678,3914183930
24,679,693398672
24,680,3958710622
24,681,3306809796
24,682,2247635874
24,683,309951064
24,684,3602887878
24,685,3638418252
24,686,3604768202
24,687,351740320
24,688,635781038
24,689,998636116
24,690,1072935794
24,691,2744969832
24,692,2370693654
24,693,573017820
24,694,2387543194
24,695,3322404016
24,696,2568838142
24,697,3180945636
24,698,373211458
24,699,468353144
24,700,3298475366
24,701,3581655148
24,702,754635114
24,703,1104469440
24,704,4036539982
24,705,415260020
24,706,3855260946
24,707,2675735688
24,708,3780996790
24,709,3954350076
24,710,2058161210
24,711,662987984
24,712,3960114846
24,713,4219416580
24,714,1216382690
24,715,281353880
24,716,2072329734
24,717,1597795724
24,718,3333092618
24,719,286568928
24,720,2497586414
24,721,2389842068
24,722,1648475826
24,723,562996904
24,724,54094678
24,725,4112611612
24,726,2763115482
24,727,1415316720
24,728,1396095294
24,729,1833785124
24,730,2380760194
24,731,3288028344
24,732,1171863206
24,733,1711405740
24,734,2314653866
24,735,604544512
24,736,3807349646
24,737,4292684724
24,738,3930265682
24,739,4219824328
24,740,3539722230
24,741,3876991548
24,742,1244087162
24,743,278969616
24,744,681303006
24,745,856020548
24,746,3340614178
24,747,234824408
24,748,1097901894
24,749,321806284
24,750,1952998474
24,751,3917652512
24,752,3867601454
24,753,2445514452
24,754,4063799794
24,755,345162472
24,756,1413401750
24,757,867353436
24,758,2421650202
24,759,4259614000
24,760,1370748542
24,761,3190467940
24,762,3830261698
24,763,3972172024
24,764,4289040358
24,765,3919813868
24,766,990490602
24,767,3184836160
24,768,2262712526
24,769,1248287220
24,770,3456922514
24,771,2305340680
24,772,1310470454
24,773,916008060
24,774,604789434
24,775,3141104976
24,776,3749251358
24,777,4055751812
24,778,2233453922
24,779,2746713880
24,780,626126982
24,781,3854807564
24,782,3932468106
24,783,181465696
24,784,649039726
24,785,831157524
24,786,1361605938
24,787,3426303784
24,788,3945663958
24,789,1424715164
24,790,3650091610
24,791,87127408
24,792,2925859774
24,793,1111581604
24,794,2562697986
24,795,3687849272
24,796,181389606
24,797,2641403692
24,798,2256760618
24,799,1741241984
24,800,1144313358
24,801,1886316596
24,802,1853271762
24,803,3300286792
24,804,1502503542
24,805,491488956
24,806,1286361594
24,807,3588132240
24,808,108140126
24,809,3585557188
24,810,4258709666
24,811,3279833944
24,812,1543051718
24,813,1611424844
24,814,2867847882
24,815,3113198240
24,816,422057134
24,817,1909896020
24,818,3630243954
24,819,4027718504
24,820,1792487190
24,821,1742436316
24,822,2158715290
24,823,2228403632
24,824,991564030
24,825,2745268708
24,826,579800642
24,827,783552888
24,828,3089621606
24,829,1450770796
24,830,716443242
24,831,1383472832
24,832,985877326
24,833,33805940
24,834,2698103314
24,835,2164157832
24,836,874673078
24,837,1983725820
24,838,2153195834
24,839,3877635536
24,840,1263993758
24,841,2499938564
24,842,2761069538
24,843,3068358552
24,844,1379279622
24,845,2736289420
24,846,2958684682
24,847,307147488
24,848,968915438
24,849,1857573268
24,850,3643976626
24,851,2142066600
24,852,2919903318
24,853,328393244
24,854,4260997338
24,855,1868064240
24,856,2174938686
24,857,2757423140
24,858,4044050818
24,859,3674105272
24,860,2424167334
24,861,2177680300
24,862,1575718314
24,863,2255183616
24,864,1113170062
24,865,2805343412
24,866,846054738
24,867,3922778568
24,868,1420322038
24,869,3028179772
24,870,4082950266
24,871,1301143056
24,872,335007966
24,873,4256051012
24,874,3835905826
24,875,527889368
24,876,2899905606
24,877,1744300236
24,878,1827856714
24,879,161358624
24,880,3158884142
24,881,1547653076
24,882,2632783602
24,883,3533370344
24,884,3348566422
24,885,2535566428
24,886,1103810586
24,887,2404544048
24,888,3285166974
24,889,511559268
24,890,1803842754
24,891,775887352
24,892,1419883750
24,893,612099564
24,894,3464097002
24,895,3828940608
24,896,3938964942
24,897,538301172
24,898,3902447762
24,899,2193466888
24,900,1777350198
24,901,3810448764
24,902,1376614330
24,903,1069028944
24,904,2116320798
24,905,4123768196
24,906,559471202
24,907,4140357656
24,908,1219614086
24,909,4290427660
24,910,3406475402
24,911,1812853600
24,912,2358305902
24,913,2256252436
24,914,1692426802
24,915,2557145128
24,916,38654678
24,917,3382171292
24,918,3027162970
24,919,2270221936
24,920,4218439870
24,921,68811940
24,922,4048189442
24,923,3456511544
24,924,4251151910
24,925,3684067372
24,926,2729389098
24,927,611254144
24,928,2078141198
24,929,1152573748
24,930,2158517202
24,931,659870280
24,932,1523181430
24,933,2771300284
24,934,3233345274
24,935,3425611408
24,936,1605176158
24,937,2070584260
24,938,3053669794
24,939,2389253208
24,940,982548166
24,941,1399909708
24,942,754016202
24,943,3727565728
24,944,1315498414
24,945,1367174228
24,946,1784450418
24,947,3635235944
24,948,3774772246
24,949,436560092
24,950,909491866
24,951,3521355440
24,952,3662988798
24,953,1598001892
24,954,3652016962
24,955,3085148792
24,956,3146975078
24,957,3693890156
24,958,2027637610
24,959,3617415104
24,960,4117487694
24,961,85806964
24,962,2951149330
24,963,187063944
24,964,1174763702
24,965,901638652
24,966,3685697082
24,967,3649152720
24,968,1180792990
24,969,2761613828
24,970,4126318818
24,971,2414330008
24,972,3477407750
24,973,3827990412
24,974,1828122378
24,975,3700339680
24,976,1570819822
24,977,961841812
24,978,3736180914
24,979,4075948200
24,980,511243606
24,981,2407156508
24,982,527402458
24,983,3248146160
24,984,3394052926
24,985,1375635748
24,986,1945968258
24,987,1097299640
24,988,4160782502
24,989,4081945772
24,990,1733184170
24,991,1716789248
24,992,255964558
24,993,1768234420
24,994,598110802
24,995,3116518088
24,996,2188569078
24,997,1742505020
24,998,3074456954
24,999,641793808
25,0,2014430686
25,1,2674690116
25,2,745985058
25,3,4241802456
25,4,2342482246
25,5,3405214156
25,6,3714801226
25,7,3149898784
25,8,3456668718
25,9,3524331732
25,10,3945759730
25,11,2663982312
25,12,2911721110
25,13,3372651868
25,14,1080831258
25,15,2164674352
25,16,3978911870
25,17,375840612
25,18,126468546
25,19,404859640
25,20,1400625638
25,21,2248814316
25,22,4233636330
25,23,287522880
25,24,959408846
25,25,2442808308
25,26,2167852434
25,27,381196040
25,28,2665626422
25,29,2795142780
25,30,3753678010
25,31,1224521552
25,32,4069389086
25,33,2985266820
25,34,2631919458
25,35,784345368
25,36,745519750
25,37,3102196748
25,38,1218358666
25,39,2823877728
25,40,1802516846
25,41,3351439124
25,42,2972077874
25,43,3955401000
25,44,3104544726
25,45,4256841628
25,46,3782980698
25,47,313931632
25,48,481918398
25,49,4270364068
25,50,3550692610
25,51,1101152056
25,52,2798981926
25,53,2440180012
25,54,1044965674
25,55,4036673664
25,56,2600796174
25,57,3050101300
25,58,1709705426
25,59,1570325320
25,60,1646488694
25,61,4110932156
25,62,1500744698
25,63,2957299600
25,64,1806041182
25,65,976483524
25,66,2189286050
25,67,3610897752
25,68,2793792454
25,69,4144723532
25,70,4041268426
25,71,2798822560
25,72,3114778286
25,73,3732546900
25,74,1239808626
25,75,1097760104
25,76,2747513110
25,77,4238690780
25,78,3270384538
25,79,1362788272
25,80,3939334910
25,81,1953737700
25,82,261728322
25,83,460927864
25,84,47983718
25,85,2861929324
25,86,2876278890
25,87,4115308736
25,88,345142606
25,89,638371956
25,90,1728717842
25,91,569659272
25,92,3406200246
25,93,3996422908
25,94,2696241978
25,95,2729002960
25,96,1361702302
25,97,2924067588
25,98,278965730
25,99,4291957144
25,100,649194758
25,101,1718782092
25,102,2424433674
25,103,2480190688
25,104,4101972974
25,105,4064723860
25,106,3334374834
25,107,1599912360
25,108,142981718
25,109,752333852
25,110,487809754
25,111,4012058608
25,112,2704627774
25,113,4197982756
25,114,3938249602
25,115,1530300344
25,116,2959156646
25,117,4270085548
25,118,975112106
25,119,3888308480
25,120,1034406542
25,121,1248466612
25,122,300752722
25,123,1331280840
25,124,274427638
25,125,3308301628
25,126,2849118842
25,127,1052385296
25,128,3370760926
25,129,2621497668
25,130,1922588962
25,131,169383384
25,132,298047046
25,133,2150431436
25,134,1506925386
25,135,602350880
25,136,264661294
25,137,4147691988
25,138,822079730
25,139,1562203624
25,140,3122764694
25,141,2371976796
25,142,2688256538
25,143,1996501040
25,144,1103172990
25,145,702937188
25,146,2354908866
25,147,241843192
25,148,808713958
25,149,1380874220
25,150,1487169258
25,151,1754497344
25,152,1712652238
25,153,2733950196
25,154,3957389970
25,155,693733384
25,156,2700230710
25,157,1158424444
25,158,3776557498
25,159,2064078928
25,160,2964678686
25,161,2854840196
25,162,3417633890
25,163,2946333208
25,164,76259206
25,165,1430965516
25,166,4146113162
25,167,3818517856
25,168,3075313262
25,169,4183826452
25,170,2314878002
25,171,2856342056
25,172,3278331094
25,173,3042093212
25,174,1958121818
25,175,1264687216
25,176,2252387006
25,177,3045928612
25,178,332009986
25,179,2594459704
25,180,992262182
25,181,50592300
25,182,3981485610
25,183,4031545728
25,184,2510951694
25,185,3351040820
25,186,1916122578
25,187,1266922568
25,188,597356918
25,189,3503751612
25,190,719071482
25,191,639692944
25,192,2656892254
25,193,2517847492
25,194,927360930
25,195,32554584
25,196,3554232518
25,197,2396782412
25,198,2327730634
25,199,930948512
25,200,1323602862
25,201,483188308
25,202,3405604722
25,203,240496232
25,204,1730608662
25,205,3552260828
25,206,987003034
25,207,2799132848
25,208,3766759422
25,209,1732101348
25,210,2555639106
25,211,3178546296
25,212,3254997350
25,213,95738988
25,214,1450427754
25,215,3481133504
25,216,2352417358
25,217,1758609780
25,218,440094994
25,219,2842181768
25,220,1998946998
25,221,1671511036
25,222,3815342138
25,223,3868649680
25,224,3752878750
25,225,906925060
25,226,3365714658
25,227,1789026968
25,228,2356990470
25,229,1844482444
25,230,2935679242
25,231,1545647584
25,232,4066081006
25,233,2643393684
25,234,3847844530
25,235,2834131624
25,236,540049238
25,237,2947226908
25,238,182796250
25,239,2616297712
25,240,2052820286
25,241,554154788
25,242,692762754
25,243,2355861688
25,244,3986672294
25,245,3882950316
25,246,1784530090
25,247,783786496
25,248,3247169422
25,249,1313148852
25,250,1363266642
25,251,2392272072
25,252,2992763894
25,253,2423969340
25,254,3742480250
25,255,989413648
25,256,2055188446
25,257,2016098884
25,258,2332552738
25,259,2873255640
25,260,1933982534
25,261,3415770060
25,262,1982224458
25,263,1712629280
25,264,1971469870
25,265,3484842708
25,266,3260964338
25,267,4053239528
25,268,2706628758
25,269,2821875548
25,270,1966663450
25,271,356520240
25,272,899074686
25,273,3707441508
25,274,3455998914
25,275,1964559608
25,276,516563942
25,277,3444097260
25,278,2002691050
25,279,243909184
25,280,1702401230
25,281,1478835700
25,282,2090411922
25,283,2661316872
25,284,606094646
25,285,2188628092
25,286,1780797114
25,287,2044197200
25,288,748346654
25,289,1652113540
25,290,2178416994
25,291,3714108184
25,292,84247686
25,293,417584652
25,294,1787864970
25,295,1105786464
25,296,1680401262
25,297,525555988
25,298,1130113330
25,299,3085173544
25,300,3579912662
25,301,3026260380
25,302,2183097946
25,303,3578984816
25,304,2886068158
25,305,2905065380
25,306,2243878658
25,307,1024221496
25,308,3998375206
25,309,1951122220
25,310,1137074986
25,311,1199850112
25,312,1607281166
25,313,2122501172
25,314,4187054802
25,315,3574867272
25,316,1395684982
25,317,4238092988
25,318,1223869946
25,319,3519222160
25,320,1808919134
25,321,319334084
25,322,2824664226
25,323,1921879896
25,324,4136283590
25,325,1591904332
25,326,2391398090
25,327,3022890656
25,328,35612846
25,329,276141908
25,330,1101190258
25,331,593682280
25,332,3743957782
25,333,1665604572
25,334,2984826266
25,335,1991918000
25,336,796452094
25,337,3147685348
25,338,1205617218
25,339,30823800
25,340,755529318
25,341,831137132
25,342,233112170
25,343,2318869184
25,344,1348050766
25,345,3513629300
25,346,494566930
25,347,2239902088
25,348,4267870134
25,349,1510204668
25,350,3083574586
25,351,1229621712
25,352,1710544798
25,353,3219746052
25,354,4058433506
25,355,878228376
25,356,883275526
25,357,1050974860
25,358,1549919754
25,359,1500690144
25,360,1261817326
25,361,1059927444
25,362,2390908850
25,363,3013876648
25,364,427377750
25,365,3690235420
25,366,4242873562
25,367,1812326896
25,368,3384787518
25,369,1248678948
25,370,61244802
25,371,956737976
25,372,3820777382
25,373,4061390764
25,374,2349498794
25,375,1597137664
25,376,2397959310
25,377,2029390004
25,378,899971410
25,379,1534762440
25,380,478574838
25,381,2377842492
25,382,1795118202
25,383,3204342288
25,384,13870302
25,385,3073086276
25,386,1237678882
25,387,1146238936
25,388,3827736646
25,389,4047113420
25,390,3328759114
25,391,2789746464
25,392,4080800558
25,393,1602892756
25,394,4081765106
25,395,1077393384
25,396,388244886
25,397,3715715164
25,398,3546563610
25,399,4291162672
25,400,1017806718
25,401,3014011492
25,402,2691541186
25,403,2955763192
25,404,1396590822
25,405,989399532
25,406,3968262378
25,407,654705472
25,408,727329230
25,409,3039540980
25,410,2271171730
25,411,1519217160
25,412,3698084406
25,413,584153468
25,414,2396908474
25,415,3916339792
25,416,3661517342
25,417,1591679364
25,418,2471038562
25,419,470424600
25,420,1641900422
25,421,1202904844
25,422,921609354
25,423,3879597920
25,424,1711421550
25,425,1033671188
25,426,827070002
25,427,4172133416
25,428,2734221014
25,429,3202710172
25,430,498486106
25,431,1418353264
25,432,34151614
25,433,1767399588
25,434,4253133826
25,435,2363126328
25,436,4099801638
25,437,692685868
25,438,3584696362
25,439,440533888
25,440,3983425294
25,441,3726558516
25,442,1341853650
25,443,3729430088
25,444,2766404470
25,445,1012356028
25,446,3350684410
25,447,1462448784
25,448,1208278878
25,449,890503108
25,450,2848031138
25,451,2366660696
25,452,1117393606
25,453,2870939980
25,454,2420331466
25,455,1088694176
25,456,3344448942
25,457,3178516564
25,458,30818674
25,459,1687556200
25,460,3217524758
25,461,1867056348
25,462,1009463962
25,463,1692607152
25,464,1269537278
25,465,4120114916
25,466,4063399746
25,467,1285416568
25,468,2011929446
25,469,1914007148
25,470,1707360106
25,471,1232495552
25,472,1425683534
25,473,1675572084
25,474,3301419794
25,475,2588025480
25,476,347966646
25,477,2505870844
25,478,836483642
25,479,1858349776
25,480,1475824798
25,481,3487188484
25,482,1618924770
25,483,3237282968
25,484,1395432454
25,485,479110028
25,486,750183178
25,487,2949298144
25,488,4077789934
25,489,3676401300
25,490,372853938
25,491,1669385384
25,492,2824866134
25,493,1974726428
25,494,118684122
25,495,56642288
25,496,56751934
25,497,4201180452
25,498,1305498242
25,499,3305618104
25,500,3333887142
25,501,1651290284
25,502,858078890
25,503,2637374464
25,504,2580416910
25,505,3464298932
25,506,320153170
25,507,2583957192
25,508,46726646
25,509,2163288124
25,510,1637544314
25,511,1858700048
25,512,3487930846
25,513,3712085060
25,514,2194737186
25,515,961022168
25,516,2556757318
25,517,890344908
25,518,3734590026
25,519,142714912
25,520,2096359470
25,521,2863918292
25,522,398800882
25,523,754837736
25,524,3482479254
25,525,4046862684
25,526,3468534042
25,527,3666989872
25,528,3405526142
25,529,837239652
25,530,3618305474
25,531,598208248
25,532,26242534
25,533,3747566316
25,534,1276976618
25,535,3590865984
25,536,2881076942
25,537,3188207604
25,538,1613988242
25,539,1092639496
25,540,2111196982
25,541,3928302204
25,542,1665468602
25,543,1842035536
25,544,765445918
25,545,593162884
25,546,3557301090
25,547,3482938648
25,548,1326665350
25,549,632809484
25,550,4030374282
25,551,4153997408
25,552,2967047534
25,553,1480313620
25,554,2815034162
25,555,1352492328
25,556,3761155030
25,557,2564809628
25,558,1534797914
25,559,1829223280
25,560,4232729022
25,561,1847523748
25,562,1326610690
25,563,3993928504
25,564,2168956710
25,565,1711101228
25,566,922475818
25,567,2357576832
25,568,848122894
25,569,3935354420
25,570,3379739858
25,571,1260848968
25,572,3434446966
25,573,1409842364
25,574,3140091898
25,575,1515803536
25,576,2801128542
25,577,2150979780
25,578,259264162
25,579,3044618584
25,580,3959912390
25,581,3079772748
25,582,602591434
25,583,27306144
25,584,2458849966
25,585,667486548
25,586,1603776114
25,587,3052355944
25,588,3171208470
25,589,3149983196
25,590,3986395034
25,591,357696432
25,592,2837204734
25,593,2569015268
25,594,1800854594
25,595,30111608
25,596,3601645670
25,597,190232428
25,598,4061232234
25,599,825992384
25,600,2383989070
25,601,606514292
25,602,1680005138
25,603,3416789896
25,604,1849070006
25,605,3651876604
25,606,1704580922
25,607,4211330000
25,608,699908510
25,609,3923844868
25,610,3898925538
25,611,1953977752
25,612,470909190
25,613,1269738636
25,614,3019497482
25,615,2200484064
25,616,3722737646
25,617,1969989524
25,618,3497933234
25,619,2625863080
25,620,2162478678
25,621,1089034268
25,622,1030674138
25,623,100707312
25,624,2604805182
25,625,3036317220
25,626,3687325570
25,627,2490289080
25,628,3398416806
25,629,2088466860
25,630,4088265642
25,631,213509376
25,632,3593215630
25,633,1390017204
25,634,1033098066
25,635,775126984
25,636,422150902
25,637,773673276
25,638,3605302906
25,639,3998917648
25,640,1538625246
25,641,1852720452
25,642,170562850
25,643,3995326936
25,644,3288427078
25,645,3676249804
25,646,1387777866
25,647,2965448992
25,648,111787310
25,649,3040060884
25,650,2211292402
25,651,2615810536
25,652,2124328854
25,653,2808685148
25,654,2068119066
25,655,1235465264
25,656,1418455422
25,657,3686685796
25,658,1203126978
25,659,864583672
25,660,1572901606
25,661,4269513708
25,662,706829034
25,663,1066435904
25,664,3667350478
25,665,1991944436
25,666,1528147602
25,667,911821832
25,668,3160298550
25,669,2624506748
25,670,4216989114
25,671,2867715152
25,672,2596224030
25,673,871156612
25,674,404039778
25,675,1544470040
25,676,10957702
25,677,4143116556
25,678,712285834
25,679,2532964704
25,680,950985326
25,681,1932592148
25,682,4208324658
25,683,2746422824
25,684,1090678998
25,685,105925788
25,686,1332610394
25,687,3268090992
25,688,248088254
25,689,1065063076
25,690,1316046338
25,691,3299382328
25,692,3373222950
25,693,1852251692
25,694,4223375914
25,695,3259991424
25,696,589981966
25,697,2815997748
25,698,3120064978
25,699,4289296456
25,700,2124744054
25,701,128951740
25,702,927636730
25,703,2135782544
25,704,4238657886
25,705,2020389316
25,706,2910100386
25,707,1338507864
25,708,651353286
25,709,3359253324
25,710,3716173258
25,711,442706336
25,712,1472456622
25,713,1400095316
25,714,2934381426
25,715,4218319464
25,716,2329940502
25,717,212784860
25,718,3661229210
25,719,738649264
25,720,3150644222
25,721,708978916
25,722,2269718850
25,723,2237597816
25,724,2102125926
25,725,1095630956
25,726,1187821930
25,727,1703339456
25,728,4021640782
25,729,373564788
25,730,1334576402
25,731,4256433288
25,732,3201144502
25,733,3941588988
25,734,1728443450
25,735,2450091216
25,736,1328952990
25,737,2449340420
25,738,1570303714
25,739,3001001624
25,740,3277088262
25,741,268744076
25,742,2250956042
25,743,4153194976
25,744,4290301166
25,745,302768276
25,746,290530994
25,747,1118580392
25,748,1460114262
25,749,26525980
25,750,3019420634
25,751,401018096
25,752,90202430
25,753,4263649060
25,754,2173561986
25,755,188472504
25,756,591814310
25,757,2218803884
25,758,1638185130
25,759,3519456768
25,760,940061582
25,761,168620980
25,762,153124946
25,763,4228444360
25,764,329779190
25,765,1497332284
25,766,3738971002
25,767,3786523920
25,768,407077854
25,769,4004552260
25,770,3016892962
25,771,3336940248
25,772,2600193862
25,773,660776908
25,774,3066317898
25,775,3271993888
25,776,2220724782
25,777,2198429396
25,778,2338591218
25,779,1895582440
25,780,3628659862
25,781,3289516892
25,782,3975830298
25,783,4043019568
25,784,1297718910
25,785,892040548
25,786,3297742786
25,787,1137643768
25,788,2614015974
25,789,3696092396
25,790,445880298
25,791,2275329600
25,792,2884823246
25,793,3812827636
25,794,3422935954
25,795,507002120
25,796,1275353398
25,797,4256068732
25,798,1797079738
25,799,1154907472
25,800,2510074142
25,801,345285764
25,802,862991714
25,803,627707672
25,804,2862160006
25,805,4284742156
25,806,2040306570
25,807,3915446880
25,808,4051842926
25,809,2457615636
25,810,2121260338
25,811,3589195560
25,812,2037659094
25,813,3409360284
25,814,227467866
25,815,4191452528
25,816,2911288254
25,817,1634610084
25,818,3483243266
25,819,1957209400
25,820,4290048294
25,821,2256987948
25,822,3085522730
25,823,3751757440
25,824,3007675918
25,825,435597364
25,826,1972115154
25,827,3755075912
25,828,1857194614
25,829,458018492
25,830,1343830522
25,831,1778881936
25,832,3172056670
25,833,2713324228
25,834,1472407714
25,835,3221017432
25,836,654066118
25,837,555265100
25,838,1359203018
25,839,2938874528
25,840,183942318
25,841,1148484436
25,842,1136953458
25,843,420717416
25,844,3713619734
25,845,638762972
25,846,369510810
25,847,1291961776
25,848,4156012798
25,849,754598372
25,850,436827714
25,851,995662200
25,852,2680752742
25,853,1476086124
25,854,4160091754
25,855,173549248
25,856,1842344782
25,857,1043832436
25,858,3674419730
25,859,342226312
25,860,3129121718
25,861,2368375036
25,862,1243615546
25,863,3621064144
25,864,1014147998
25,865,1278267652
25,866,2484796386
25,867,3761108888
25,868,2096450310
25,869,2911944332
25,870,927586826
25,871,821476064
25,872,1284186606
25,873,3036813716
25,874,749867954
25,875,972742568
25,876,3737671766
25,877,2075535900
25,878,2125500634
25,879,3709038064
25,880,3049035326
25,881,1507833892
25,882,320977282
25,883,2372857272
25,884,81462182
25,885,3183152044
25,886,285832618
25,887,274294528
25,888,3009562766
25,889,4162186420
25,890,3384487250
25,891,3884212680
25,892,2789510390
25,893,3327632188
25,894,2374092922
25,895,3972982288
25,896,2039445726
25,897,3792238404
25,898,1405595426
25,899,663583704
25,900,1364472902
25,901,1574711500
25,902,2663303498
25,903,1666329376
25,904,3926877998
25,905,406132692
25,906,2189983474
25,907,2419358696
25,908,2425436566
25,909,187757660
25,910,937277466
25,911,1956214320
25,912,694506366
25,913,3257831012
25,914,574020802
25,915,3095110136
25,916,4022000870
25,917,3168153068
25,918,2977158378
25,919,3526559552
25,920,332168654
25,921,128031476
25,922,117704850
25,923,3703385608
25,924,3771227702
25,925,3521387900
25,926,3331219386
25,927,3750043216
25,928,2453153310
25,929,1230142852
25,930,4195959394
25,931,2410373144
25,932,2162752902
25,933,2198536972
25,934,1907529866
25,935,315489120
25,936,3478359150
25,937,3122492948
25,938,2258094642
25,939,3411048488
25,940,1032059606
25,941,2878545564
25,942,2849881946
25,943,3055804016
25,944,1283584190
25,945,1475789988
25,946,2795036674
25,947,1645131320
25,948,1496880678
25,949,4066160684
25,950,4286911530
25,951,141887360
25,952,3604910862
25,953,1156229428
25,954,1345176530
25,955,3483392584
25,956,1356730230
25,957,1390409660
25,958,429250298
25,959,3196565136
25,960,1547481950
25,961,2149409732
25,962,3797923234
25,963,1779934296
25,964,545498822
25,965,103626060
25,966,309675978
25,967,3824823200
25,968,2686947758
25,969,4274730068
25,970,1915745650
25,971,4074689640
25,972,1752210454
25,973,3421284572
25,974,3036718746
25,975,474130096
25,976,3504500222
25,977,625498852
25,978,4153918274
25,979,2276993656
25,980,1914974054
25,981,2472448620
25,982,2576167786
25,983,1135568832
25,984,4234709070
25,985,2684426100
25,986,1518886674
25,987,4089308808
25,988,357933238
25,989,2220569084
25,990,585641530
25,991,1885777616
25,992,1701650590
25,993,2625219076
25,994,1609238754
25,995,1617053848
25,996,2096377862
25,997,1750255500
25,998,1532417802
25,999,1399241696
26,0,3093001966
26,1,1649300116
26,2,1990262962
26,3,1718587560
26,4,3425115478
26,5,1934463772
26,6,2979425754
26,7,4186296048
26,8,542559038
26,9,1278431524
26,10,1686341250
26,11,2131230392
26,12,2739775654
26,13,1827394732
26,14,2514236074
26,15,3966904320
26,16,1010457998
26,17,552920500
26,18,3546536530
26,19,3567637192
26,20,2231308790
26,21,962972732
26,22,4141180282
26,23,3014788880
26,24,4086918622
26,25,3430371396
26,26,3188407330
26,27,1947946200
26,28,453679430
26,29,3263936972
26,30,2661762634
26,31,3047402528
26,32,733953070
26,33,2025246932
26,34,3174755314
26,35,3717377256
26,36,1534557846
26,37,1086709084
26,38,1877939482
26,39,2021480240
26,40,1554974846
26,41,113747812
26,42,883698114
26,43,4119737080
26,44,2374304230
26,45,3826546412
26,46,2193756650
26,47,1129138240
26,48,103027406
26,49,3889566708
26,50,1611675026
26,51,1441275656
26,52,782918454
26,53,3708798588
26,54,565017786
26,55,519683920
26,56,76651294
26,57,1445353092
26,58,1074810722
26,59,4275220760
26,60,3080118918
26,61,3320318988
26,62,2796983690
26,63,927005792
26,64,3324174702
26,65,3994332948
26,66,1733146418
26,67,1742219560
26,68,1093779414
26,69,1801815964
26,70,945462362
26,71,2612608880
26,72,1606100414
26,73,2803195300
26,74,2808196354
26,75,4040869688
26,76,161102630
26,77,4125653292
26,78,1720635690
26,79,1624295552
26,80,2180360206
26,81,750035508
26,82,2648535250
26,83,3004484424
26,84,3643249782
26,85,1919492284
26,86,2814407674
26,87,550360976
26,88,1311090782
26,89,2543238340
26,90,558514850
26,91,2987947352
26,92,1198066630
26,93,3145186892
26,94,3050620106
26,95,3704532128
26,96,190211758
26,97,2256006484
26,98,2385076850
26,99,1825572200
26,100,3760578838
26,101,3258749404
26,102,3408462746
26,103,1036617648
26,104,3142263550
26,105,2536272868
26,106,4092858434
26,107,3464346488
26,108,677205094
26,109,930601836
26,110,3214045290
26,111,898410688
26,112,2407472462
26,113,1067487348
26,114,572230674
26,115,2143016840
26,116,2202445238
26,117,2491538172
26,118,90065722
26,119,4290662352
26,120,1042650526
26,121,114852612
26,122,2500400610
26,123,2541525400
26,124,4149286150
26,125,2219495564
26,126,2253509642
26,127,2195504352
26,128,925486062
26,129,502303636
26,130,1126034866
26,131,2886353320
26,132,3542344278
26,133,2891643932
26,134,1621773018
26,135,289288176
26,136,3106865214
26,137,1495067172
26,138,1236489090
26,139,1141313464
26,140,849235366
26,141,3587349932
26,142,2216488874
26,143,2316364032
26,144,3331355278
26,145,2292833972
26,146,2048558930
26,147,2808955848
26,148,1675073270
26,149,1986655548
26,150,785842810
26,151,3663407120
26,152,4200686302
26,153,838576452
26,154,3332163874
26,155,277814744
26,156,740228678
26,157,2574336716
26,158,1249755978
26,159,3724225824
26,160,1030557998
26,161,2827913684
26,162,2407225586
26,163,1024908776
26,164,3975922582
26,165,684770908
26,166,2838393370
26,167,2695313456
26,168,1530314110
26,169,2264318052
26,170,3488577218
26,171,1594278904
26,172,2838308582
26,173,2517155820
26,174,578703082
26,175,4276980032
26,176,1996072910
26,177,2279640308
26,178,724198034
26,179,1840844808
26,180,3920259126
26,181,3811667836
26,182,2423953850
26,183,2805227600
26,184,1621692446
26,185,3205508996
26,186,3646250082
26,187,3605004824
26,188,2191705990
26,189,201004300
26,190,2896728714
26,191,2059009376
26,192,3387962990
26,193,845277204
26,194,1955701810
26,195,2407914024
26,196,947750102
26,197,3467505820
26,198,3439688026
26,199,1318363248
26,200,1530026686
26,201,3536451236
26,202,2784524802
26,203,2232211512
26,204,1155129382
26,205,3576316460
26,206,2164690474
26,207,213027200
26,208,2827664654
26,209,3579091764
26,210,2996510162
26,211,1848589384
26,212,3146717558
26,213,1038633404
26,214,244912378
26,215,886700176
26,216,114072926
26,217,1814435268
26,218,3900886946
26,219,4227810904
26,220,3484184774
26,221,2230863692
26,222,3475128778
26,223,3181981088
26,224,1082342318
26,225,3749357140
26,226,3954233202
26,227,1793537640
26,228,4168689174
26,229,3439491804
26,230,1820287130
26,231,1435920560
26,232,720492542
26,233,111578340
26,234,3810417986
26,235,1940475000
26,236,4134828390
26,237,2286363756
26,238,4261784938
26,239,66054592
26,240,454275662
26,241,555092340
26,242,2243737874
26,243,2623522952
26,244,3092622006
26,245,2174649340
26,246,92432442
26,247,702279888
26,248,983304862
26,249,256728068
26,250,125117154
26,251,3917277848
26,252,537655814
26,253,1165547916
26,254,1278923018
26,255,3814243808
26,256,3170246894
26,257,3957900436
26,258,3861437106
26,259,4006277800
26,260,2814289750
26,261,3940443420
26,262,2683054042
26,263,3359412464
26,264,4098176318
26,265,77366052
26,266,2528190594
26,267,1080828088
26,268,3872191142
26,269,1013933740
26,270,1875618986
26,271,221620736
26,272,1180993422
26,273,859101108
26,274,299840594
26,275,1138406600
26,276,4140702710
26,277,1097080380
26,278,1233559418
26,279,80365840
26,280,31938526
26,281,2526413380
26,282,1098667554
26,283,1625878232
26,284,3096535878
26,285,646761420
26,286,910311498
26,287,5811744
26,288,320398894
26,289,2881241812
26,290,1296680434
26,291,2462125800
26,292,4179495062
26,293,2270277468
26,294,4154183450
26,295,2434210096
26,296,2566681214
26,297,3334199652
26,298,3355493314
26,299,1491424504
26,300,1991461862
26,301,380831980
26,302,615025642
26,303,689162816
26,304,1515011278
26,305,3955295732
26,306,3159527314
26,307,137363720
26,308,3318246710
26,309,2823362684
26,310,653637306
26,311,473235792
26,312,444499230
26,313,135268484
26,314,2582145378
26,315,2077446936
26,316,369929350
26,317,2571378188
26,318,394825610
26,319,20512352
26,320,3468397422
26,321,2332369172
26,322,40079666
26,323,643402536
26,324,3613870550
26,325,2574014876
26,326,2078168666
26,327,1924530544
26,328,3001520062
26,329,1595183012
26,330,1985824514
26,331,2191845688
26,332,1056408870
26,333,3559000876
26,334,3807136554
26,335,807029376
26,336,1050530318
26,337,1120572468
26,338,3798387410
26,339,3840912712
26,340,2887032438
26,341,2036167356
26,342,1646243322
26,343,2662078864
26,344,4197552734
26,345,2177593028
26,346,201940130
26,347,2882279256
26,348,3981301190
26,349,2796474444
26,350,4066229962
26,351,2861149856
26,352,867045550
26,353,231956308
26,354,3737533554
26,355,3508823912
26,356,1701473046
26,357,2956878812
26,358,2902703514
26,359,128534960
26,360,2480311550
26,361,4155942372
26,362,2568399426
26,363,3678068088
26,364,275357286
26,365,3385617772
26,366,3907447402
26,367,3537447616
26,368,2468759374
26,369,1214349940
26,370,3647727122
26,371,766097800
26,372,1753395126
26,373,263269628
26,374,928286010
26,375,2462028240
26,376,3469770654
26,377,970470660
26,378,2335125474
26,379,3127065496
26,380,723836678
26,381,4024230540
26,382,1091685898
26,383,2564472544
26,384,1036023278
26,385,3493264788
26,386,3015821234
26,387,313631656
26,388,4260850774
26,389,4074229276
26,390,2203845850
26,391,3263230448
26,392,1167682110
26,393,3534887972
26,394,528280962
26,395,3627495864
26,396,4091123622
26,397,3837931436
26,398,3974654378
26,399,2581621504
26,400,2947980430
26,401,613798068
26,402,4004634962
26,403,2381194696
26,404,4058161398
26,405,1582581564
26,406,1524907130
26,407,3607063056
26,408,2116766942
26,409,2118540100
26,410,44688162
26,411,3374890968
26,412,4100048966
26,413,2917029068
26,414,4126457162
26,415,1086074656
26,416,2697116462
26,417,2252340180
26,418,1252406002
26,419,3264298984
26,420,870206870
26,421,541628508
26,422,1865886746
26,423,3989633584
26,424,2315265918
26,425,1243017828
26,426,4041216194
26,427,1193928184
26,428,706179302
26,429,2853392876
26,430,490785002
26,431,3854568256
26,432,2753483214
26,433,393707252
26,434,1737014418
26,435,156037640
26,436,1996780086
26,437,4032217468
26,438,4179547066
26,439,570139216
26,440,2786195998
26,441,3039158660
26,442,1439266402
26,443,1370268696
26,444,2782171526
26,445,2982356748
26,446,2069269642
26,447,4005429088
26,448,3364151406
26,449,4227750420
26,450,1690533426
26,451,273890344
26,452,3522105046
26,453,2409677468
26,454,1491415898
26,455,2887606896
26,456,3671770302
26,457,3488950436
26,458,3968865282
26,459,1302526520
26,460,737356326
26,461,919589932
26,462,541067306
26,463,4010281856
26,464,942597902
26,465,2031521076
26,466,2168485842
26,467,4216725064
26,468,1589126006
26,469,3905461180
26,470,3058977530
26,471,38025872
26,472,2622785374
26,473,1552336836
26,474,1608378786
26,475,629074008
26,476,3561831110
26,477,1687902540
26,478,3011984330
26,479,3346018208
26,480,3637962158
26,481,360847444
26,482,3144264050
26,483,2206701672
26,484,3673796630
26,485,804277468
26,486,2696288922
26,487,4160891568
26,488,1777943038
26,489,3999055588
26,490,3923572546
26,491,1764912760
26,492,2856108902
26,493,1074247276
26,494,339093354
26,495,3326634944
26,496,3954629710
26,497,3112369012
26,498,1898517266
26,499,395946632
26,500,1204663478
26,501,45733372
26,502,2933170746
26,503,3731436240
26,504,1858270366
26,505,175705604
26,506,4097260770
26,507,1848609944
26,508,1285276678
26,509,3346459532
26,510,4174826250
26,511,3345137632
26,512,2911423214
26,513,3470472852
26,514,4293440690
26,515,4223554728
26,516,2311991638
26,517,2286368540
26,518,519692762
26,519,2752205552
26,520,556506942
26,521,1197323556
26,522,3088497282
26,523,1869103800
26,524,2378448038
26,525,315291820
26,526,2406688426
26,527,1410411520
26,528,4136022414
26,529,1624033716
26,530,1687326290
26,531,1772590792
26,532,152380918
26,533,2436526140
26,534,1995430266
26,535,4110060304
26,536,3811394014
26,537,1829549124
26,538,3726995490
26,539,2907607256
26,540,328215878
26,541,1936055756
26,542,496319050
26,543,3274027040
26,544,3664416814
26,545,1008317652
26,546,3683688434
26,547,2961666280
26,548,1362924182
26,549,3082125660
26,550,604014874
26,551,1523112752
26,552,2722225278
26,553,2500332388
26,554,512581058
26,555,2379511544
26,556,4149843430
26,557,2485754604
26,558,2689009130
26,559,1492274240
26,560,1215194830
26,561,251918324
26,562,2160912786
26,563,1427104520
26,564,2975758134
26,565,2136631932
26,566,452325562
26,567,1552434000
26,568,2003005214
26,569,1246870148
26,570,3774382946
26,571,3161191704
26,572,1710913158
26,573,2574790668
26,574,1813154186
26,575,1732837472
26,576,2873898350
26,577,2303562516
26,578,4021381938
26,579,829615400
26,580,3692352470
26,581,1967860636
26,582,2014974042
26,583,2664088432
26,584,1191967166
26,585,2842411428
26,586,3700482306
26,587,1241975608
26,588,1070386982
26,589,1093901612
26,590,3439445290
26,591,1836829824
26,592,2302540814
26,593,2084079156
26,594,3811058898
26,595,2506264392
26,596,2272897142
26,597,1344914620
26,598,523692026
26,599,60971920
26,600,1630895198
26,601,2153259204
26,602,3087038114
26,603,3440884056
26,604,3098189766
26,605,45998668
26,606,2795419850
26,607,945598624
26,608,603830958
26,609,4203139412
26,610,3583710834
26,611,1712376168
26,612,220656918
26,613,270022108
26,614,1536587674
26,615,3399551920
26,616,559544062
26,617,1855510500
26,618,2842772546
26,619,2173697912
26,620,4159563878
26,621,788070252
26,622,334718058
26,623,37596352
26,624,415592782
26,625,2021291124
26,626,2700361746
26,627,1043307400
26,628,171358646
26,629,515407612
26,630,2147663674
26,631,2967000016
26,632,2389928350
26,633,87025412
26,634,378358242
26,635,1759632792
26,636,3094391046
26,637,273085580
26,638,126470154
26,639,2465251552
26,640,5185518
26,641,3956633492
26,642,513647026
26,643,2381383080
26,644,4282578518
26,645,1865195548
26,646,2261106394
26,647,282833904
26,648,4210807870
26,649,3869199908
26,650,880707458
26,651,1778340792
26,652,3901546918
26,653,176800172
26,654,3949716394
26,655,1606937856
26,656,248825486
26,657,3956916916
26,658,3347135314
26,659,3137800136
26,660,4033194742
26,661,2652281148
26,662,2980673146
26,663,45853712
26,664,2767009502
26,665,3874032964
26,666,2817457442
26,667,1901748696
26,668,1243386438
26,669,3139659468
26,670,1092859722
26,671,2878681376
26,672,3020973358
26,673,3511250388
26,674,1409879282
26,675,1084465640
26,676,87611286
26,677,295201372
26,678,704112154
26,679,2081078320
26,680,1438749054
26,681,730801252
26,682,621324994
26,683,2430928888
26,684,309967590
26,685,418767852
26,686,1102791402
26,687,2796195136
26,688,993786830
26,689,3597037812
26,690,1545541266
26,691,3480802312
26,692,685145142
26,693,424940412
26,694,2692419002
26,695,1876616272
26,696,41083934
26,697,1267962756
26,698,259362914
26,699,538002968
26,700,2323536774
26,701,2489530636
26,702,2109507210
26,703,2396651872
26,704,1796311662
26,705,921881620
26,706,4146944050
26,707,1840815656
26,708,2849544406
26,709,241931420
26,710,3984387418
26,711,4005438576
26,712,1803235006
26,713,1870158500
26,714,442478082
26,715,3687914552
26,716,2927916070
26,717,927819308
26,718,2100396586
26,719,3480587648
26,720,634065166
26,721,1345355572
26,722,1545458130
26,723,2534735944
26,724,3663277430
26,725,1937829308
26,726,2965865722
26,727,1187413136
26,728,3168039262
26,729,1899985348
26,730,3899720610
26,731,110529112
26,732,3462792390
26,733,3306580812
26,734,1604597194
26,735,558838176
26,736,153259950
26,737,3236006484
26,738,2170192754
26,739,1556085352
26,740,2951887382
26,741,347479772
26,742,4054111386
26,743,595979440
26,744,771271678
26,745,4234866916
26,746,2882769218
26,747,2287177848
26,748,763170150
26,749,3667937388
26,750,2082382186
26,751,2864246208
26,752,240256590
26,753,2303192436
26,754,3167579410
26,755,2238418056
26,756,1673379510
26,757,665659388
26,758,3202276410
26,759,2920182992
26,760,2715934366
26,761,2919022596
26,762,3325122274
26,763,242888344
26,764,2728627718
26,765,239926668
26,766,19580170
26,767,528794080
26,768,705918190
26,769,723888276
26,770,1675660978
26,771,2907289256
26,772,307608406
26,773,1804077340
26,774,3468663770
26,775,2901546224
26,776,1191840062
26,777,880207652
26,778,1756648578
26,779,737961144
26,780,942900902
26,781,268339884
26,782,2496831658
26,783,3775180288
26,784,3969964942
26,785,3384589236
26,786,1803413586
26,787,1712093384
26,788,1540632566
26,789,1223213628
26,790,521212794
26,791,2755841296
26,792,929770462
26,793,1876649540
26,794,872843810
26,795,2035036888
26,796,3423008582
26,797,3373723596
26,798,4104139850
26,799,504017440
26,800,565459502
26,801,1238312660
26,802,135231986
26,803,1457902312
26,804,64167062
26,805,4059124572
26,806,2501722906
26,807,4120026416
26,808,410994302
26,809,2443984228
26,810,3629250498
26,811,3025901816
26,812,2943868902
26,813,2088250604
26,814,2510127082
26,815,4075343424
26,816,1887932622
26,817,1906239988
26,818,1300186002
26,819,1552401672
26,820,2439807286
26,821,2185477244
26,822,2645437114
26,823,4294149456
26,824,3141556510
26,825,1022061700
26,826,3040910690
26,827,3768358680
26,828,1197490310
26,829,3867427340
26,830,1146389386
26,831,2305884768
26,832,4225032046
26,833,149816596
26,834,3476505906
26,835,2837729064
26,836,4013579734
26,837,520224156
26,838,3440233050
26,839,1073186160
26,840,3156763582
26,841,2786784164
26,842,2046589698
26,843,1728130360
26,844,2887391526
26,845,1562193708
26,846,3301916458
26,847,955600512
26,848,30811662
26,849,4177426484
26,850,1075936978
26,851,3832377672
26,852,190231158
26,853,382604988
26,854,2131108346
26,855,1873845648
26,856,590440030
26,857,3007107780
26,858,3308228770
26,859,905665368
26,860,1233086918
26,861,4020565068
26,862,1922544330
26,863,2789716640
26,864,2084922542
26,865,1821524820
26,866,312995954
26,867,1268067176
26,868,2002485014
26,869,30017500
26,870,1994469786
26,871,2796604848
26,872,64315646
26,873,466815460
26,874,3305365058
26,875,3783074168
26,876,2129277542
26,877,2264764780
26,878,3770146410
26,879,3820629696
26,880,3227294542
26,881,4025181812
26,882,414489106
26,883,3511516552
26,884,140690358
26,885,3784823036
26,886,2137585978
26,887,2047481296
26,888,487478174
26,889,2296355076
26,890,3609420770
26,891,3271065496
26,892,1060401926
26,893,92866188
26,894,2042216970
26,895,2434712288
26,896,517327342
26,897,2429280660
26,898,598834098
26,899,1036543912
26,900,1996914774
26,901,1096380956
26,902,182941914
26,903,474904048
26,904,2035695166
26,905,3034873892
26,906,683155842
26,907,425686456
26,908,2964859814
26,909,1730761644
26,910,531062186
26,911,4224151296
26,912,2213212302
26,913,4269126836
26,914,2760414546
26,915,1320675784
26,916,4284527862
26,917,1437657916
26,918,3542528122
26,919,2106584592
26,920,245833950
26,921,2346958660
26,922,1449924386
26,923,690226136
26,924,3444530246
26,925,3779098828
26,926,3423252810
26,927,1048982304
26,928,391515950
26,929,2846547924
26,930,1269032690
26,931,3612214248
26,932,17523094
26,933,482360412
26,934,2037424154
26,935,1801485872
26,936,1585118078
26,937,1264539236
26,938,208225474
26,939,1547184632
26,940,39060710
26,941,45118956
26,942,804109546
26,943,1638731584
26,944,3696305614
26,945,3836568308
26,946,2834133138
26,947,3762075144
26,948,2669708854
26,949,2116642172
26,950,646924218
26,951,2966562384
26,952,365678110
26,953,2723759492
26,954,2790894178
26,955,1645078552
26,956,3500156294
26,957,3554364172
26,958,1406828682
26,959,2064515936
26,960,1368798318
26,961,54476308
26,962,3419353650
26,963,3350593576
26,964,1614422742
26,965,1796105884
26,966,718055258
26,967,913761904
26,968,2903742654
26,969,3511913636
26,970,3479652354
26,971,1335311928
26,972,1821228582
26,973,4137875500
26,974,937098282
26,975,3455782784
26,976,291453710
26,977,2057466164
26,978,3811781586
26,979,1634460232
26,980,3463591798
26,981,4262543292
26,982,2649931514
26,983,576765584
26,984,139221854
26,985,3394251716
26,986,574365090
26,987,3209047128
26,988,1576455878
26,989,3328802124
26,990,1937321930
26,991,3947246496
26,992,1902524846
26,993,26803284
26,994,3716373874
26,995,378559592
26,996,392348694
26,997,2605969628
26,998,4283141786
26,999,4162956976
27,0,384833022
27,1,1355883236
27,2,3372362562
27,3,4044141176
27,4,540366694
27,5,2014370412
27,6,3586071402
27,7,3510726592
27,8,585445454
27,9,2959400820
27,10,145344274
27,11,97873544
27,12,2888157366
27,13,276331004
27,14,3584103994
27,15,3100358352
27,16,1945684126
27,17,433615364
27,18,493056226
27,19,3931951256
27,20,3257096198
27,21,972754828
27,22,87473930
27,23,197051360
27,24,3533053678
27,25,549984916
27,26,2987419826
27,27,594352296
27,28,3780461910
27,29,3030440732
27,30,1329419738
27,31,49338096
27,32,98595646
27,33,3957856548
27,34,1216999042
27,35,2519238328
27,36,2249904294
27,37,1409948844
27,38,535435946
27,39,3557830656
27,40,3367175566
27,41,2382671284
27,42,3332457042
27,43,1493785288
27,44,2399877622
27,45,2288981052
27,46,3790228858
27,47,849547024
27,48,2661357022
27,49,3204585540
27,50,3810501666
27,51,3840005336
27,52,2180366662
27,53,1201668556
27,54,1533226570
27,55,822588448
27,56,2297816110
27,57,4108097748
27,58,1925600242
27,59,2782672104
27,60,2967578262
27,61,1443177820
27,62,3941727514
27,63,2171887408
27,64,2612310142
27,65,3702026084
27,66,2504954306
27,67,3967466232
27,68,1057892838
27,69,4020158188
27,70,2762734058
27,71,385306688
27,72,1922611918
27,73,865197044
27,74,3261701522
27,75,1050126088
27,76,99781430
27,77,3506769532
27,78,1327391930
27,79,645318480
27,80,2249540382
27,81,4292681348
27,82,3066083170
27,83,140851480
27,84,1514015366
27,85,2691191820
27,86,1078885770
27,87,2276525152
27,88,1616218478
27,89,702969620
27,90,1089806130
27,91,2909647144
27,92,2966939606
27,93,3062943644
27,94,448365658
27,95,1983661936
27,96,2990329278
27,97,1965172132
27,98,4003468546
27,99,4187180856
27,100,601842470
27,101,1205780780
27,102,1783937322
27,103,2995179648
27,104,1214664718
27,105,3642518068
27,106,2572343506
27,107,4061156168
27,108,3618356342
27,109,3981076668
27,110,562912250
27,111,47636368
27,112,3760541790
27,113,981042372
27,114,3549866658
27,115,108461400
27,116,1070347206
27,117,2372142668
27,118,4131957962
27,119,340440224
27,120,3699707566
27,121,2213918036
27,122,904710770
27,123,2712767848
27,124,1141377302
27,125,2773735900
27,126,2665737114
27,127,3151531952
27,128,3678980862
27,129,526728164
27,130,2345564226
27,131,453133176
27,132,1163820134
27,133,4057604972
27,134,4013185130
27,135,2538516672
27,136,703317326
27,137,3467925620
27,138,3769431058
27,139,117661576
27,140,50777526
27,141,2018452220
27,142,3582407482
27,143,240342992
27,144,446774686
27,145,3840363268
27,146,1827765730
27,147,3903267224
27,148,1601191174
27,149,4020443276
27,150,933346314
27,151,3009725664
27,152,961836014
27,153,3743044500
27,154,1660769714
27,155,1110952360
27,156,88214102
27,157,2304656412
27,158,2948674266
27,159,81344496
27,160,1621665854
27,161,1568780836
27,162,2619980674
27,163,106403768
27,164,3965416870
27,165,446752172
27,166,698013610
27,167,2380198144
27,168,2935560846
27,169,2087298740
27,170,633859922
27,171,1761659848
27,172,3201548022
27,173,2770550076
27,174,1599859322
27,175,1736192016
27,176,1532562142
27,177,2369155396
27,178,2921410850
27,179,277194200
27,180,502933062
27,181,1077250764
27,182,917089098
27,183,428815648
27,184,1788066094
27,185,795103700
27,186,3514220786
27,187,2794481128
27,188,3344296854
27,189,1639976540
27,190,4255210010
27,191,3687727152
27,192,1143760254
27,193,3381102692
27,194,1191304898
27,195,3374533624
27,196,2577813222
27,197,2269317100
27,198,2279093994
27,199,919048512
27,200,660492238
27,201,1649169652
27,202,3992177298
27,203,1536727048
27,204,2044891190
27,205,1054259068
27,206,727417274
27,207,81881168
27,208,2149365790
27,209,3648452484
27,210,3128280162
27,211,933399064
27,212,406450054
27,213,2418760972
27,214,2645588618
27,215,3545892192
27,216,470998638
27,217,2162405396
27,218,2192116786
27,219,1045127720
27,220,2501094614
27,221,3314104476
27,222,2966708570
27,223,2739382384
27,224,1067713214
27,225,361152164
27,226,2879840770
27,227,3371524152
27,228,101648422
27,229,2496694828
27,230,4030494250
27,231,177770880
27,232,2599118094
27,233,409756468
27,234,3061876178
27,235,2052768840
27,236,3674423670
27,237,2826539452
27,238,500562170
27,239,3037921424
27,240,515655006
27,241,2277039556
27,242,2906601378
27,243,1871564376
27,244,587176134
27,245,2291437388
27,246,2399545802
27,247,1163212192
27,248,2980176814
27,249,4155010644
27,250,1877227378
27,251,3505962600
27,252,2974502422
27,253,3821650652
27,254,1772767386
27,255,2513793200
27,256,3302981630
27,257,193942756
27,258,3781739842
27,259,3277706360
27,260,577085798
27,261,945384556
27,262,3239548266
27,263,1507979712
27,264,3379583566
27,265,1322897780
27,266,4106101010
27,267,3101118600
27,268,3238384310
27,269,3709586428
27,270,2468040762
27,271,513865936
27,272,2231874206
27,273,1846289412
27,274,2580384482
27,275,567767704
27,276,1260069382
27,277,1786847628
27,278,2767894794
27,279,2886780384
27,280,1192282350
27,281,3485633684
27,282,2323137202
27,283,2116582056
27,284,2530004822
27,285,2207362332
27,286,1081282522
27,287,3322386672
27,288,4256095550
27,289,2377206564
27,290,4153903234
27,291,3454838968
27,292,393878182
27,293,4276989612
27,294,3501823146
27,295,1295233536
27,296,717041550
27,297,3450118068
27,298,368876626
27,299,1654537416
27,300,1119503350
27,301,1875732028
27,302,1601931130
27,303,3223015696
27,304,3100573662
27,305,2055260740
27,306,2339421730
27,307,269448920
27,308,3579611974
27,309,251728844
27,310,4057868362
27,311,471643680
27,312,2955906606
27,313,1564609236
27,314,3149213170
27,315,3177879272
27,316,4167577750
27,317,66123612
27,318,3313415962
27,319,510533936
27,320,3420592766
27,321,2516361572
27,322,4119014338
27,323,1446108408
27,324,1176269798
27,325,228413676
27,326,1836217322
27,327,3843936832
27,328,4003587278
27,329,1960627700
27,330,2139879314
27,331,457148680
27,332,2935002422
27,333,2342412412
27,334,3477511866
27,335,4027713872
27,336,2011311390
27,337,3005665412
27,338,2239287650
27,339,1405475608
27,340,1049875590
27,341,3877922316
27,342,30602
27,343,2181629536
27,344,2026779502
27,345,204925204
27,346,3840604466
27,347,1582240552
27,348,3236786646
27,349,1542955420
27,350,18693722
27,351,1637419376
27,352,3377018814
27,353,914446244
27,354,3665538818
27,355,566063416
27,356,1193061670
27,357,561533740
27,358,1569862442
27,359,4197470848
27,360,4243487246
27,361,1016224820
27,362,2394698450
27,363,3729470792
27,364,2356725366
27,365,4087265980
27,366,2798425594
27,367,3709149584
27,368,940653150
27,369,906901188
27,370,2201339042
27,371,1586143064
27,372,999357894
27,373,4227536972
27,374,3518080714
27,375,2724574880
27,376,3837573294
27,377,1622222676
27,378,3748242546
27,379,2288381800
27,380,321688342
27,381,448113628
27,382,1939776922
27,383,706236848
27,384,1202992382
27,385,2572119524
27,386,2647724610
27,387,1310680440
27,388,3947546214
27,389,2408494444
27,390,3748188778
27,391,1023095488
27,392,4117950286
27,393,886393460
27,394,2564640274
27,395,4283515272
27,396,2585974710
27,397,48133372
27,398,576548154
27,399,2377423312
27,400,657205150
27,401,960953604
27,402,2012714978
27,403,4193108888
27,404,3106146054
27,405,4002753164
27,406,3779180042
27,407,432195296
27,408,4023066094
27,409,4139828628
27,410,2088841138
27,411,3141479336
27,412,1240831062
27,413,1731925532
27,414,357756122
27,415,3933993456
27,416,1358107198
27,417,7791652
27,418,785601922
27,419,1357363640
27,420,997638054
27,421,1156609964
27,422,2839957930
27,423,906916608
27,424,805258382
27,425,2243270836
27,426,3946793298
27,427,702655944
27,428,3468609782
27,429,2892861244
27,430,4131988602
27,431,3766514192
27,432,721614046
27,433,182526788
27,434,1326336802
27,435,1199523800
27,436,3692884038
27,437,4160920780
27,438,553690442
27,439,1555052320
27,440,1305043758
27,441,2188755924
27,442,2239863538
27,443,3463104488
27,444,4162352534
27,445,9953372
27,446,1451889690
27,447,3981705776
27,448,2799030142
27,449,3322395236
27,450,1959950530
27,451,4154879480
27,452,2020645094
27,453,3333265900
27,454,3917132010
27,455,1174016832
27,456,3160635854
27,457,1866680052
27,458,3409061010
27,459,1636596232
27,460,1495046710
27,461,2069629308
27,462,1323285434
27,463,2349378128
27,464,3781534238
27,465,283945348
27,466,3955875426
27,467,3234802712
27,468,21739910
27,469,3914559244
27,470,4215174282
27,471,3082684256
27,472,1787267182
27,473,3487572500
27,474,3149588018
27,475,4051223592
27,476,3898947286
27,477,1037830812
27,478,529800026
27,479,1429236336
27,480,3274468542
27,481,1544679588
27,482,1327397890
27,483,1743487544
27,484,453530150
27,485,836115500
27,486,1180037162
27,487,2773357440
27,488,1651478286
27,489,1234064692
27,490,1980096466
27,491,31565384
27,492,2685160310
27,493,2461655996
27,494,3497079546
27,495,517816976
27,496,2686725982
27,497,3380187076
27,498,695882146
27,499,929919064
27,500,3179307718
27,501,731357516
27,502,1380656074
27,503,1333540768
27,504,1775603118
27,505,3272597588
27,506,3632075122
27,507,2885230696
27,508,497801238
27,509,236426460
27,510,3502310042
27,511,480326320
27,512,3620137470
27,513,1285916388
27,514,2500288322
27,515,524744312
27,516,3557682022
27,517,997850732
27,518,3727167338
27,519,1687843776
27,520,2717090894
27,521,2225521524
27,522,554334994
27,523,3195089544
27,524,1113447606
27,525,2912361980
27,526,2538441274
27,527,4287511248
27,528,1963891870
27,529,3398948356
27,530,3681527010
27,531,3572110488
27,532,3716869126
27,533,3219075980
27,534,2155262730
27,535,544917472
27,536,662926062
27,537,1477770900
27,538,2367167666
27,539,3715882152
27,540,3535558998
27,541,4166680348
27,542,1113639386
27,543,372660976
27,544,3463792446
27,545,970095908
27,546,366813826
27,547,4081633976
27,548,2354144422
27,549,816398508
27,550,1195445930
27,551,1819227136
27,552,2998884750
27,553,2828833204
27,554,4186961490
27,555,2731220680
27,556,383864310
27,557,520337468
27,558,935641466
27,559,1823183632
27,560,636807646
27,561,3260513348
27,562,3438925858
27,563,450173144
27,564,1715164486
27,565,1060775372
27,566,1477517898
27,567,4283021344
27,568,929118254
27,569,2734652628
27,570,2195458034
27,571,3180394728
27,572,2053552790
27,573,464832860
27,574,3301142810
27,575,3967804208
27,576,1225229438
27,577,3718828900
27,578,2565850562
27,579,293666552
27,580,1688387046
27,581,4134789868
27,582,2414931434
27,583,2103202880
27,584,2225278670
27,585,1434435572
27,586,619073938
27,587,310340360
27,588,744922934
27,589,3524244092
27,590,3190216890
27,591,2093304656
27,592,816256798
27,593,1992852100
27,594,3244878690
27,595,3804134680
27,596,2489425542
27,597,3669522444
27,598,594178442
27,599,2558068832
27,600,3846102382
27,601,3487521556
27,602,1528353586
27,603,3687347496
27,604,3212508118
27,605,792097692
27,606,540604506
27,607,571329392
27,608,2706219454
27,609,171477412
27,610,3717155074
27,611,4286550840
27,612,3050436390
27,613,166323500
27,614,1049079082
27,615,804377728
27,616,3211699214
27,617,1130384948
27,618,3227356370
27,619,3374192456
27,620,3384660086
27,621,1238043836
27,622,2932068346
27,623,510354320
27,624,3405063262
27,625,3321555140
27,626,1947000482
27,627,1580613976
27,628,3704473542
27,629,1533684300
27,630,2765267146
27,631,1889056928
27,632,887906990
27,633,583309652
27,634,2938011250
27,635,531779944
27,636,2227772694
27,637,2179956188
27,638,2500943770
27,639,292557744
27,640,3910639358
27,641,2844893156
27,642,2601233474
27,643,2597619576
27,644,279908454
27,645,2149271404
27,646,1364544618
27,647,4106204352
27,648,3270646094
27,649,1112423540
27,650,3779438610
27,651,3661046664
27,652,1840701878
27,653,2705704700
27,654,99329850
27,655,405658576
27,656,3803124126
27,657,2784931588
27,658,2553655778
27,659,382494104
27,660,3964653830
27,661,576666764
27,662,379170826
27,663,3828926688
27,664,3795437550
27,665,4156503956
27,666,272435634
27,667,3370028456
27,668,3844152918
27,669,4210026524
27,670,3684476634
27,671,3979787248
27,672,3929373758
27,673,3183744548
27,674,2159341442
27,675,420469688
27,676,1040845222
27,677,102238636
27,678,1051315114
27,679,341177600
27,680,2801626766
27,681,978946740
27,682,2498667346
27,683,2975502280
27,684,3475100406
27,685,2341462332
27,686,938368634
27,687,144487440
27,688,497344222
27,689,618911044
27,690,3644024098
27,691,3994085848
27,692,2813835846
27,693,682077900
27,694,722444106
27,695,669595936
27,696,1626803502
27,697,3269408212
27,698,130315506
27,699,1859987944
27,700,861077398
27,701,424129116
27,702,606785050
27,703,3220292656
27,704,645347710
27,705,1625287780
27,706,903549634
27,707,130125816
27,708,1051910886
27,709,3773836268
27,710,4107610858
27,711,2940507456
27,712,996189134
27,713,731003124
27,714,3769138834
27,715,303586312
27,716,3704529974
27,717,1404656508
27,718,823915962
27,719,1715989584
27,720,3651570718
27,721,1757043588
27,722,3663067234
27,723,496225816
27,724,735413126
27,725,4283662604
27,726,210005642
27,727,1211763040
27,728,3706991214
27,729,271881236
27,730,386187314
27,731,20850216
27,732,4197368022
27,733,4094090396
27,734,386651482
27,735,1815161968
27,736,3618428606
27,737,3304399524
27,738,1506678274
27,739,1283040312
27,740,1266261030
27,741,3987975724
27,742,3660016170
27,743,3189478784
27,744,132888846
27,745,772294452
27,746,3250797010
27,747,402688072
27,748,3180156278
27,749,3704763836
27,750,1438936314
27,751,2143257744
27,752,746854750
27,753,2945597892
27,754,921529250
27,755,920982104
27,756,3447270598
27,757,3480400716
27,758,1565007306
27,759,700135840
27,760,973158318
27,761,2211402324
27,762,3075337074
27,763,3348202088
27,764,4236534294
27,765,977102556
27,766,3566189722
27,767,2894394544
27,768,4020655102
27,769,873707748
27,770,2212362562
27,771,617093240
27,772,3576575334
27,773,2708639852
27,774,3438315882
27,775,292222400
27,776,1282321998
27,777,1909175668
27,778,764335378
27,779,916657288
27,780,3492669110
27,781,2716495868
27,782,2184692794
27,783,2073263312
27,784,3826091678
27,785,1333495812
27,786,2185871074
27,787,596948632
27,788,426948102
27,789,1511343500
27,790,933932298
27,791,2298268128
27,792,334372078
27,793,3653202068
27,794,1508898482
27,795,1634156200
27,796,891544406
27,797,855331100
27,798,4110844890
27,799,326966512
27,800,406040894
27,801,273395492
27,802,1130019970
27,803,641526968
27,804,2225122982
27,805,154981036
27,806,595626154
27,807,1371715072
27,808,12157838
27,809,1055687604
27,810,291197010
27,811,965738696
27,812,2877315062
27,813,3054635580
27,814,180747130
27,815,1481889040
27,816,2249380830
27,817,3062246980
27,818,1203434018
27,819,624081624
27,820,3566346054
27,821,4165679052
27,822,771497034
27,823,4203657760
27,824,3196772910
27,825,3860131540
27,826,1748689394
27,827,3327089384
27,828,3604825238
27,829,3176176476
27,830,2294295322
27,831,195667248
27,832,3005542014
27,833,3551331684
27,834,529817538
27,835,1047011576
27,836,983631846
27,837,3391255788
27,838,2888263658
27,839,4289910336
27,840,3567007950
27,841,4118458868
27,842,1383639954
27,843,1146572040
27,844,508864822
27,845,3294168188
27,846,3149861562
27,847,3968896336
27,848,1348731166
27,849,1791112324
27,850,177276258
27,851,3578732312
27,852,4222052486
27,853,2602863116
27,854,1250716554
27,855,3942713952
27,856,1168607086
27,857,2497694996
27,858,1132375346
27,859,1171904296
27,860,1283491286
27,861,1347241372
27,862,403485274
27,863,3617230192
27,864,3662285758
27,865,273136548
27,866,2547704578
27,867,3000612152
27,868,268386598
27,869,557020972
27,870,2905941802
27,871,1942705792
27,872,803655182
27,873,226902068
27,874,3459704530
27,875,3532192072
27,876,796580470
27,877,265248444
27,878,3648195066
27,879,3873023376
27,880,953224798
27,881,171940548
27,882,1176238242
27,883,628745048
27,884,3280114118
27,885,3417390156
27,886,262904522
27,887,2665724576
27,888,1830030510
27,889,3929017172
27,890,1158371442
27,891,2274800488
27,892,954050326
27,893,4211167196
27,894,2738624922
27,895,2447365552
27,896,1601374462
27,897,1881919972
27,898,595478082
27,899,555854200
27,900,1435196006
27,901,3816806764
27,902,3841574506
27,903,3734779584
27,904,845759310
27,905,387919476
27,906,1508246034
27,907,3082093960
27,908,499313590
27,909,1938102524
27,910,540139834
27,911,3451854288
27,912,3978951582
27,913,1259233540
27,914,1839975394
27,915,1598228376
27,916,2566101766
27,917,2868989580
27,918,2007607818
27,919,851888864
27,920,2963304942
27,921,34974100
27,922,3190875058
27,923,2333470632
27,924,1992599638
27,925,1685895708
27,926,2728288474
27,927,755596784
27,928,3429885502
27,929,3043575844
27,930,835619202
27,931,2127560120
27,932,2484425638
27,933,2115476396
27,934,2311407018
27,935,1219852032
27,936,3019085966
27,937,3126164660
27,938,3268803922
27,939,527135176
27,940,1610407158
27,941,1653224252
27,942,3293288570
27,943,4291884560
27,944,3544107230
27,945,4215179076
27,946,3968892706
27,947,607816664
27,948,550143046
27,949,4062494924
27,950,4107704650
27,951,2604284704
27,952,1142732590
27,953,278964180
27,954,4164898546
27,955,2816969704
27,956,419793302
27,957,3419374684
27,958,109283354
27,959,1940358704
27,960,1662034814
27,961,3121618532
27,962,706456770
27,963,427078136
27,964,2355965158
27,965,4127899116
27,966,1239917802
27,967,2460424000
27,968,1146473934
27,969,3073977076
27,970,3461798034
27,971,2369535496
27,972,2767760950
27,973,3891178876
27,974,1913663418
27,975,3013553744
27,976,148862494
27,977,14683524
27,978,639242850
27,979,1844473880
27,980,936856966
27,981,4062941964
27,982,1904371850
27,983,2764966752
27,984,324590702
27,985,1642137108
27,986,881236530
27,987,2375780392
27,988,1785744086
27,989,134852252
27,990,926650202
27,991,139062896
27,992,488980670
27,993,1882215588
27,994,1807069186
27,995,2527053368
27,996,929228326
27,997,3899211820
27,998,1269883946
27,999,1963005824
28,0,727704334
28,1,3856283956
28,2,968397778
28,3,3703007816
28,4,3548798838
28,5,2797766588
28,6,1305454330
28,7,4156147344
28,8,1675363166
28,9,1510142916
28,10,1972929954
28,11,2381624408
28,12,4075419334
28,13,2485503308
28,14,1341986762
28,15,4094835616
28,16,3257196974
28,17,1508295764
28,18,2891367794
28,19,1136780392
28,20,3990154262
28,21,2285582556
28,22,353793690
28,23,1702934192
28,24,2893921790
28,25,3789155044
28,26,1307349826
28,27,4091624056
28,28,3318120294
28,29,2319655532
28,30,762381162
28,31,2152953792
28,32,1759631438
28,33,910731124
28,34,3125489426
28,35,1097660040
28,36,175501494
28,37,3658859004
28,38,4091149882
28,39,2997927632
28,40,1912893598
28,41,481769988
28,42,777771234
28,43,769087640
28,44,2664595462
28,45,1495488396
28,46,1788258058
28,47,93768672
28,48,2890974958
28,49,1958863508
28,50,2432684210
28,51,703242408
28,52,1577282902
28,53,1400120092
28,54,4167319002
28,55,3722174192
28,56,2062162750
28,57,823976228
28,58,537941634
28,59,2261323448
28,60,2691168422
28,61,2829608108
28,62,91751082
28,63,489568256
28,64,3031149966
28,65,2962519476
28,66,4250839634
28,67,1189929672
28,68,2694275574
28,69,1425562684
28,70,2021602682
28,71,2736002832
28,72,2032713182
28,73,1997332548
28,74,2612268066
28,75,1328045272
28,76,3227576646
28,77,1513376204
28,78,329193034
28,79,770423840
28,80,3853290542
28,81,1182949588
28,82,198294514
28,83,4154834152
28,84,2915815062
28,85,147090780
28,86,2977228058
28,87,2615895856
28,88,2855950462
28,89,2550740836
28,90,695269826
28,91,4243014392
28,92,1746358758
28,93,2829649644
28,94,1645601258
28,95,2350995520
28,96,2123195086
28,97,1959633908
28,98,2822964626
28,99,3502714632
28,100,616215350
28,101,2189055612
28,102,1745833146
28,103,1601425232
28,104,1998121758
28,105,2937316996
28,106,15802210
28,107,1266139416
28,108,342176390
28,109,1214815244
28,110,359032202
28,111,2577468512
28,112,973615470
28,113,2067283732
28,114,1042057010
28,115,3162716456
28,116,134090710
28,117,3745257372
28,118,2291690586
28,119,2722058096
28,120,339637694
28,121,1756294564
28,122,2841541890
28,123,1540085560
28,124,4121201446
28,125,2270497068
28,126,1234870570
28,127,3854358656
28,128,3998677006
28,129,3137614388
28,130,1481130194
28,131,445373256
28,132,1571808374
28,133,1705750716
28,134,3336193018
28,135,1449125776
28,136,564459614
28,137,584862916
28,138,2573406882
28,139,3562374488
28,140,2410634182
28,141,1825590860
28,142,2990314698
28,143,1296481440
28,144,758363822
28,145,3606281556
28,146,1093677682
28,147,3759347048
28,148,3479843094
28,149,2783650268
28,150,1042207642
28,151,3412563888
28,152,1254519550
28,153,220070884
28,154,3609780290
28,155,17222520
28,156,1507828838
28,157,3653004140
28,158,978731114
28,159,445692096
28,160,3822611790
28,161,3544719476
28,162,2730384402
28,163,3083528072
28,164,1246164406
28,165,2577165052
28,166,288365370
28,167,3462946768
28,168,3869042078
28,169,1215697668
28,170,2556028386
28,171,4082215320
28,172,1594844422
28,173,2826657932
28,174,2758910986
28,175,627887328
28,176,4211022830
28,177,902044564
28,178,643612082
28,179,568676776
28,180,2665493078
28,181,3286338588
28,182,173546202
28,183,3388227568
28,184,2543996990
28,185,124156452
28,186,3793757058
28,187,2720538552
28,188,3717766566
28,189,3438226860
28,190,714653610
28,191,4079810816
28,192,4141990542
28,193,631860916
28,194,351622994
28,195,2484360136
28,196,558884598
28,197,1365017916
28,198,996201082
28,199,3860674576
28,200,3956323038
28,201,2918267204
28,202,690329890
28,203,167521752
28,204,3881127494
28,205,1954140876
28,206,508924746
28,207,3601022240
28,208,2537185582
28,209,2344229332
28,210,4143065330
28,211,2575953384
28,212,1227887510
28,213,942626396
28,214,2643739162
28,215,678774832
28,216,4238478718
28,217,4053291108
28,218,4053026498
28,219,1287640056
28,220,27227878
28,221,637358060
28,222,2293374698
28,223,270637376
28,224,2000877518
28,225,842538228
28,226,876425874
28,227,4076347400
28,228,1369094198
28,229,1476132732
28,230,2981915066
28,231,2483974224
28,232,252731422
28,233,4183670660
28,234,1863724130
28,235,3521450520
28,236,3310425990
28,237,3789268236
28,238,3392692874
28,239,3984199008
28,240,2914354798
28,241,3840243732
28,242,3024122930
28,243,3062950440
28,244,3643397334
28,245,2581889180
28,246,539183450
28,247,1232777328
28,248,865446590
28,249,2109965988
28,250,617957890
28,251,1717430328
28,252,2126786598
28,253,1106694700
28,254,988962346
28,255,3925776768
28,256,1825312014
28,257,2432969524
28,258,2112220626
28,259,1879460936
28,260,2180475254
28,261,277535164
28,262,1486020858
28,263,2798389392
28,264,3861638494
28,265,3905660356
28,266,2239471522
28,267,1553749592
28,268,3453141190
28,269,2578503500
28,270,3395949002
28,271,3464576416
28,272,2722139054
28,273,1700148820
28,274,1469554546
28,275,1082803816
28,276,2443015702
28,277,403770076
28,278,844443802
28,279,1737783472
28,280,2924292094
28,281,1979194596
28,282,2469604674
28,283,2895273080
28,284,1171704166
28,285,367768684
28,286,2678685034
28,287,3511941568
28,288,2538406478
28,289,4062026100
28,290,1732217106
28,291,4274968712
28,292,2436233910
28,293,1981355004
28,294,2352232506
28,295,3303407824
28,296,3203619486
28,297,1380641796
28,298,2141582050
28,299,330431128
28,300,229263878
28,301,3708381580
28,302,3107627274
28,303,3058224608
28,304,2427154670
28,305,1226593428
28,306,3527912114
28,307,1460011688
28,308,3982161750
28,309,2042950940
28,310,3967416282
28,311,2505220336
28,312,2526577982
28,313,3158709028
28,314,1274933378
28,315,887959736
28,316,2141668006
28,317,787216044
28,318,2368175274
28,319,4004624896
28,320,1855313806
28,321,496265140
28,322,1570374738
28,323,3940664520
28,324,2519100406
28,325,464956988
28,326,552628090
28,327,1827428624
28,328,2671159262
28,329,602640964
28,330,1759847970
28,331,3098935000
28,332,3383210822
28,333,2230672332
28,334,2834960458
28,335,3110125088
28,336,1288058414
28,337,3829912276
28,338,228627954
28,339,1905532648
28,340,2670876822
28,341,504381276
28,342,3739328282
28,343,3175426352
28,344,3460809342
28,345,1253927268
28,346,1451594690
28,347,1828611320
28,348,2365955046
28,349,2986842348
28,350,1371298794
28,351,1118296640
28,352,578194638
28,353,4084766196
28,354,3326435218
28,355,3620671752
28,356,3751329078
28,357,745777276
28,358,1662486202
28,359,4117696848
28,360,1153815838
28,361,1673369732
28,362,1149843810
28,363,1698194200
28,364,2124086406
28,365,42249740
28,366,603479946
28,367,3294170720
28,368,1650514798
28,369,2733158676
28,370,3941753138
28,371,1606720296
28,372,2448660950
28,373,4228049308
28,374,299640410
28,375,2717651312
28,376,4012564414
28,377,862855076
28,378,2988054274
28,379,441841976
28,380,113366310
28,381,1548655404
28,382,3015187242
28,383,2781239936
28,384,2596217358
28,385,1809458228
28,386,4270955218
28,387,3240541512
28,388,4099731062
28,389,1801454268
28,390,385449466
28,391,2365467024
28,392,628154974
28,393,802225860
28,394,232926370
28,395,2328438616
28,396,3780388294
28,397,1590124620
28,398,746950346
28,399,2613165728
28,400,357261486
28,401,151973716
28,402,1133317234
28,403,1227323240
28,404,3899570966
28,405,2729243612
28,406,96046490
28,407,3725023664
28,408,1259461886
28,409,2691184100
28,410,1443592770
28,411,1518595448
28,412,3182161510
28,413,2194734444
28,414,4050303594
28,415,3365747392
28,416,2000656206
28,417,2529759860
28,418,1540273682
28,419,4202219912
28,420,2470641590
28,421,864795900
28,422,2028361018
28,423,975806928
28,424,1862782878
28,425,3191194884
28,426,3091202018
28,427,4076358552
28,428,3735236358
28,429,986542732
28,430,1022467594
28,431,3693792992
28,432,1633011182
28,433,2999618964
28,434,3904935858
28,435,2907485096
28,436,4252220502
28,437,958291484
28,438,2999571674
28,439,3824615920
28,440,3956062782
28,441,3552291876
28,442,833207682
28,443,2736275896
28,444,3130255270
28,445,312393644
28,446,3240376746
28,447,867990272
28,448,264760462
28,449,2622841012
28,450,726446418
28,451,794113480
28,452,3004887286
28,453,2013714236
28,454,1026428026
28,455,3682695696
28,456,123378910
28,457,1560013636
28,458,787657506
28,459,3210072024
28,460,2606241862
28,461,3483821260
28,462,1200393546
28,463,4196679456
28,464,4199549742
28,465,1412139988
28,466,2749170418
28,467,1673809896
28,468,1674747286
28,469,2120689756
28,470,2304572442
28,471,4267379248
28,472,2469099390
28,473,662209124
28,474,742711490
28,475,3248682488
28,476,1045020902
28,477,2429018604
28,478,1362401514
28,479,1202985792
28,480,1948787150
28,481,3163492084
28,482,2992344210
28,483,1665925640
28,484,2192884278
28,485,3286323580
28,486,2418058170
28,487,664121936
28,488,2352564766
28,489,1915974020
28,490,1430931042
28,491,1769059352
28,492,1950540166
28,493,3999512332
28,494,3064355978
28,495,1111363424
28,496,1275736174
28,497,3108104724
28,498,909266482
28,499,2619231272
28,500,3864747734
28,501,3382137500
28,502,1908605786
28,503,1338208880
28,504,3137213630
28,505,229554340
28,506,623698946
28,507,3686009400
28,508,3248323110
28,509,442262572
28,510,1206638634
28,511,1024727936
28,512,1815099150
28,513,1334189364
28,514,776685522
28,515,4058852936
28,516,1759540086
28,517,975907772
28,518,370023162
28,519,2901822096
28,520,1400100702
28,521,2079086532
28,522,110541218
28,523,3269195864
28,524,4264790726
28,525,1304908
28,526,1821313994
28,527,3641196448
28,528,2052339118
28,529,3323832404
28,530,1494251890
28,531,3723143272
28,532,2279473174
28,533,163503324
28,534,3427527322
28,535,3535813296
28,536,2501153278
28,537,275664612
28,538,4088514370
28,539,1859878520
28,540,4116648806
28,541,1684817516
28,542,3281647466
28,543,611089344
28,544,2008034382
28,545,3309996916
28,546,3563840274
28,547,2395519624
28,548,74319030
28,549,2515822076
28,550,3947262522
28,551,3526574800
28,552,1792689310
28,553,272014852
28,554,371723490
28,555,4112817304
28,556,100275206
28,557,96959372
28,558,3281427210
28,559,3138572256
28,560,1627265774
28,561,1993262740
28,562,3183969458
28,563,146367656
28,564,2200600918
28,565,3320694556
28,566,1900523994
28,567,1507943152
28,568,188673854
28,569,3519497508
28,570,1730382466
28,571,1353274040
28,572,3260976294
28,573,3154610348
28,574,1519318698
28,575,3863821312
28,576,3463971214
28,577,2783730100
28,578,3524091474
28,579,1164879560
28,580,741176822
28,581,709689404
28,582,2753145210
28,583,3588004624
28,584,2554106334
28,585,3710010436
28,586,1330528290
28,587,2178654424
28,588,2422635846
28,589,2559471052
28,590,2383219274
28,591,3169697824
28,592,2480398382
28,593,3747955924
28,594,229076978
28,595,1411023080
28,596,1259397782
28,597,489951580
28,598,2969983258
28,599,2411129648
28,600,3209505918
28,601,197761892
28,602,1188179394
28,603,2930607864
28,604,1231807974
28,605,104737516
28,606,454743530
28,607,1128684608
28,608,1616361166
28,609,2440792052
28,610,1283438994
28,611,2037314312
28,612,4008625974
28,613,3796171388
28,614,1289207994
28,615,3464647504
28,616,1500167966
28,617,2831108740
28,618,1968788322
28,619,1116800280
28,620,3662202502
28,621,3917004812
28,622,373447050
28,623,2334724192
28,624,1588692334
28,625,737223444
28,626,3925883698
28,627,1335754024
28,628,2321621974
28,629,3332488092
28,630,1406656602
28,631,4140880752
28,632,185551294
28,633,2424656292
28,634,1376628994
28,635,242752312
28,636,3814137638
28,637,3223334188
28,638,2341311786
28,639,3555187840
28,640,3575598094
28,641,1074271796
28,642,1628632274
28,643,3864633160
28,644,2474768502
28,645,1089230012
28,646,1775286266
28,647,2863950736
28,648,3828665438
28,649,1360900292
28,650,1134118562
28,651,1758775640
28,652,1483796422
28,653,3247862348
28,654,512133322
28,655,2857681056
28,656,3311078062
28,657,2692899156
28,658,3961644658
28,659,3805534568
28,660,602621206
28,661,289850844
28,662,2584496026
28,663,3921615792
28,664,5588734
28,665,1242195940
28,666,1076237378
28,667,1301876600
28,668,552613990
28,669,4273835884
28,670,2855744618
28,671,146914496
28,672,2359214414
28,673,2174878836
28,674,622268434
28,675,2680073096
28,676,2562132406
28,677,1632833276
28,678,4149514042
28,679,822272976
28,680,644528542
28,681,3427628804
28,682,1834883554
28,683,2117528984
28,684,3081697542
28,685,2180482188
28,686,3777599498
28,687,1996542176
28,688,2208591854
28,689,2569600916
28,690,2774299058
28,691,1296831912
28,692,847201878
28,693,3828559900
28,694,1005817562
28,695,2601632752
28,696,1760502846
28,697,979951140
28,698,3228260226
28,699,2711643064
28,700,3406246310
28,701,1864782252
28,702,3982996394
28,703,711195904
28,704,2661684878
28,705,1046041268
28,706,2782661458
28,707,288233416
28,708,3042835190
28,709,4136184124
28,710,1773356666
28,711,4294818832
28,712,3319563998
28,713,677289284
28,714,2650262818
28,715,1682403800
28,716,3704808006
28,717,598472396
28,718,276531018
28,719,633159968
28,720,224245038
28,721,2314534356
28,722,2667568370
28,723,647410152
28,724,149759894
28,725,3195468380
28,726,1776137754
28,727,358140976
28,728,3333218686
28,729,2075178084
28,730,2049800898
28,731,2552109048
28,732,3798731494
28,733,1449817068
28,734,1131352810
28,735,1499372864
28,736,3674557390
28,737,1983774964
28,738,3903973010
28,739,4265075720
28,740,3628518454
28,741,1268687740
28,742,2906447290
28,743,2385835088
28,744,542782494
28,745,2338399108
28,746,2025218146
28,747,1419138584
28,748,3836521350
28,749,935577868
28,750,3603715722
28,751,3273265504
28,752,2388056686
28,753,4277558292
28,754,1515989042
28,755,1581493800
28,756,839182550
28,757,3072468124
28,758,3424304474
28,759,992228464
28,760,1398701758
28,761,1072818852
28,762,213679618
28,763,379726904
28,764,2683225126
28,765,2442786348
28,766,312300074
28,767,2386664832
28,768,3381420302
28,769,1096814388
28,770,3941114322
28,771,2188120136
28,772,675380598
28,773,1134788028
28,774,641815802
28,775,708349072
28,776,1270071646
28,777,862259652
28,778,2565460898
28,779,3769866840
28,780,604787910
28,781,3880713036
28,782,3597403594
28,783,866599328
28,784,3932151726
28,785,2621250132
28,786,1354847090
28,787,1004735080
28,788,1888913942
28,789,2101653212
28,790,2197464218
28,791,3338927280
28,792,13892606
28,793,3510403300
28,794,258498882
28,795,1522311288
28,796,1952406886
28,797,2512705644
28,798,960655722
28,799,2577202624
28,800,2852869710
28,801,3486481780
28,802,2714778898
28,803,291150984
28,804,69078710
28,805,1504163836
28,806,2970659898
28,807,4204299472
28,808,364457630
28,809,1987727364
28,810,2447517410
28,811,4063182488
28,812,667016710
28,813,4082994572
28,814,699045130
28,815,871682528
28,816,3175662830
28,817,500775060
28,818,4085210802
28,819,1594148520
28,820,3211922262
28,821,1475254556
28,822,650996698
28,823,1267213552
28,824,2027772222
28,825,2443212580
28,826,293676162
28,827,4194137272
28,828,143513254
28,829,1878727340
28,830,229535914
28,831,604028416
28,832,1951542158
28,833,1771850676
28,834,4206409810
28,835,1989380296
28,836,44859382
28,837,2696630844
28,838,2717574010
28,839,4259634448
28,840,70941662
28,841,3266377284
28,842,4008663586
28,843,3399041752
28,844,3030206278
28,845,3036643276
28,846,1658324042
28,847,1486012960
28,848,1524730414
28,849,1473951444
28,850,2883996146
28,851,3208176360
28,852,1365732502
28,853,640672604
28,854,3353547546
28,855,859876656
28,856,491427454
28,857,4214082916
28,858,2589378498
28,859,3790907640
28,860,1028272102
28,861,3310140652
28,862,1580290026
28,863,2919030336
28,864,3627081934
28,865,1859549684
28,866,3673297810
28,867,3584480520
28,868,4072460598
28,869,3287174268
28,870,3310353082
28,871,179148112
28,872,1426565406
28,873,2652437636
28,874,862023010
28,875,58828568
28,876,3345911942
28,877,491049484
28,878,2353288074
28,879,235999840
28,880,3472502638
28,881,911316244
28,882,3678803250
28,883,2886688552
28,884,2437328342
28,885,1595444636
28,886,4002126426
28,887,3233650032
28,888,132887486
28,889,2683601828
28,890,691620610
28,891,1479687480
28,892,728000806
28,893,3536437036
28,894,1897598762
28,895,2418105984
28,896,1031239182
28,897,1468926004
28,898,533483218
28,899,2854519112
28,900,3676242550
28,901,105948860
28,902,1600123386
28,903,3481447824
28,904,4260410974
28,905,2797757124
28,906,3666370722
28,907,2390256472
28,908,2500180422
28,909,3040707660
28,910,675250890
28,911,2566898336
28,912,3714233518
28,913,3175994196
28,914,3673079922
28,915,3440917352
28,916,568315670
28,917,297310172
28,918,2601976218
28,919,244243888
28,920,177254654
28,921,704944612
28,922,897101378
28,923,4198904184
28,924,598508134
28,925,1837244780
28,926,79408746
28,927,4210966208
28,928,3287673678
28,929,3016947316
28,930,2660723218
28,931,3348925832
28,932,4204991414
28,933,1123180796
28,934,746244410
28,935,3539215824
28,936,2898633630
28,937,2461870340
28,938,1471427554
28,939,3037564824
28,940,2318582534
28,941,2650379916
28,942,823759370
28,943,367973088
28,944,32184814
28,945,148861332
28,946,4231023538
28,947,568555432
28,948,3724726358
28,949,3844080156
28,950,1171605722
28,951,256148976
28,952,2936639038
28,953,1533939748
28,954,778367362
28,955,3183510968
28,956,2935126950
28,957,42329004
28,958,1331899818
28,959,4146298624
28,960,1132216462
28,961,733299892
28,962,614688082
28,963,1503590856
28,964,3357082870
28,965,3974331196
28,966,1626374266
28,967,1938947600
28,968,3344330974
28,969,806965060
28,970,372565794
28,971,416355288
28,972,1271245894
28,973,2424899788
28,974,421691722
28,975,2037269280
28,976,1885560622
28,977,1293316052
28,978,2287646450
28,979,33625064
28,980,3632247190
28,981,408865884
28,982,3742789658
28,983,2372832816
28,984,925256574
28,985,239134308
28,986,2068714690
28,987,4029757944
28,988,2382779622
28,989,2531591660
28,990,4284583146
28,991,1696669504
28,992,1272608206
28,993,2135225076
28,994,2000699538
28,995,3820733960
28,996,4065383990
28,997,255063420
28,998,2836469690
28,999,3891017296
29,0,1802706462
29,1,1692849540
29,2,2035972706
29,3,3008559128
29,4,3062789510
29,5,3724270348
29,6,3400159370
29,7,2416841568
29,8,345736302
29,9,3590508052
29,10,3233677874
29,11,486608936
29,12,1546023638
29,13,2189751964
29,14,3475666778
29,15,731706992
29,16,2629232830
29,17,881663140
29,18,2072254466
29,19,925388344
29,20,3115847206
29,21,3350169644
29,22,990301226
29,23,4253491072
29,24,618695438
29,25,2257715508
29,26,1404959698
29,27,1099100744
29,28,1612351350
29,29,1291046844
29,30,690786042
29,31,1049808528
29,32,1860938590
29,33,792050628
29,34,3698650530
29,35,3592633432
29,36,3747421894
29,37,1868696908
29,38,2818637770
29,39,4267590560
29,40,2455996846
29,41,129272916
29,42,3735694706
29,43,2054384744
29,44,3955692566
29,45,2460123356
29,46,4133576346
29,47,1683996336
29,48,2441831934
29,49,3630346980
29,50,2253847362
29,51,2419442296
29,52,1658300262
29,53,3388303980
29,54,2695031658
29,55,1357217728
29,56,3462299726
29,57,833384308
29,58,1869387538
29,59,2793701000
29,60,809900214
29,61,3778218492
29,62,2106779194
29,63,1578485456
29,64,1603279006
29,65,2769682948
29,66,2463383778
29,67,718397592
29,68,318875654
29,69,3318456204
29,70,2339802890
29,71,1089393632
29,72,1166765806
29,73,1580968596
29,74,326056114
29,75,2045257896
29,76,1110545750
29,77,1338469148
29,78,2903188954
29,79,2319902448
29,80,2138293054
29,81,466725156
29,82,3944136322
29,83,1357485752
29,84,4063568038
29,85,1791405228
29,86,1183181482
29,87,3352051712
29,88,2381198
29,89,2292465076
29,90,2006717010
29,91,2656070344
29,92,3114502646
29,93,2667684924
29,94,3130269050
29,95,84221712
29,96,2200987102
29,97,4103579716
29,98,3888673826
29,99,3002000600
29,100,3595309382
29,101,4199059916
29,102,3344629322
29,103,2890908704
29,104,1105409070
29,105,1839737044
29,106,2287805426
29,107,3538896104
29,108,1379268246
29,109,1493415260
29,110,3279408410
29,111,3353505584
29,112,2285895806
29,113,954859364
29,114,4044579266
29,115,651414264
29,116,144734694
29,117,255020780
29,118,3137325546
29,119,2731237440
29,120,704776910
29,121,2877910004
29,122,295464338
29,123,209106696
29,124,2332220214
29,125,4050624124
29,126,1820341434
29,127,3388004176
29,128,3617362718
29,129,1674227332
29,130,513902434
29,131,3356117272
29,132,3859569286
29,133,3186156556
29,134,637422986
29,135,1829835872
29,136,1396365678
29,137,3792307988
29,138,1589899058
29,139,2501427496
29,140,1185167318
29,141,3848757148
29,142,2180469850
29,143,532830064
29,144,2243960254
29,145,2176562596
29,146,3617383682
29,147,394551096
29,148,2129244966
29,149,3024834860
29,150,73435434
29,151,4201832576
29,152,1942462478
29,153,3530291764
29,154,3669862610
29,155,747070280
29,156,1798573174
29,157,3683449020
29,158,2544315386
29,159,459861904
29,160,312778846
29,161,1354699972
29,162,1924102818
29,163,464784728
29,164,923960262
29,165,1505531468
29,166,3920657610
29,167,2277688480
29,168,4251082414
29,169,2138129748
29,170,2951977586
29,171,670342504
29,172,2186041622
29,173,3288492508
29,174,2832841626
29,175,1819713456
29,176,163846910
29,177,1616301028
29,178,3590539330
29,179,2156614520
29,180,1709231206
29,181,4011766636
29,182,2700617834
29,183,3209871552
29,184,3175421262
29,185,1297868916
29,186,1750058002
29,187,2450681736
29,188,1493638582
29,189,4167676668
29,190,3092841274
29,191,1073571792
29,192,2719518110
29,193,830790404
29,194,390221282
29,195,3078369688
29,196,4130245894
29,197,2933106828
29,198,3435236362
29,199,3639923936
29,200,2083111918
29,201,569238420
29,202,2369529266
29,203,1259526568
29,204,2684246614
29,205,1541723164
29,206,1886323418
29,207,1620002800
29,208,1578891326
29,209,1456161316
29,210,462850946
29,211,393783224
29,212,106284454
29,213,3971839404
29,214,2266408874
29,215,3120234752
29,216,2655677070
29,217,2221487796
29,218,1201848146
29,219,682089416
29,220,2337017590
29,221,2065026364
29,222,3269835386
29,223,1446920208
29,224,2882034398
29,225,2485911876
29,226,933888290
29,227,4243764696
29,228,2284877382
29,229,910039756
29,230,25262922
29,231,355943712
29,232,3277916462
29,233,3180323284
29,234,4293759218
29,235,369325544
29,236,1921661846
29,237,2887687772
29,238,2298948122
29,239,2258391088
29,240,2224534910
29,241,4280883300
29,242,3483807426
29,243,3923532792
29,244,3776487142
29,245,1916245996
29,246,621545194
29,247,2331746624
29,248,1722261454
29,249,4154713332
29,250,4261845650
29,251,869771272
29,252,1892868150
29,253,782321532
29,254,597512634
29,255,1421572176
29,256,226756638
29,257,516196228
29,258,4147549282
29,259,2779224600
29,260,2313699206
29,261,17558796
29,262,843074186
29,263,3373929824
29,264,2128096878
29,265,1583824916
29,266,156752946
29,267,4166414888
29,268,79690966
29,269,1270859932
29,270,452079962
29,271,1093515376
29,272,923226814
29,273,192958116
29,274,293843458
29,275,1564897336
29,276,2935576614
29,277,3701283372
29,278,1630029354
29,279,2867110272
29,280,506246414
29,281,1058796340
29,282,147543506
29,283,1328665672
29,284,2959839606
29,285,1981555132
29,286,3201288442
29,287,168104080
29,288,1562088798
29,289,2405330372
29,290,1899497378
29,291,3274366552
29,292,3492145350
29,293,3092062028
29,294,2169371082
29,295,1496139168
29,296,308229038
29,297,679738964
29,298,2731214706
29,299,3113995880
29,300,2574229014
29,301,1775784668
29,302,3330283674
29,303,3402858672
29,304,3879391230
29,305,1172366564
29,306,4168979778
29,307,793175160
29,308,1623716198
29,309,553516140
29,310,2579195242
29,311,1782972864
29,312,2225711694
29,313,182542708
29,314,3712020754
29,315,1850105992
29,316,686170806
29,317,1284922364
29,318,4039974970
29,319,480970960
29,320,3898540702
29,321,3154752516
29,322,3103677154
29,323,3205268120
29,324,1740206598
29,325,2635182476
29,326,2298120458
29,327,33609184
29,328,2579896558
29,329,1475746964
29,330,3180794546
29,331,2036566696
29,332,2875793238
29,333,3447209244
29,334,2751520730
29,335,907913456
29,336,3204590910
29,337,2421873444
29,338,2481215618
29,339,1970124984
29,340,525626022
29,341,3429514924
29,342,2769642666
29,343,4054827520
29,344,300842894
29,345,587476916
29,346,3904334930
29,347,3701820616
29,348,4044526582
29,349,1159722556
29,350,2380617594
29,351,188571920
29,352,3038662622
29,353,2463521348
29,354,3654913570
29,355,1524401880
29,356,2507332422
29,357,2288624588
29,358,1536555082
29,359,3626288672
29,360,3906788910
29,361,1087216340
29,362,1124859378
29,363,2940053224
29,364,3984359574
29,365,3585050460
29,366,1136953114
29,367,1838952752
29,368,2687330942
29,369,3841864036
29,370,3943168962
29,371,2638933240
29,372,1265550310
29,373,66183404
29,374,3515237354
29,375,1102176832
29,376,4123735246
29,377,1737776628
29,378,2424227730
29,379,1037998344
29,380,1472259382
29,381,2328424572
29,382,3798494906
29,383,743184720
29,384,2166979870
29,385,433348740
29,386,3608781154
29,387,2955602712
29,388,3592561798
29,389,3949262348
29,390,2205173642
29,391,3358135904
29,392,2339603310
29,393,1327134996
29,394,343525682
29,395,716841768
29,396,1249493462
29,397,2039361948
29,398,2921008730
29,399,870259056
29,400,613189566
29,401,1440409508
29,402,4248338178
29,403,1819181368
29,404,2112290086
29,405,2225398572
29,406,3848143658
29,407,853303936
29,408,403687950
29,409,3500272692
29,410,837223122
29,411,2374124872
29,412,3821082230
29,413,3768666812
29,414,2997249530
29,415,2925998480
29,416,3260058206
29,417,1863567044
29,418,2886636706
29,419,814198616
29,420,3734457798
29,421,3474171980
29,422,47806154
29,423,2526922400
29,424,3311012014
29,425,116176724
29,426,187724914
29,427,325648232
29,428,3845186326
29,429,1210334172
29,430,1666479514
29,431,594960816
29,432,2649720062
29,433,218168804
29,434,3250971202
29,435,6845816
29,436,2274170470
29,437,2744337772
29,438,518824554
29,439,1975468736
29,440,411844430
29,441,1849481844
29,442,574627346
29,443,522211720
29,444,1407395766
29,445,2713257212
29,446,988757306
29,447,2552146384
29,448,2791536542
29,449,3366227204
29,450,1275619298
29,451,2776814488
29,452,2611107590
29,453,3565533836
29,454,1411483146
29,455,3759331040
29,456,2455793134
29,457,72635796
29,458,4169138098
29,459,3906616232
29,460,410117206
29,461,1753327132
29,462,1539357914
29,463,2935097840
29,464,371614270
29,465,1283486756
29,466,671098242
29,467,3469265336
29,468,1899040678
29,469,1305282476
29,470,880943530
29,471,2464842496
29,472,1326486670
29,473,1752508596
29,474,2933528914
29,475,2655567304
29,476,2666993910
29,477,3240107836
29,478,798159994
29,479,3355607568
29,480,322061534
29,481,1956033348
29,482,2723617570
29,483,816601048
29,484,840122438
29,485,885730508
29,486,1771599178
29,487,421021472
29,488,2790699822
29,489,4217459668
29,490,2780326642
29,491,2191382504
29,492,1997325718
29,493,2578870364
29,494,128967706
29,495,551686704
29,496,1325473662
29,497,1852394084
29,498,389499074
29,499,2770304504
29,500,2074274022
29,501,140650988
29,502,1416528106
29,503,3941475136
29,504,3412904398
29,505,4284143348
29,506,486864018
29,507,244025864
29,508,4090292790
29,509,3387332988
29,510,3168897978
29,511,4104305232
29,512,2794254878
29,513,3640277380
29,514,2454367842
29,515,1268005912
29,516,4273604998
29,517,3237216012
29,518,2911782026
29,519,2386433888
29,520,1829558382
29,521,3089347092
29,522,3559503410
29,523,272880680
29,524,3419506390
29,525,852662940
29,526,1332865882
29,527,2614524528
29,528,3260005566
29,529,3838541988
29,530,1857768450
29,531,2835124792
29,532,531800614
29,533,4032998444
29,534,620871722
29,535,3059360640
29,536,1433460494
29,537,2331895092
29,538,2853220306
29,539,3413685832
29,540,3107232630
29,541,3743183804
29,542,2267742970
29,543,2895073936
29,544,3057876830
29,545,1944002500
29,546,4147323298
29,547,3351937112
29,548,2523312838
29,549,3792712012
29,550,38990794
29,551,1679050656
29,552,173202862
29,553,514551892
29,554,1025761650
29,555,425472104
29,556,428877846
29,557,585508060
29,558,2471940762
29,559,442450608
29,560,2715957758
29,561,968300260
29,562,98316098
29,563,1475348088
29,564,238041958
29,565,3135147628
29,566,3297501034
29,567,96371648
29,568,1827460174
29,569,2070827892
29,570,2337098514
29,571,2292204168
29,572,2382245046
29,573,3151080956
29,574,2864667194
29,575,1448626896
29,576,1344662686
29,577,3679806980
29,578,2757784802
29,579,3470730392
29,580,3320396806
29,581,2570044300
29,582,3258352394
29,583,2536167392
29,584,1509475054
29,585,721981076
29,586,2448878770
29,587,2104945832
29,588,2602084694
29,589,4043378460
29,590,2880346586
29,591,1863084784
29,592,3616053054
29,593,255593764
29,594,2884235906
29,595,2273958584
29,596,803976358
29,597,3034960044
29,598,3378306730
29,599,3249226752
29,600,1236314510
29,601,1488724404
29,602,3993683538
29,603,1368534728
29,604,1224318454
29,605,3004581948
29,606,3152974202
29,607,814588688
29,608,973355486
29,609,3178040388
29,610,1696770082
29,611,3798083800
29,612,2450629958
29,613,2137175500
29,614,3213423178
29,615,4229023776
29,616,4023289902
29,617,4048227540
29,618,2079512562
29,619,1948518632
29,620,3275426454
29,621,3157481820
29,622,3905503514
29,623,1148056368
29,624,85120126
29,625,527065956
29,626,674534850
29,627,1700400888
29,628,2780106214
29,629,3280499436
29,630,1103412714
29,631,2863686720
29,632,3683409614
29,633,3270987764
29,634,4154007954
29,635,2313059080
29,636,4176932662
29,637,2952413820
29,638,3339233466
29,639,1371495248
29,640,4054738718
29,641,3761640068
29,642,4241079138
29,643,3689123096
29,644,934276742
29,645,3317237772
29,646,1150960010
29,647,1062803552
29,648,396635502
29,649,2642602772
29,650,2624037682
29,651,2364769576
29,652,1019694038
29,653,999097244
29,654,318163034
29,655,487840624
29,656,2219897278
29,657,1012013476
29,658,973871362
29,659,1995481912
29,660,3361490726
29,661,1674999084
29,662,3021176106
29,663,1499325568
29,664,3394237454
29,665,1915739700
29,666,3309853906
29,667,3977586504
29,668,3838189686
29,669,898473148
29,670,1348313082
29,671,2826793872
29,672,2901701726
29,673,566261956
29,674,648392354
29,675,3975369048
29,676,731125702
29,677,893565516
29,678,330985674
29,679,3851471008
29,680,3578376878
29,681,1941973332
29,682,2359643762
29,683,2943705448
29,684,3935137046
29,685,3189640668
29,686,1787244442
29,687,1401824176
29,688,1729294078
29,689,1342386148
29,690,2562751554
29,691,2581436280
29,692,682713190
29,693,2866796396
29,694,513350762
29,695,1044628672
29,696,1976265038
29,697,913689716
29,698,1818785810
29,699,2395353992
29,700,2335650230
29,701,1591760636
29,702,1413314362
29,703,4216843216
29,704,1504076190
29,705,2015117060
29,706,2517008866
29,707,2669770136
29,708,445522182
29,709,789564556
29,710,1731821578
29,711,1263065312
29,712,3834583022
29,713,3490891668
29,714,3724270002
29,715,456760744
29,716,3881659990
29,717,720795676
29,718,2815063770
29,719,443337712
29,720,1999162430
29,721,1552786980
29,722,4087463810
29,723,61926328
29,724,2407815590
29,725,1169463724
29,726,4154825642
29,727,2716992768
29,728,4123967118
29,729,4158200500
29,730,4199117650
29,731,3665928136
29,732,2736399094
29,733,3741479228
29,734,1190669946
29,735,3906913296
29,736,2643734238
29,737,4049167684
29,738,4131140898
29,739,3556637144
29,740,3916302918
29,741,2888842956
29,742,4050087754
29,743,2769373472
29,744,3108265262
29,745,646628820
29,746,431703282
29,747,1741699560
29,748,2248626070
29,749,19284572
29,750,4212170266
29,751,2084557872
29,752,912427390
29,753,2080472164
29,754,4060078786
29,755,1106943992
29,756,4255462118
29,757,2036644844
29,758,763951850
29,759,2767758656
29,760,438957006
29,761,3060386036
29,762,1950043794
29,763,2480368648
29,764,457110582
29,765,17034108
29,766,350078394
29,767,3886152784
29,768,3599621150
29,769,3012029316
29,770,3935750242
29,771,3306741272
29,772,3036926854
29,773,1035211020
29,774,3700702858
29,775,4286191968
29,776,2134475374
29,777,54010900
29,778,3241381938
29,779,2227779112
29,780,1364922582
29,781,1472031900
29,782,212444506
29,783,1536638064
29,784,3733989054
29,785,3765351076
29,786,858449410
29,787,977974328
29,788,2883841062
29,789,587218476
29,790,647182890
29,791,1072145792
29,792,1789724942
29,793,2318915380
29,794,3616410066
29,795,3596064840
29,796,443917686
29,797,2817836476
29,798,574504186
29,799,1177654416
29,800,442722654
29,801,4239905220
29,802,241580962
29,803,67248728
29,804,3525278918
29,805,212550476
29,806,3406818762
29,807,1058228640
29,808,440305582
29,809,170582612
29,810,1303690098
29,811,3115618920
29,812,203993622
29,813,3721131740
29,814,4242902170
29,815,1929577648
29,816,1635886078
29,817,3555018980
29,818,1316145474
29,819,707864696
29,820,185632102
29,821,3080134764
29,822,3239336298
29,823,1129252288
29,824,656932430
29,825,2740143476
29,826,428975378
29,827,361899144
29,828,4287510198
29,829,1323630588
29,830,1265210426
29,831,723356880
29,832,920966814
29,833,586749956
29,834,4110061282
29,835,2051655320
29,836,3448833542
29,837,3659912588
29,838,3609885962
29,839,544004576
29,840,639855854
29,841,4151509140
29,842,814663346
29,843,2787266216
29,844,2973774678
29,845,3663847708
29,846,1679053786
29,847,1427320048
29,848,1762066750
29,849,3094691620
29,850,3542584450
29,851,2805857464
29,852,3288006310
29,853,1144611500
29,854,1398560938
29,855,1472120320
29,856,1198183310
29,857,1238111156
29,858,664150098
29,859,488050888
29,860,1633200118
29,861,149199420
29,862,3836726138
29,863,2499142928
29,864,2984387550
29,865,2489040452
29,866,698597922
29,867,1769982680
29,868,1814589254
29,869,4281583564
29,870,2469653578
29,871,941017632
29,872,4139266606
29,873,2669706964
29,874,3541152242
29,875,1101163240
29,876,1936823446
29,877,747580252
29,878,1384512282
29,879,1817687344
29,880,1458585214
29,881,137270628
29,882,1217998786
29,883,2667655416
29,884,3077789670
29,885,1844905196
29,886,2881173482
29,887,4257670720
29,888,2068154574
29,889,3719447028
29,890,3874192274
29,891,276192520
29,892,245692726
29,893,2164495484
29,894,3126911674
29,895,1514839376
29,896,3375059230
29,897,3606037636
29,898,800183650
29,899,1798582040
29,900,2864035974
29,901,1826953740
29,902,159136650
29,903,4070644320
29,904,2546784110
29,905,3980614932
29,906,2525855026
29,907,3687114536
29,908,3180123606
29,909,1264833948
29,910,1351254618
29,911,4217412976
29,912,1158503358
29,913,1428245412
29,914,773305090
29,915,1460323640
29,916,4266234150
29,917,1910507308
29,918,276887338
29,919,2381801088
29,920,713563662
29,921,3608530996
29,922,887207634
29,923,1799358792
29,924,239282806
29,925,4199673532
29,926,281860602
29,927,699118992
29,928,1922063966
29,929,2294622916
29,930,2188691618
29,931,1895232344
29,932,3188253126
29,933,2890517580
29,934,3159583434
29,935,2493237920
29,936,3442564270
29,937,3857423188
29,938,3562154098
29,939,471450472
29,940,845281046
29,941,1173348316
29,942,1584523674
29,943,482207152
29,944,86923518
29,945,1230856676
29,946,4210234946
29,947,1827322232
29,948,3914181222
29,949,621046124
29,950,1073583722
29,951,954222272
29,952,1963103054
29,953,3322330740
29,954,3871920658
29,955,17044872
29,956,2667789238
29,957,1340057852
29,958,2755899706
29,959,2309565904
29,960,1541491614
29,961,1609298180
29,962,2503777250
29,963,3294107544
29,964,317844230
29,965,3732004492
29,966,2785638922
29,967,982964960
29,968,313901550
29,969,2770942356
29,970,3719279538
29,971,36765608
29,972,2898327638
29,973,3275967004
29,974,4102828250
29,975,3271527920
29,976,555955774
29,977,2800932900
29,978,511400322
29,979,3593539000
29,980,21996454
29,981,4101254060
29,982,1887507882
29,983,118589184
29,984,847571086
29,985,1385499828
29,986,3388001618
29,987,4250042824
29,988,934620406
29,989,4106011452
29,990,2836752506
29,991,3637708304
29,992,3941472478
29,993,712251204
29,994,3545845538
29,995,115842008
29,996,1312871494
29,997,3161280716
29,998,955148618
29,999,3642903328
30,0,2620000046
30,1,1594636244
30,2,4227210994
30,3,3852114920
30,4,1064950166
30,5,40768604
30,6,53041178
30,7,3098908208
30,8,3669750654
30,9,1207021156
30,10,31938
30,11,3765289464
30,12,119504102
30,13,3846131180
30,14,1348170986
30,15,3642435392
30,16,4074708430
30,17,1020312308
30,18,2745804946
30,19,3820703240
30,20,2267610678
30,21,4093197692
30,22,3415343034
30,23,1303985744
30,24,1032242718
30,25,3463290244
30,26,2686116450
30,27,842367000
30,28,1288019334
30,29,2538349324
30,30,1599223946
30,31,1020140384
30,32,1432235118
30,33,1604621844
30,34,1886743090
30,35,1978046504
30,36,895261398
30,37,3665837724
30,38,4070137690
30,39,2691694192
30,40,734564542
30,41,510256292
30,42,4275208194
30,43,825284152
30,44,4086117926
30,45,2490748972
30,46,98350122
30,47,1737303936
30,48,4259394318
30,49,1556728116
30,50,826500050
30,51,2412673608
30,52,1949216630
30,53,4037351356
30,54,805926650
30,55,4142651024
30,56,695948126
30,57,1239974852
30,58,1456559522
30,59,2547106904
30,60,592463558
30,61,1478382924
30,62,2072307658
30,63,170544032
30,64,3793891758
30,65,184702036
30,66,1954387314
30,67,3131372648
30,68,288963606
30,69,3129592028
30,70,2737587866
30,71,4106143408
30,72,3323530750
30,73,879459044
30,74,1916887874
30,75,3322563192
30,76,4150841190
30,77,925348460
30,78,794088298
30,79,1123518400
30,80,1398483022
30,81,2727360372
30,82,672005906
30,83,891029128
30,84,496386230
30,85,634409468
30,86,1925959226
30,87,3136999120
30,88,1016840350
30,89,3002386948
30,90,1254926562
30,91,3779881112
30,92,514904070
30,93,2146690956
30,94,1742108426
30,95,3183926240
30,96,2655393518
30,97,3711267476
30,98,962502834
30,99,325431464
30,100,2380250454
30,101,2845487900
30,102,1831996890
30,103,137490160
30,104,326986558
30,105,2886103332
30,106,2845648514
30,107,4102692536
30,108,2072135846
30,109,2590307500
30,110,3809727146
30,111,3555346432
30,112,2870803854
30,113,372508084
30,114,895056466
30,115,1597240008
30,116,3660558838
30,117,1720380476
30,118,2821260666
30,119,1484138256
30,120,3166178782
30,121,933392452
30,122,3344751650
30,123,271936728
30,124,3283564870
30,125,668785100
30,126,1989600842
30,127,2889075744
30,128,2644106286
30,129,1783492820
30,130,3899165682
30,131,934857960
30,132,2652905110
30,133,1187183964
30,134,553301274
30,135,89749296
30,136,902146174
30,137,3209348964
30,138,3962948034
30,139,1782600440
30,140,547987942
30,141,591238892
30,142,2942939626
30,143,1526032448
30,144,1962324686
30,145,3620025332
30,146,4269135250
30,147,4054204168
30,148,952828726
30,149,501540476
30,150,1550916794
30,151,1710088016
30,152,2812295966
30,153,503412356
30,154,265416546
30,155,2115817752
30,156,3476259462
30,157,15281164
30,158,1914058122
30,159,33627232
30,160,2884469102
30,161,1583075092
30,162,2733332274
30,163,925780264
30,164,1825202134
30,165,3373442972
30,166,114703450
30,167,4005912432
30,168,113362366
30,169,3225976228
30,170,2036026626
30,171,750577464
30,172,3215907622
30,173,3468794156
30,174,2594599210
30,175,4037601408
30,176,3635955726
30,177,525582900
30,178,548606162
30,179,671279944
30,180,3683446
30,181,1324236988
30,182,2482246650
30,183,1374812048
30,184,3005499486
30,185,3290553540
30,186,1601954466
30,187,3700594008
30,188,905292742
30,189,1411964492
30,190,2628019402
30,191,3284061344
30,192,1292961454
30,193,2104429908
30,194,2184643186
30,195,2035688808
30,196,1554940182
30,197,4288262620
30,198,3742671770
30,199,2667947952
30,200,406962942
30,201,420451300
30,202,2287841346
30,203,2576341880
30,204,1768027238
30,205,838925164
30,206,588910698
30,207,2241120448
30,208,3056713038
30,209,1022341236
30,210,828451858
30,211,2514089864
30,212,793200054
30,213,2495019772
30,214,3405900602
30,215,1662152656
30,216,1293170078
30,217,2685641476
30,218,3920279010
30,219,891730328
30,220,617460998
30,221,44822668
30,222,2962322442
30,223,3455900896
30,224,3168037870
30,225,2744626068
30,226,2543553970
30,227,3183501736
30,228,144474710
30,229,1365777436
30,230,3792038618
30,231,3366604784
30,232,3021316158
30,233,1269828132
30,234,1217196930
30,235,1716072376
30,236,1720905126
30,237,2047589804
30,238,1058312106
30,239,3796437248
30,240,2771587726
30,241,2561212084
30,242,3184535378
30,243,649814984
30,244,4240979702
30,245,575608124
30,246,4125794938
30,247,3084863504
30,248,2604663518
30,249,1072089412
30,250,3652086050
30,251,3915988440
30,252,9150022
30,253,2239914700
30,254,3761070922
30,255,3578481952
30,256,4010258734
30,257,3303385556
30,258,3966302450
30,259,469564904
30,260,1130652566
30,261,3180193372
30,262,3220836890
30,263,4131608624
30,264,3691863422
30,265,4063879268
30,266,3778614978
30,267,2692277240
30,268,940689126
30,269,1811013612
30,270,1558572778
30,271,2807408960
30,272,4119611342
30,273,2995760372
30,274,1263534738
30,275,506933256
30,276,3616213046
30,277,3267792764
30,278,2164144570
30,279,1189642320
30,280,2071441438
30,281,1235963780
30,282,1389821026
30,283,3001688600
30,284,1711236998
30,285,3988534540
30,286,3586667146
30,287,1715084640
30,288,2407192174
30,289,3983083540
30,290,2179941426
30,291,60553768
30,292,399910102
30,293,3675984028
30,294,2705398106
30,295,2321596528
30,296,1241053886
30,297,3200063140
30,298,1907497474
30,299,2913925176
30,300,2528018470
30,301,1690526252
30,302,1658727978
30,303,1296738688
30,304,2936888590
30,305,582204212
30,306,1462812114
30,307,400383048
30,308,1717549430
30,309,3643632060
30,310,1351397626
30,311,3737000080
30,312,2206940510
30,313,2071016900
30,314,1886678946
30,315,2738447960
30,316,704188614
30,317,3832112972
30,318,3014779338
30,319,3847835040
30,320,33414062
30,321,1093781076
30,322,1367240562
30,323,1009604200
30,324,3368142358
30,325,3642727132
30,326,640352410
30,327,3214051504
30,328,1873311742
30,329,2068425956
30,330,289930562
30,331,1266379896
30,332,1933121894
30,333,1502626924
30,334,2941078890
30,335,616040896
30,336,2441499214
30,337,2569349492
30,338,1455577362
30,339,121497736
30,340,2283162294
30,341,1620288508
30,342,3236300858
30,343,636489936
30,344,21670558
30,345,2873654276
30,346,1171702498
30,347,602344088
30,348,1497930246
30,349,2862217612
30,350,339374346
30,351,2402868704
30,352,1650508014
30,353,4233094292
30,354,1281784498
30,355,3846247080
30,356,3505866582
30,357,2125169948
30,358,1728563162
30,359,2825433328
30,360,1995167038
30,361,166699812
30,362,3477782658
30,363,2406367416
30,364,4135686822
30,365,3613951660
30,366,411258026
30,367,1445841408
30,368,348596110
30,369,3723753396
30,370,3075789906
30,371,938005704
30,372,1400814582
30,373,3960028732
30,374,2790932346
30,375,2601412880
30,376,4203083742
30,377,3342934596
30,378,3729651234
30,379,4135784152
30,380,951976774
30,381,425585612
30,382,162652234
30,383,2020134432
30,384,2222163502
30,385,1926456020
30,386,1542940146
30,387,1986473704
30,388,3813058710
30,389,718196572
30,390,4096225050
30,391,796080432
30,392,1100157566
30,393,1690237284
30,394,3003802562
30,395,3877074168
30,396,2170022886
30,397,56371436
30,398,3973065706
30,399,3795577408
30,400,1755307214
30,401,3509593588
30,402,3728224146
30,403,1299063048
30,404,392760630
30,405,2795387004
30,406,1295603386
30,407,2494112080
30,408,755836190
30,409,3580569732
30,410,1026165090
30,411,882733848
30,412,1160334470
30,413,2714058252
30,414,510144394
30,415,2373525088
30,416,4094045038
30,417,281821460
30,418,1635856690
30,419,3207572264
30,420,3934251478
30,421,3566827932
30,422,3587831386
30,423,390209904
30,424,1768828862
30,425,2647109540
30,426,3151423234
30,427,403114296
30,428,2894865702
30,429,2591763244
30,430,4068731690
30,431,2708630144
30,432,1960866318
30,433,1793700916
30,434,683436754
30,435,1130220872
30,436,1520778870
30,437,1398969020
30,438,2043891194
30,439,1095776656
30,440,246428254
30,441,4090924740
30,442,1572535458
30,443,1338390360
30,444,861566406
30,445,1289744460
30,446,1420648138
30,447,2465844896
30,448,4108890286
30,449,1514831700
30,450,911465586
30,451,3878324072
30,452,158534422
30,453,186352604
30,454,2356108698
30,455,4200950192
30,456,1078799614
30,457,3743008228
30,458,3774892610
30,459,1070398840
30,460,1223573094
30,461,4057304428
30,462,1743686250
30,463,1147226816
30,464,3646482254
30,465,3140526708
30,466,3962668562
30,467,1833425288
30,468,3691204534
30,469,1298550012
30,470,1752704314
30,471,2811474384
30,472,3443466142
30,473,1486050564
30,474,860934114
30,475,294476696
30,476,4028727046
30,477,3149791884
30,478,651259402
30,479,628809440
30,480,2196444654
30,481,3948813716
30,482,2881447858
30,483,1843905448
30,484,2599423062
30,485,4117032476
30,486,272082138
30,487,1265439216
30,488,3489663550
30,489,1791310884
30,490,299273602
30,491,3556331960
30,492,1598961574
30,493,4135276460
30,494,56625578
30,495,1402505984
30,496,3990437006
30,497,3927240884
30,498,1978106194
30,499,1992050120
30,500,2454929654
30,501,2277074748
30,502,3447184506
30,503,2785249808
30,504,1317661918
30,505,1370585924
30,506,2839249698
30,507,2609045464
30,508,2689493062
30,509,661615820
30,510,2267307338
30,511,3112980256
30,512,1373461294
30,513,2014780372
30,514,2333332210
30,515,720855016
30,516,835120534
30,517,1384495196
30,518,3515010074
30,519,1424562736
30,520,3663120254
30,521,2597982820
30,522,900313282
30,523,2719745528
30,524,813437158
30,525,763130348
30,526,4079511786
30,527,799550272
30,528,3258020302
30,529,933666548
30,530,187587730
30,531,1665864200
30,532,2892304950
30,533,2372657532
30,534,3575804858
30,535,4079993424
30,536,811637278
30,537,1161888132
30,538,2731218530
30,539,1731642392
30,540,2695967110
30,541,1627670284
30,542,3757452426
30,543,2612928352
30,544,3448733806
30,545,3431299604
30,546,2510364210
30,547,1307139112
30,548,2563223254
30,549,2039341724
30,550,3097547610
30,551,963215984
30,552,3642844350
30,553,3781707940
30,554,734639106
30,555,3485801016
30,556,893897254
30,557,3018388524
30,558,3717703722
30,559,287320960
30,560,506562318
30,561,4227181876
30,562,3914733522
30,563,2391031368
30,564,2433270646
30,565,2173549500
30,566,600304378
30,567,497572496
30,568,3365087070
30,569,2974934980
30,570,4216293794
30,571,1178142808
30,572,2249841350
30,573,3515644236
30,574,328653770
30,575,4037037984
30,576,433161646
30,577,3434690644
30,578,2226604402
30,579,1582151784
30,580,3535949846
30,581,1502440668
30,582,635550362
30,583,4085140144
30,584,4264550910
30,585,3363823332
30,586,3414595394
30,587,3666120312
30,588,511796070
30,589,1053873772
30,590,3774728042
30,591,143690688
30,592,2175368270
30,593,2802981748
30,594,1169077010
30,595,2885143176
30,596,3742258358
30,597,523171324
30,598,3585622586
30,599,2348634832
30,600,619811998
30,601,737422852
30,602,2249776354
30,603,1645849752
30,604,492332038
30,605,2048396172
30,606,2086038282
30,607,3032670176
30,608,309553902
30,609,1958893204
30,610,161895602
30,611,1001682088
30,612,445043030
30,613,2039764764
30,614,4053107162
30,615,1438085872
30,616,861028158
30,617,4063286564
30,618,3828374146
30,619,2548720312
30,620,3573079206
30,621,457447596
30,622,2477442730
30,623,4270410752
30,624,610881934
30,625,3238783412
30,626,1300770386
30,627,3342186184
30,628,1833289206
30,629,3110047804
30,630,2135128442
30,631,2092870416
30,632,189522398
30,633,1664603204
30,634,242683938
30,635,1013493976
30,636,1799146822
30,637,4088856012
30,638,3968129610
30,639,3166031904
30,640,1262825518
30,641,3635467476
30,642,3451797490
30,643,497914088
30,644,3806671510
30,645,4172456284
30,646,1812736282
30,647,178584368
30,648,442006654
30,649,411773796
30,650,1024916930
30,651,898012920
30,652,2038314470
30,653,777173740
30,654,65971690
30,655,3013241920
30,656,4131456718
30,657,3925022708
30,658,640846226
30,659,1137574664
30,660,1249842998
30,661,992971388
30,662,750358714
30,663,108815184
30,664,4185001758
30,665,489478788
30,666,1471816546
30,667,2931168536
30,668,2895582854
30,669,1870221324
30,670,2926717322
30,671,3037274208
30,672,269931886
30,673,613724948
30,674,1917782834
30,675,2479426856
30,676,3601691606
30,677,2381859740
30,678,1570091098
30,679,2497110896
30,680,219322814
30,681,228516260
30,682,2508882178
30,683,954805048
30,684,1692495654
30,685,4111252780
30,686,3088672042
30,687,3226725504
30,688,2667617294
30,689,3654788660
30,690,3976053970
30,691,3713052488
30,692,3179956342
30,693,665773244
30,694,1651148794
30,695,398883728
30,696,624172126
30,697,937640132
30,698,489821858
30,699,3935426904
30,700,1446461382
30,701,3060728396
30,702,2221824202
30,703,575459488
30,704,1689803438
30,705,2625499476
30,706,2426975858
30,707,2241259880
30,708,3635385622
30,709,2289391068
30,710,109189018
30,711,1323117488
30,712,491820798
30,713,3145463780
30,714,2765808706
30,715,2141331320
30,716,670206054
30,717,2223120236
30,718,2927297642
30,719,2504379584
30,720,2121797966
30,721,1623823476
30,722,3074023442
30,723,2806889352
30,724,1161255350
30,725,2582486780
30,726,480665402
30,727,1999434704
30,728,2086799774
30,729,2842363652
30,730,305064418
30,731,2039217560
30,732,351095046
30,733,698881164
30,734,2831771658
30,735,1628496096
30,736,83476462
30,737,2625408916
30,738,3122348466
30,739,849814952
30,740,62625366
30,741,3476668444
30,742,522280666
30,743,1799869424
30,744,350385214
30,745,607284772
30,746,441984898
30,747,1061254072
30,748,2340520358
30,749,2311250348
30,750,1566802858
30,751,2063600896
30,752,2893506190
30,753,1725489844
30,754,2453068626
30,755,223684552
30,756,2555792118
30,757,1157347644
30,758,3485275770
30,759,3275738128
30,760,2764822238
30,761,2144611652
30,762,3791691042
30,763,1026851288
30,764,3448320582
30,765,3258222284
30,766,3453179722
30,767,2783269152
30,768,1688929582
30,769,2560658900
30,770,2012654834
30,771,847888872
30,772,2862708630
30,773,3780479580
30,774,3619915290
30,775,4104576048
30,776,1972908414
30,777,1641170020
30,778,2639416002
30,779,89597944
30,780,2422102758
30,781,1239352300
30,782,3005407978
30,783,2450697536
30,784,4174289870
30,785,3960836340
30,786,2202318482
30,787,3539399688
30,788,2780240950
30,789,1944662908
30,790,1744743866
30,791,1921975376
30,792,4232152094
30,793,3777934212
30,794,804728930
30,795,1864066584
30,796,2631596934
30,797,287594764
30,798,500967050
30,799,4250542432
30,800,2946247278
30,801,486140948
30,802,1267398706
30,803,1959706152
30,804,1479620822
30,805,3587749020
30,806,3635973466
30,807,3448390768
30,808,2034355902
30,809,2792061604
30,810,3440987650
30,811,3077782584
30,812,1868108838
30,813,2716239404
30,814,369697322
30,815,3540888960
30,816,3947737358
30,817,143630132
30,818,2276684242
30,819,331554888
30,820,2485767542
30,821,163974588
30,822,1237001466
30,823,3551173776
30,824,2559775070
30,825,193632708
30,826,2539824034
30,827,2698029656
30,828,3618809030
30,829,1065847628
30,830,993252810
30,831,1275023776
30,832,3382521774
30,833,3449334356
30,834,2921866098
30,835,1090919016
30,836,3476740630
30,837,1540570844
30,838,1112568986
30,839,2961312944
30,840,296700926
30,841,1007554788
30,842,1090335042
30,843,2468720760
30,844,2571218278
30,845,115959916
30,846,1684423018
30,847,243338688
30,848,3284444750
30,849,3965128052
30,850,2496859410
30,851,1128901768
30,852,3263061686
30,853,2174896124
30,854,1363311674
30,855,220370128
30,856,1200651934
30,857,1425530884
30,858,2878535394
30,859,3152301720
30,860,182464006
30,861,242097548
30,862,1076520202
30,863,1315234272
30,864,1316885742
30,865,1720502420
30,866,287190706
30,867,918541992
30,868,177101654
30,869,3126143260
30,870,2900048858
30,871,807286000
30,872,3903891774
30,873,2227832612
30,874,2286810242
30,875,771654840
30,876,3068667558
30,877,2247600812
30,878,4102701226
30,879,3975990784
30,880,2047048590
30,881,3749436340
30,882,2549319762
30,883,756717768
30,884,3347369974
30,885,4002275900
30,886,3538203514
30,887,495381776
30,888,2399783902
30,889,730236484
30,890,4158138914
30,891,31871704
30,892,4214462278
30,893,3605532620
30,894,3205485642
30,895,2568671776
30,896,2450446894
30,897,3152430804
30,898,3720157682
30,899,1301017320
30,900,1023130774
30,901,3496899420
30,902,682156826
30,903,3069099312
30,904,1612047998
30,905,4205796708
30,906,710645698
30,907,1972222200
30,908,2837217254
30,909,3290516716
30,910,2495946730
30,911,4010864192
30,912,3185193166
30,913,1108216308
30,914,1986323346
30,915,4106609928
30,916,1913463094
30,917,4221099132
30,918,2599537338
30,919,3681002832
30,920,2899245342
30,921,356945028
30,922,4286725474
30,923,208058136
30,924,2776424582
30,925,2315608588
30,926,3258196874
30,927,2561745504
30,928,2686418798
30,929,3115656468
30,930,1968497970
30,931,3573182248
30,932,3511877078
30,933,355409308
30,934,1040804442
30,935,2273551728
30,936,2444166078
30,937,802034596
30,938,2792758018
30,939,2942520632
30,940,2293152038
30,941,4269166380
30,942,2338774826
30,943,1833791104
30,944,4145595918
30,945,2350749748
30,946,225910482
30,947,366711112
30,948,3370603126
30,949,3956487868
30,950,3988374010
30,951,4115971472
30,952,2528118366
30,953,2957505220
30,954,1038168226
30,955,3438639960
30,956,1049364934
30,957,2966819916
30,958,3420934858
30,959,2444743328
30,960,1015022766
30,961,1678336852
30,962,825593970
30,963,1956334440
30,964,1784946454
30,965,2544314332
30,966,3981234586
30,967,3161255344
30,968,1330381054
30,969,3459656164
30,970,1944944194
30,971,2031042936
30,972,2792280678
30,973,168210796
30,974,2529132138
30,975,2554482368
30,976,1167014734
30,977,1304069748
30,978,846871058
30,979,1676385672
30,980,182674358
30,981,2588733692
30,982,2274138426
30,983,4057871824
30,984,4202492830
30,985,2996484356
30,986,642057186
30,987,2367856536
30,988,858854150
30,989,1818896012
30,990,3598279178
30,991,2696864480
30,992,3808455150
30,993,3606249876
30,994,1655643058
30,995,738101160
30,996,3808370774
30,997,4276523548
30,998,2932021466
30,999,1211799024
31,0,582803006
31,1,2549588004
31,2,34718082
31,3,3357644216
31,4,2334968742
31,5,1407349676
31,6,3978231210
31,7,2021625600
31,8,2165149838
31,9,787797172
31,10,2998809938
31,11,176556488
31,12,2932954358
31,13,2048265020
31,14,2629455994
31,15,798232080
31,16,1040564446
31,17,3931037508
31,18,603830050
31,19,4001244120
31,20,675019846
31,21,1976670412
31,22,1413108042
31,23,3126219552
31,24,3346050862
31,25,1182924756
31,26,1393657586
31,27,1387537384
31,28,1307836822
31,29,2315082844
31,30,1924939802
31,31,4118584880
31,32,1305582462
31,33,1730311780
31,34,3090343106
31,35,3928639992
31,36,4156073190
31,37,3776550380
31,38,1020615914
31,39,4002754368
31,40,962840014
31,41,4024206068
31,42,1402146962
31,43,2369443336
31,44,1669408310
31,45,2520679804
31,46,3650283450
31,47,3842393680
31,48,2132438558
31,49,1031038340
31,50,2589674082
31,51,3935832088
31,52,4202481030
31,53,505178892
31,54,796532874
31,55,2869830496
31,56,3584087150
31,57,4274413076
31,58,1135399474
31,59,2555125800
31,60,4128424662
31,61,268142236
31,62,2710062938
31,63,1724057200
31,64,3394910398
31,65,767995044
31,66,4120963074
31,67,2226740792
31,68,3840040486
31,69,1320949804
31,70,2888997930
31,71,3004379008
31,72,3059866382
31,73,1753321780
31,74,3527986130
31,75,3348759112
31,76,264427382
31,77,2446745532
31,78,1650876154
31,79,549772944
31,80,2475359070
31,81,2853915588
31,82,3836591522
31,83,3540012120
31,84,3200478918
31,85,1314561356
31,86,3397963722
31,87,393630624
31,88,2975914414
31,89,1674583124
31,90,1842412914
31,91,72776808
31,92,1579901974
31,93,4293988572
31,94,460795546
31,95,379440816
31,96,1244050942
31,97,4126425828
31,98,296471362
31,99,2506019448
31,100,2205808486
31,101,3520723564
31,102,3649485674
31,103,1451855808
31,104,4158115918
31,105,2297692020
31,106,3828311826
31,107,3979579016
31,108,3529926838
31,109,2817366524
31,110,3548689978
31,111,3378501328
31,112,153577630
31,113,1179881988
31,114,1447366882
31,115,1363603608
31,116,3252680710
31,117,2275159948
31,118,4290141962
31,119,2082399200
31,120,3061890798
31,121,4054792852
31,122,47057074
31,123,4133697704
31,124,1091429718
31,125,1626209052
31,126,953742810
31,127,1469904624
31,128,923210558
31,129,3787143460
31,130,1537445506
31,131,1907009208
31,132,1011839142
31,133,931347628
31,134,3676420778
31,135,1099452416
31,136,3046483342
31,137,1497615796
31,138,915858002
31,139,2308405960
31,140,37476854
31,141,2878616636
31,142,1094577530
31,143,2640785168
31,144,633320926
31,145,1076705348
31,146,980501538
31,147,1727788248
31,148,2292343110
31,149,3807453644
31,150,559074890
31,151,764924960
31,152,4174414894
31,153,1014216916
31,154,737407986
31,155,637687016
31,156,2441758358
31,157,3523364188
31,158,3388841242
31,159,1414561584
31,160,2999668862
31,161,724275044
31,162,450376130
31,163,3341605624
31,164,2956118502
31,165,3838303980
31,166,1062443498
31,167,3030347840
31,168,1600871118
31,169,4185979892
31,170,1859075474
31,171,2153105160
31,172,773008182
31,173,131739260
31,174,937559226
31,175,862644048
31,176,3877888798
31,177,3719839364
31,178,3565311842
31,179,1840208152
31,180,3487214214
31,181,292123660
31,182,4188937610
31,183,1483809888
31,184,1142958446
31,185,4029519636
31,186,177389362
31,187,2730742056
31,188,2054195158
31,189,2319314844
31,190,389358682
31,191,256403312
31,192,2537778622
31,193,609568164
31,194,2392438018
31,195,2608164664
31,196,3086222118
31,197,3602374956
31,198,208427306
31,199,3361665152
31,200,489222158
31,201,2713422388
31,202,707295442
31,203,218002248
31,204,482106486
31,205,3218049212
31,206,3149986810
31,207,4193976208
31,208,52686942
31,209,2097456324
31,210,1606961826
31,211,384900440
31,212,2354631622
31,213,1544889932
31,214,3407367370
31,215,20632736
31,216,473935534
31,217,3505182036
31,218,3086641778
31,219,3560418664
31,220,1586538774
31,221,1487993308
31,222,3771698074
31,223,1662300080
31,224,1983867646
31,225,927488996
31,226,3996653634
31,227,1276404600
31,228,1684216934
31,229,2724414316
31,230,3233544298
31,231,1834406080
31,232,3466487118
31,233,2718136436
31,234,4260533266
31,235,3273752456
31,236,3439816118
31,237,1854161660
31,238,1227543354
31,239,933722064
31,240,3884965278
31,241,2485283588
31,242,261299682
31,243,1817264536
31,244,3941391622
31,245,2751740044
31,246,1340169226
31,247,75818208
31,248,3170833390
31,249,3133240212
31,250,1165686194
31,251,2045634984
31,252,3636111958
31,253,2758501404
31,254,1595724506
31,255,38098928
31,256,2576304190
31,257,3860124196
31,258,1761827714
31,259,2392438712
31,260,4266661286
31,261,1960445356
31,262,1385330602
31,263,1813451008
31,264,194755214
31,265,1651033780
31,266,2004717394
31,267,2387536840
31,268,1975803638
31,269,1191730492
31,270,3564079738
31,271,184569872
31,272,3124210398
31,273,2971767108
31,274,254988578
31,275,3479160280
31,276,1348912710
31,277,1648798412
31,278,3126414154
31,279,383735072
31,280,439245102
31,281,2713416148
31,282,3160695026
31,283,2876671464
31,284,3149826966
31,285,1820143196
31,286,1114438170
31,287,2003460144
31,288,50529662
31,289,3402279012
31,290,642481858
31,291,1888840696
31,292,109768422
31,293,321660908
31,294,809490154
31,295,1697624384
31,296,602992590
31,297,1660646644
31,298,471427730
31,299,2987833352
31,300,2244161590
31,301,342611836
31,302,3386843578
31,303,1788184656
31,304,1491818526
31,305,2048006020
31,306,2180473954
31,307,4188842520
31,308,1503039366
31,309,2817293580
31,310,3033537162
31,311,3302630752
31,312,3751640686
31,313,2448085012
31,314,503753778
31,315,3630268968
31,316,309087446
31,317,1207326876
31,318,3004170586
31,319,622053488
31,320,1818927806
31,321,2541346468
31,322,1163952642
31,323,1469546552
31,324,904112166
31,325,3664357932
31,326,1075058218
31,327,3509629312
31,328,527303950
31,329,1003193140
31,330,1763059154
31,331,3389580360
31,332,2748572022
31,333,968798652
31,334,231315706
31,335,620175504
31,336,1501226334
31,337,2902719940
31,338,2201016226
31,339,4240961112
31,340,3679205574
31,341,503689036
31,342,1637206474
31,343,1929729440
31,344,1897694126
31,345,2942275156
31,346,1672599410
31,347,3359563368
31,348,529788438
31,349,1709630172
31,350,1364584602
31,351,1171361968
31,352,1201020926
31,353,372405476
31,354,3717358914
31,355,19919992
31,356,2099921254
31,357,3215101036
31,358,3764335978
31,359,11145664
31,360,3185769038
31,361,2632511860
31,362,3552821522
31,363,3384111240
31,364,2932241078
31,365,2987453436
31,366,4236177466
31,367,3769964752
31,368,162943646
31,369,537347076
31,370,640625378
31,371,1111593624
31,372,3797402118
31,373,94519692
31,374,1526356234
31,375,1576068576
31,376,3933956334
31,377,908700820
31,378,2125849266
31,379,2594085544
31,380,1577414486
31,381,2371800348
31,382,898543578
31,383,3962812656
31,384,3193273662
31,385,688155428
31,386,4264634498
31,387,2196687032
31,388,86948518
31,389,1340526252
31,390,3882955946
31,391,472633856
31,392,1998573454
31,393,1315159988
31,394,3379706962
31,395,4239154376
31,396,3177898998
31,397,275940924
31,398,1783572346
31,399,476016912
31,400,1869455326
31,401,3240880708
31,402,1984060962
31,403,2343147224
31,404,3012111174
31,405,936522700
31,406,3008219210
31,407,2586629664
31,408,529149486
31,409,2052664020
31,410,1482870258
31,411,3339761384
31,412,2156974230
31,413,493754204
31,414,4027209498
31,415,46809392
31,416,2994256510
31,417,3388981604
31,418,2928462786
31,419,1248066808
31,420,784405478
31,421,2957406444
31,422,2744783850
31,423,608563776
31,424,2062845134
31,425,810282484
31,426,2943457170
31,427,108898568
31,428,512832822
31,429,2146664572
31,430,2743746234
31,431,780544336
31,432,1215352094
31,433,2525098116
31,434,1991930210
31,435,4069522200
31,436,3417339014
31,437,631604748
31,438,4108326794
31,439,340338272
31,440,2618872686
31,441,3892185364
31,442,3523778866
31,443,488977192
31,444,1913000406
31,445,220512668
31,446,2300108378
31,447,1277503856
31,448,3184515006
31,449,187987876
31,450,3992276738
31,451,488608056
31,452,2461093158
31,453,2647749420
31,454,3676951338
31,455,4052251264
31,456,2972785166
31,457,984710196
31,458,3809596114
31,459,3803796808
31,460,1493788278
31,461,3282295484
31,462,1820341754
31,463,1169768848
31,464,177199710
31,465,3189331652
31,466,585589922
31,467,3901013848
31,468,3751648710
31,469,3626776652
31,470,570509002
31,471,2429933216
31,472,2750896302
31,473,52971348
31,474,3304539250
31,475,3295416168
31,476,1429549846
31,477,3952266204
31,478,2164934042
31,479,1658089904
31,480,841667838
31,481,380800484
31,482,3015356994
31,483,414287224
31,484,30369382
31,485,1838667116
31,486,3429921386
31,487,881021632
31,488,3114635086
31,489,2107927156
31,490,3114462738
31,491,3840893320
31,492,732133302
31,493,915641596
31,494,25234746
31,495,1753790928
31,496,3818571678
31,497,1845632260
31,498,1847146466
31,499,924312472
31,500,3693127430
31,501,4034284172
31,502,3036763658
31,503,2892162784
31,504,854965742
31,505,1743250836
31,506,41865138
31,507,1014320040
31,508,2230203478
31,509,3754440220
31,510,3492711642
31,511,3110607344
31,512,425308734
31,513,780796964
31,514,4012701058
31,515,2997475768
31,516,2230017958
31,517,212441004
31,518,767422890
31,519,1975948032
31,520,3961644174
31,521,557103284
31,522,2155145554
31,523,3098529224
31,524,2368694518
31,525,3419582268
31,526,383566970
31,527,1971622416
31,528,3110180062
31,529,4098638660
31,530,1134553890
31,531,4292437976
31,532,3859386438
31,533,2811477196
31,534,2687518026
31,535,3682621216
31,536,4242801454
31,537,3394036692
31,538,1408187122
31,539,1557194728
31,540,2483099030
31,541,2832531548
31,542,3872764954
31,543,2591040048
31,544,892104574
31,545,2898975332
31,546,2275154114
31,547,3097005560
31,548,1557477606
31,549,1489388
31,550,761417962
31,551,367145792
31,552,1484134862
31,553,1701996276
31,554,2094515346
31,555,1636473352
31,556,2893888054
31,557,242297212
31,558,3638778810
31,559,591186512
31,560,699679262
31,561,3070740868
31,562,2261483106
31,563,3159968792
31,564,1512593798
31,565,3465842444
31,566,1306399882
31,567,1790846816
31,568,1838295150
31,569,4133962260
31,570,2056816178
31,571,1427039272
31,572,1295898326
31,573,2647206556
31,574,2907683674
31,575,679250544
31,576,4285729982
31,577,59052196
31,578,1549278210
31,579,1343070776
31,580,39645734
31,581,1693400108
31,582,1907200042
31,583,1298543488
31,584,3329371918
31,585,2725082420
31,586,3961225170
31,587,990889544
31,588,4032621430
31,589,561972156
31,590,3957641978
31,591,4285072
31,592,2321731422
31,593,876916676
31,594,317452706
31,595,1042780248
31,596,3444376262
31,597,3465068876
31,598,2690302922
31,599,2125223840
31,600,2832215470
31,601,3494314068
31,602,801812850
31,603,2898215016
31,604,3010754582
31,605,2914301148
31,606,2213323418
31,607,1578980016
31,608,2851965438
31,609,3167266532
31,610,1152450370
31,611,4137227896
31,612,642943846
31,613,4030930540
31,614,418361194
31,615,753046464
31,616,3051758670
31,617,1211491188
31,618,59775762
31,619,4174336648
31,620,4154358966
31,621,3222027772
31,622,1815161402
31,623,1931631312
31,624,3913104542
31,625,34797060
31,626,3142665442
31,627,2933142680
31,628,206015494
31,629,2826982284
31,630,4059452170
31,631,333113312
31,632,2322469614
31,633,1409031828
31,634,617987250
31,635,1131543720
31,636,24443222
31,637,1604820764
31,638,1123838426
31,639,232946416
31,640,513533758
31,641,2057674020
31,642,267829890
31,643,2177559224
31,644,2978350246
31,645,4012007596
31,646,3111693994
31,647,2632406016
31,648,1587673486
31,649,3738939828
31,650,4035286610
31,651,2790866632
31,652,2568089078
31,653,1026086972
31,654,3994575226
31,655,3127882512
31,656,202607070
31,657,3464666180
31,658,1263237154
31,659,2414819544
31,660,468186438
31,661,4119545292
31,662,352371274
31,663,4275689504
31,664,2788939822
31,665,2509675732
31,666,50964466
31,667,1354176744
31,668,2853132950
31,669,3534874972
31,670,986648858
31,671,3797680944
31,672,4280165502
31,673,4146852708
31,674,2239325634
31,675,523443960
31,676,3301400038
31,677,1184695020
31,678,1637387754
31,679,1577350208
31,680,2960502478
31,681,107929588
31,682,3628855698
31,683,2805828360
31,684,3817291574
31,685,2212811388
31,686,2112518330
31,687,3971574608
31,688,1890957086
31,689,1604559492
31,690,2250935138
31,691,3137903896
31,692,956186246
31,693,3870922764
31,694,1405751690
31,695,3963168864
31,696,1208581486
31,697,3240524564
31,698,1807119154
31,699,1679725864
31,700,1477680086
31,701,3185808284
31,702,867473498
31,703,1578756976
31,704,2773762494
31,705,74164644
31,706,1686694146
31,707,1415689016
31,708,3102119718
31,709,1942160684
31,710,2543799594
31,711,147453056
31,712,1395737614
31,713,1996451380
31,714,3627232466
31,715,3071031112
31,716,500068470
31,717,391130300
31,718,2683793402
31,719,4170154896
31,720,1291043934
31,721,2475034820
31,722,658407074
31,723,1638949208
31,724,3629803462
31,725,1159416396
31,726,1889681610
31,727,1619581088
31,728,1940325038
31,729,448510292
31,730,4163640946
31,731,1698197864
31,732,3998334230
31,733,1884069340
31,734,1845297050
31,735,3685495728
31,736,588136190
31,737,2356461540
31,738,1685408834
31,739,4276529016
31,740,515092582
31,741,2342807404
31,742,1507650666
31,743,231199936
31,744,2795813198
31,745,10312820
31,746,93014034
31,747,3914679176
31,748,3333915062
31,749,310044412
31,750,1351567162
31,751,2759982032
31,752,2392699294
31,753,1614401284
31,754,3788984802
31,755,225871256
31,756,2798416134
31,757,1908432012
31,758,2782482442
31,759,3092834528
31,760,3840174062
31,761,4268119956
31,762,968534450
31,763,2475994536
31,764,2274999894
31,765,3506243612
31,766,2717402842
31,767,2376260592
31,768,1109138494
31,769,2438411812
31,770,881758082
31,771,1414659000
31,772,3204360614
31,773,995174828
31,774,513895338
31,775,3045987584
31,776,3265269390
31,777,2337843892
31,778,1839481682
31,779,2846404552
31,780,2501014262
31,781,678756668
31,782,67239546
31,783,2401293328
31,784,3682827998
31,785,3553555780
31,786,1631913250
31,787,2682980824
31,788,2300860998
31,789,1706610380
31,790,2780774218
31,791,674847008
31,792,261205294
31,793,3761657300
31,794,3115455730
31,795,2260945384
31,796,1992007574
31,797,1594151516
31,798,4294340122
31,799,2123228208
31,800,2219694462
31,801,757271652
31,802,2082779842
31,803,3795038200
31,804,2593620710
31,805,3352906732
31,806,3560753898
31,807,548189504
31,808,1995654094
31,809,390158580
31,810,365829778
31,811,3147201544
31,812,2007974966
31,813,2756606844
31,814,2795476410
31,815,788270160
31,816,2440375326
31,817,341146500
31,818,1222088802
31,819,1386081816
31,820,2620531590
31,821,2987696396
31,822,2594442890
31,823,3166316896
31,824,528405102
31,825,1278981140
31,826,4183973938
31,827,777274920
31,828,1183277270
31,829,829684892
31,830,809989466
31,831,2432519280
31,832,594769598
31,833,2447917732
31,834,3666327042
31,835,2384184376
31,836,3930995750
31,837,239914540
31,838,3774810666
31,839,1202959744
31,840,1265522958
31,841,3160893236
31,842,4216904146
31,843,984524872
31,844,2505962870
31,845,1763136956
31,846,2629307642
31,847,3533939856
31,848,3326261598
31,849,1608344004
31,850,870255522
31,851,3072275032
31,852,885378246
31,853,2145637196
31,854,651673034
31,855,1516984736
31,856,4168865710
31,857,3867570772
31,858,1914407794
31,859,3520569960
31,860,3117220374
31,861,4149905116
31,862,1396399258
31,863,2139165872
31,864,291304446
31,865,162978020
31,866,3876034882
31,867,2509912184
31,868,519230822
31,869,2210115692
31,870,590883178
31,871,4214429120
31,872,2145472078
31,873,2866468212
31,874,328496402
31,875,2592158856
31,876,1290700470
31,877,4057960444
31,878,3264963642
31,879,2695339216
31,880,1203512990
31,881,209102852
31,882,3047907042
31,883,3070154392
31,884,3752809990
31,885,2419484044
31,886,1688882442
31,887,3185371616
31,888,911785198
31,889,1797689492
31,890,2502792882
31,891,282943144
31,892,3411837782
31,893,4157108508
31,894,19014618
31,895,3702078704
31,896,4158279998
31,897,4137602852
31,898,821320834
31,899,2386496696
31,900,3780464294
31,901,892727980
31,902,4046989482
31,903,3820672512
31,904,203170702
31,905,715891636
31,906,1271984210
31,907,2795380936
31,908,892401654
31,909,1370958396
31,910,1822006138
31,911,2543318288
31,912,2612098014
31,913,2284932676
31,914,1502384674
31,915,2479676120
31,916,1639890758
31,917,1008490444
31,918,3865820234
31,919,2074008096
31,920,753238574
31,921,2922122964
31,922,3421012466
31,923,3807738600
31,924,2919621782
31,925,298695516
31,926,1246481178
31,927,319145264
31,928,951815806
31,929,3534759268
31,930,1067319234
31,931,1704607992
31,932,306554854
31,933,3352007916
31,934,424609770
31,935,2178610752
31,936,2683230414
31,937,2615792116
31,938,2304658322
31,939,2190830856
31,940,485837110
31,941,867050620
31,942,1728230074
31,943,2382671184
31,944,4294091038
31,945,1495094404
31,946,2731713890
31,947,3877191448
31,948,3083077766
31,949,1957014028
31,950,3060534154
31,951,4270688
31,952,3891406702
31,953,2611408148
31,954,2006732082
31,955,2544891688
31,956,3432588758
31,957,3162138012
31,958,3070775898
31,959,1697033584
31,960,3989875646
31,961,804969380
31,962,2455012098
31,963,1631311160
31,964,3398689062
31,965,2022479660
31,966,3788293930
31,967,774076032
31,968,2737401358
31,969,1990549556
31,970,2844559058
31,971,2851543368
31,972,185301622
31,973,3671359164
31,974,4129729018
31,975,847103376
31,976,1783606878
31,977,491436740
31,978,214800546
31,979,2725512024
31,980,378483142
31,981,3269614668
31,982,1459305162
31,983,2421414560
31,984,726576302
31,985,933702484
31,986,4053334130
31,987,3600601960
31,988,3387311894
31,989,115240924
31,990,1202174362
31,991,3986421168
31,992,3907627262
31,993,3096375780
31,994,2691163714
31,995,515099000
31,996,1527773798
31,997,478738796
31,998,151086698
31,999,421811904
32,0,899408718
32,1,1257131636
32,2,2175509010
32,3,4031980936
32,4,1044614070
32,5,574241020
32,6,3595927866
32,7,194198992
32,8,2291702686
32,9,2328461572
32,10,181234658
32,11,258811800
32,12,3941612294
32,13,1206021772
32,14,3261680138
32,15,1214704352
32,16,1925911022
32,17,2654783892
32,18,2335081394
32,19,2672562088
32,20,2159888470
32,21,2550782492
32,22,1954152666
32,23,2666896880
32,24,3017180734
32,25,779905060
32,26,3643287938
32,27,2475826616
32,28,1284109222
32,29,550550444
32,30,3309102506
32,31,1265473280
32,32,789985422
32,33,3235159220
32,34,3742080338
32,35,2168033736
32,36,762150134
32,37,2096059196
32,38,1004484730
32,39,2010453520
32,40,3231541470
32,41,1873389380
32,42,136453922
32,43,3482627032
32,44,3652658246
32,45,3166036172
32,46,1795569994
32,47,487217952
32,48,4063713070
32,49,58181588
32,50,2376920818
32,51,1229827048
32,52,65939862
32,53,2936841308
32,54,768550938
32,55,1136895536
32,56,2422686590
32,57,1809006180
32,58,2749713602
32,59,224842232
32,60,1607584998
32,61,2322849260
32,62,3301917930
32,63,2777626432
32,64,526937550
32,65,2556971764
32,66,2264692882
32,67,3761921544
32,68,2270776886
32,69,4127444348
32,70,3541290938
32,71,2916306512
32,72,808326686
32,73,2986028420
32,74,1746645602
32,75,3699019800
32,76,3216240006
32,77,1919726348
32,78,992086154
32,79,3670944608
32,80,2506325102
32,81,3009947156
32,82,979647026
32,83,2217846824
32,84,2655578838
32,85,586600092
32,86,3690409818
32,87,2123763312
32,88,2020335806
32,89,1654879396
32,90,1609519106
32,91,834790968
32,92,2377614886
32,93,4135739436
32,94,772310058
32,95,3759748992
32,96,1315078926
32,97,2847496500
32,98,919483346
32,99,3907357256
32,100,852950902
32,101,814196668
32,102,3225634554
32,103,3156076176
32,104,2904204126
32,105,1338905540
32,106,2248811938
32,107,2276381784
32,108,2981533382
32,109,1377232204
32,110,2500638666
32,111,641883040
32,112,2064814
32,113,303948884
32,114,3399771506
32,115,1468531816
32,116,3533540374
32,117,1658345692
32,118,1598166682
32,119,3388790448
32,120,498359806
32,121,486345444
32,122,1687565122
32,123,4264778360
32,124,118169446
32,125,2584494700
32,126,2671289194
32,127,2342229952
32,128,3151263822
32,129,3839346548
32,130,2748370706
32,131,3469416072
32,132,1320587446
32,133,1737155068
32,134,2680004154
32,135,2302992080
32,136,3308458142
32,137,1597135364
32,138,3040704738
32,139,2059499672
32,140,4237238278
32,141,3703863180
32,142,1393968906
32,143,2079779808
32,144,2386257646
32,145,2611544724
32,146,1874686130
32,147,585154728
32,148,1539050838
32,149,1975599900
32,150,268426714
32,151,2022178544
32,152,3926965054
32,153,3169845540
32,154,19527298
32,155,3360370360
32,156,882677926
32,157,1109492908
32,158,783262378
32,159,279336960
32,160,529419662
32,161,1372820916
32,162,2069121618
32,163,494600904
32,164,835191286
32,165,1847426108
32,166,2245186938
32,167,3554162448
32,168,3192348126
32,169,238551108
32,170,1090890786
32,171,3074587864
32,172,621644102
32,173,730163660
32,174,3348018762
32,175,813423648
32,176,1401367598
32,177,3826876628
32,178,1392466930
32,179,2647383272
32,180,745827990
32,181,4206988636
32,182,3196093722
32,183,3032975152
32,184,4283496574
32,185,2089572196
32,186,2096798146
32,187,1033462520
32,188,3074159078
32,189,1406281452
32,190,1790804458
32,191,2949216320
32,192,3915383502
32,193,280806388
32,194,1655219602
32,195,3095744264
32,196,1792758582
32,197,2941220476
32,198,4275236026
32,199,845672272
32,200,2519173918
32,201,2733573764
32,202,1823653730
32,203,2529288472
32,204,3892433542
32,205,4016684044
32,206,3167094154
32,207,1885416544
32,208,466801006
32,209,2541707028
32,210,2512004914
32,211,3621345576
32,212,1872146390
32,213,686372764
32,214,3004435546
32,215,2169204592
32,216,927274430
32,217,2917272996
32,218,391650562
32,219,1672345400
32,220,1740188454
32,221,3425577260
32,222,1504854314
32,223,2174023808
32,224,1092196366
32,225,1503875636
32,226,4145930450
32,227,3682204488
32,228,3233842294
32,229,774951100
32,230,252568570
32,231,327419792
32,232,44275806
32,233,2070375620
32,234,1939124898
32,235,3402605912
32,236,977009606
32,237,1904307788
32,238,1963734218
32,239,1077337248
32,240,1794004654
32,241,2045418836
32,242,1363006066
32,243,949564776
32,244,2280837398
32,245,3477619164
32,246,2919920538
32,247,3097737136
32,248,599593726
32,249,3137414116
32,250,127041602
32,251,2551769976
32,252,1457800294
32,253,1078299500
32,254,2044584042
32,255,1989728448
32,256,109776206
32,257,2090287220
32,258,3456367634
32,259,434702216
32,260,843552182
32,261,2245102332
32,262,852736826
32,263,3183247312
32,264,1904969118
32,265,229716740
32,266,2298185186
32,267,1560005016
32,268,1217135878
32,269,2463924364
32,270,2863744010
32,271,2089610464
32,272,2091498478
32,273,1735080852
32,274,2530893234
32,275,2140893608
32,276,274256470
32,277,1424927772
32,278,3887315674
32,279,224419824
32,280,243855422
32,281,637114916
32,282,2096743298
32,283,2422882232
32,284,3448585638
32,285,3710406060
32,286,3247464362
32,287,1466243328
32,288,3515114126
32,289,3785920180
32,290,1957361490
32,291,1600287688
32,292,4131423990
32,293,3913393468
32,294,1584689786
32,295,1335973904
32,296,145707742
32,297,3889977668
32,298,3627497762
32,299,2933280216
32,300,2009198150
32,301,3431658188
32,302,2416259914
32,303,3656604960
32,304,1154810158
32,305,1410415060
32,306,1876936946
32,307,3295677928
32,308,3684217750
32,309,3102504540
32,310,274719258
32,311,168912944
32,312,4185435518
32,313,2296082532
32,314,2665342658
32,315,1513223160
32,316,1283725030
32,317,1743155180
32,318,2669264618
32,319,3297360192
32,320,4057307086
32,321,149372148
32,322,1885524626
32,323,4017504264
32,324,2071681078
32,325,596713340
32,326,4265609658
32,327,3217199184
32,328,2782855198
32,329,2952322948
32,330,2224540770
32,331,2045719064
32,332,1689106310
32,333,798803212
32,334,3478651530
32,335,3841600864
32,336,1866475118
32,337,1273796628
32,338,3718124594
32,339,1990658600
32,340,4102190294
32,341,2454823068
32,342,1348397402
32,343,289853552
32,344,2656848574
32,345,2511775396
32,346,2358176258
32,347,1526728760
32,348,2358824998
32,349,1032843820
32,350,4173987370
32,351,915847552
32,352,1867427086
32,353,2321763124
32,354,1048284626
32,355,1706323016
32,356,1757940086
32,357,2546989500
32,358,4136009978
32,359,3702532240
32,360,3739913566
32,361,605472196
32,362,2842509218
32,363,3486938712
32,364,3827261638
32,365,1696724812
32,366,2331619786
32,367,36789664
32,368,1606101934
32,369,1930253908
32,370,3647291250
32,371,1573938792
32,372,2649101846
32,373,271461084
32,374,1208012954
32,375,1569757360
32,376,1862518782
32,377,379272420
32,378,1566362946
32,379,1348762744
32,380,2124114278
32,381,1395971180
32,382,753999210
32,383,4263254464
32,384,163553870
32,385,372029812
32,386,1413818642
32,387,3048011912
32,388,2633407158
32,389,1091449852
32,390,2744637498
32,391,1291460816
32,392,27392670
32,393,440798212
32,394,1510445794
32,395,438049432
32,396,48687622
32,397,2922023308
32,398,1564098826
32,399,1848176096
32,400,840306926
32,401,92501140
32,402,1418021554
32,403,2575049384
32,404,1385404246
32,405,4187100444
32,406,261461978
32,407,25084144
32,408,2503943486
32,409,3986240292
32,410,546803842
32,411,1341083832
32,412,1264312998
32,413,904205996
32,414,299834538
32,415,1135204864
32,416,955807630
32,417,1951631284
32,418,521118802
32,419,720364744
32,420,785845238
32,421,2992361020
32,422,3653504890
32,423,2402318608
32,424,332744670
32,425,2157359684
32,426,2713110050
32,427,441458392
32,428,97801030
32,429,3821435852
32,430,1483321418
32,431,1030807072
32,432,3122714158
32,433,1465840340
32,434,944649714
32,435,2704948968
32,436,3311073430
32,437,2911723356
32,438,929906458
32,439,3886106928
32,440,4074660478
32,441,348162404
32,442,3717149634
32,443,3341845752
32,444,1403665382
32,445,179353836
32,446,4125359082
32,447,131070528
32,448,751381710
32,449,2229777908
32,450,69926802
32,451,1762472200
32,452,1832475958
32,453,382257276
32,454,3847956154
32,455,4192416080
32,456,3545527582
32,457,1561901188
32,458,2211109218
32,459,3926033176
32,460,1773640838
32,461,1996869132
32,462,114818954
32,463,1553542752
32,464,2209053550
32,465,3568292116
32,466,1712324914
32,467,1150991144
32,468,3775674838
32,469,590350748
32,470,3352807002
32,471,3532140912
32,472,565280702
32,473,2652979108
32,474,2475931394
32,475,2075662648
32,476,810972454
32,477,2393357100
32,478,2672802602
32,479,589200000
32,480,3439444494
32,481,1073300532
32,482,1625766610
32,483,1804918088
32,484,3740110454
32,485,828711612
32,486,2326601210
32,487,3147975056
32,488,3052372574
32,489,3453755076
32,490,4220767394
32,491,4207101784
32,492,3814770118
32,493,1895333964
32,494,1792356042
32,495,2419187360
32,496,3531997358
32,497,25562964
32,498,3071978610
32,499,2871891816
32,500,3363265302
32,501,3918140380
32,502,1092955546
32,503,1556314544
32,504,1938324734
32,505,3016447460
32,506,972364354
32,507,2333478264
32,508,2989526630
32,509,383393132
32,510,1282562666
32,511,1176853184
32,512,3111270222
32,513,3046650484
32,514,2324977170
32,515,2249648520
32,516,1120116662
32,517,1564531964
32,518,101315898
32,519,3674063312
32,520,3916853150
32,521,150004996
32,522,4234256354
32,523,371354520
32,524,1604308742
32,525,1924043404
32,526,4273028618
32,527,1959456480
32,528,2726323694
32,529,2045881748
32,530,4240324530
32,531,1417860008
32,532,3597425750
32,533,665550364
32,534,2611311834
32,535,4175634928
32,536,4063451710
32,537,2546912292
32,538,3221446018
32,539,1792696760
32,540,3792209830
32,541,2421677996
32,542,3013335466
32,543,4185168640
32,544,1240108174
32,545,232030388
32,546,3464646994
32,547,1680037320
32,548,2408288502
32,549,2372663100
32,550,197241978
32,551,914725392
32,552,1404648670
32,553,1550256964
32,554,1904497442
32,555,1571811288
32,556,54835270
32,557,3040347340
32,558,3032231242
32,559,2129944352
32,560,2808785710
32,561,4060261332
32,562,4891378
32,563,405434344
32,564,2646293910
32,565,2628012124
32,566,1202232346
32,567,4051118640
32,568,1602361214
32,569,2755371620
32,570,219054274
32,571,3902084600
32,572,11428070
32,573,2150695404
32,574,52181226
32,575,2644261696
32,576,2386215374
32,577,2294165236
32,578,1912679570
32,579,155853320
32,580,4095042102
32,581,1291219324
32,582,3357819834
32,583,2227819088
32,584,2458380830
32,585,776900996
32,586,1045161570
32,587,1258017816
32,588,723485062
32,589,161797900
32,590,4148558986
32,591,4215156576
32,592,1293209710
32,593,902367764
32,594,2198859314
32,595,632581160
32,596,3912498902
32,597,2676257436
32,598,763274074
32,599,1762628208
32,600,893695166
32,601,1260509348
32,602,6718466
32,603,701901368
32,604,2264013350
32,605,58033196
32,606,3779295274
32,607,1798060928
32,608,1311954702
32,609,2120564020
32,610,2992695250
32,611,3508227656
32,612,3610317686
32,613,3203419068
32,614,3749821178
32,615,1415211664
32,616,4222777182
32,617,4239882180
32,618,1040734626
32,619,2945849432
32,620,1811950278
32,621,3640985932
32,622,2828970954
32,623,238575520
32,624,3075397038
32,625,693422164
32,626,1046354290
32,627,78694504
32,628,3148259350
32,629,526122204
32,630,2910292634
32,631,1513904816
32,632,2773168638
32,633,378629860
32,634,1901815618
32,635,2888670840
32,636,631485286
32,637,3476383340
32,638,1818335082
32,639,1924438976
32,640,161664078
32,641,1591323508
32,642,3304162066
32,643,1864817288
32,644,3618546870
32,645,2657715708
32,646,1848250938
32,647,197616336
32,648,2634605726
32,649,1571929604
32,650,1141484770
32,651,3037641880
32,652,2461447174
32,653,610835340
32,654,588659466
32,655,3027431392
32,656,3253254894
32,657,3367364244
32,658,3817153714
32,659,2494530728
32,660,1340285270
32,661,2738546460
32,662,2682474970
32,663,2542633712
32,664,2573569854
32,665,2828690724
32,666,792537730
32,667,1160475320
32,668,3314756774
32,669,813738156
32,670,986093226
32,671,2630179840
32,672,4166689166
32,673,2989193652
32,674,3607297618
32,675,4009543368
32,676,3428718070
32,677,1047666748
32,678,141379962
32,679,3919624976
32,680,1012609502
32,681,4283262020
32,682,463462434
32,683,3707093208
32,684,2752716102
32,685,2229243340
32,686,956082762
32,687,3263029280
32,688,11698222
32,689,670852308
32,690,466948082
32,691,222339304
32,692,414810774
32,693,1244737884
32,694,1427241242
32,695,3415411504
32,696,3009662078
32,697,3142368100
32,698,22793666
32,699,576694008
32,700,2274395622
32,701,208095980
32,702,1522693610
32,703,2850978880
32,704,170546894
32,705,409642996
32,706,233134482
32,707,3022852872
32,708,3289343798
32,709,2316966524
32,710,3130745018
32,711,74871632
32,712,1467571998
32,713,2811914884
32,714,2283467618
32,715,14361880
32,716,3706021510
32,717,729407500
32,718,883030410
32,719,3840487520
32,720,3212584302
32,721,1933067028
32,722,2292046642
32,723,4260633896
32,724,3237594070
32,725,3410942876
32,726,2505277530
32,727,2027746160
32,728,1293281726
32,729,548958628
32,730,2802274562
32,731,3378133816
32,732,3295395622
32,733,3757657388
32,734,1386558762
32,735,851442816
32,736,3873565710
32,737,1235695156
32,738,2263389394
32,739,2051522376
32,740,93493366
32,741,74544316
32,742,151279610
32,743,1255705488
32,744,607349854
32,745,883478724
32,746,1154148002
32,747,1380903256
32,748,2986184646
32,749,3779564108
32,750,3629525194
32,751,2688868512
32,752,34974382
32,753,4000940372
32,754,3274671730
32,755,1314519400
32,756,729015574
32,757,1973675484
32,758,2700601242
32,759,4193991600
32,760,2018240254
32,761,3270346724
32,762,3616519234
32,763,397094776
32,764,217372774
32,765,3225857900
32,766,549377130
32,767,2815024320
32,768,3998310734
32,769,368125044
32,770,1465692178
32,771,1423756168
32,772,263694774
32,773,3364368124
32,774,4026019642
32,775,2203517904
32,776,2421774750
32,777,2626197252
32,778,83868130
32,779,1524698520
32,780,3492518150
32,781,123249804
32,782,1583953930
32,783,1361113312
32,784,2219773934
32,785,4124057492
32,786,1557795250
32,787,1040332200
32,788,1928848982
32,789,809521180
32,790,810495706
32,791,2172511216
32,792,4275422270
32,793,2751200804
32,794,1111816066
32,795,1122141112
32,796,704369062
32,797,1516204460
32,798,996103082
32,799,1369185536
32,800,944289422
32,801,1700295348
32,802,2358356818
32,803,2944153544
32,804,2572065526
32,805,2305706300
32,806,3821463162
32,807,1283578896
32,808,1102784222
32,809,3981032772
32,810,1946774818
32,811,4230058456
32,812,473924166
32,813,2528974540
32,814,2032871242
32,815,739074336
32,816,3120059694
32,817,4249624020
32,818,3740105970
32,819,1685901800
32,820,3931490198
32,821,2050234972
32,822,1940477466
32,823,435481648
32,824,1652785534
32,825,3723744356
32,826,2390170306
32,827,3633330168
32,828,475048678
32,829,4082340844
32,830,2429989610
32,831,1355201856
32,832,2492984270
32,833,938287348
32,834,735544978
32,835,1303774216
32,836,2435279926
32,837,2452865916
32,838,3502276026
32,839,485037136
32,840,2519258142
32,841,1291600772
32,842,892862562
32,843,1872786968
32,844,3003730822
32,845,545581324
32,846,1391195786
32,847,1033515360
32,848,3470883438
32,849,2432531476
32,850,3401173042
32,851,2975452712
32,852,475891926
32,853,1787774108
32,854,324427098
32,855,2783990896
32,856,3710197438
32,857,2732919460
32,858,1534467586
32,859,3192147000
32,860,482567206
32,861,1748178476
32,862,2272588330
32,863,2648292736
32,864,2333016334
32,865,2780770100
32,866,847135186
32,867,1260007496
32,868,504503670
32,869,3320356284
32,870,456455418
32,871,1125952656
32,872,2742182238
32,873,4189071812
32,874,3822810018
32,875,1189984856
32,876,3914921158
32,877,3451919180
32,878,2382079434
32,879,1784111520
32,880,2799337390
32,881,1425291860
32,882,2576282482
32,883,1814637160
32,884,3420400150
32,885,2959199964
32,886,799425690
32,887,3758103728
32,888,1619696638
32,889,1021288676
32,890,1083310402
32,891,831438968
32,892,2619604326
32,893,772667500
32,894,4253684074
32,895,157621696
32,896,1534981710
32,897,3739131252
32,898,2513820946
32,899,456703112
32,900,2665393846
32,901,2677856252
32,902,2675199034
32,903,3853296848
32,904,929549982
32,905,1232433156
32,906,323208930
32,907,1805213336
32,908,1274969606
32,909,1602137484
32,910,1152005386
32,911,1859449312
32,912,3719521518
32,913,88103060
32,914,3166502578
32,915,880469672
32,916,4088048470
32,917,2461776156
32,918,1625885658
32,919,1521763568
32,920,2525231422
32,921,234067748
32,922,3441083522
32,923,3355415736
32,924,1128429222
32,925,1374960300
32,926,1231425706
32,927,1006165504
32,928,4256484238
32,929,727411636
32,930,1127110738
32,931,2309073096
32,932,2858229750
32,933,845181500
32,934,2983101306
32,935,53017872
32,936,3621329886
32,937,2858161732
32,938,1321269794
32,939,523461336
32,940,2680809286
32,941,785424332
32,942,155690058
32,943,3751993888
32,944,3342608942
32,945,1978783444
32,946,2643716594
32,947,31392488
32,948,3331329174
32,949,4037870428
32,950,3077485338
32,951,2157759792
32,952,3772855934
32,953,2419125604
32,954,2288019394
32,955,1864812792
32,956,4075737062
32,957,2029378796
32,958,962129898
32,959,3055877696
32,960,562266318
32,961,3947207156
32,962,534229906
32,963,3118789896
32,964,257782070
32,965,692284540
32,966,512989882
32,967,1914811728
32,968,3264629022
32,969,2725518468
32,970,430116194
32,971,4216047384
32,972,3783995526
32,973,751170060
32,974,3861115786
32,975,693187168
32,976,1866780526
32,977,2467869972
32,978,2640557362
32,979,602242856
32,980,2942258646
32,981,1095085468
32,982,3146201690
32,983,2487858544
32,984,1500664766
32,985,1437049764
32,986,4055034626
32,987,1821662520
32,988,3287877926
32,989,3760381740
32,990,330477354
32,991,3497623168
32,992,783947278
32,993,2527930420
32,994,153218770
32,995,663920968
32,996,3568280182
32,997,3344287420
32,998,705925626
32,999,3777416592
33,0,3983496798
33,1,3486352068
33,2,4013555874
33,3,4050815832
33,4,1175607750
33,5,3798901836
33,6,1569661642
33,7,2423251616
33,8,2577224878
33,9,1623520084
33,10,360472690
33,11,1109285736
33,12,1357410070
33,13,2476062684
33,14,1837277594
33,15,2957704624
33,16,3523694846
33,17,141015524
33,18,2153926210
33,19,1574457720
33,20,120660582
33,21,1552630124
33,22,2529381994
33,23,3146145472
33,24,1160285006
33,25,3181516404
33,26,3562867218
33,27,2788863368
33,28,958641078
33,29,3886514428
33,30,2426300730
33,31,3603449296
33,32,104088478
33,33,3900197124
33,34,1121309666
33,35,1261940632
33,36,976184070
33,37,1893381772
33,38,1775841802
33,39,831451872
33,40,3256203758
33,41,4211511700
33,42,1462627250
33,43,1545181096
33,44,2247848022
33,45,2393711132
33,46,1169221850
33,47,3341854192
33,48,3564121662
33,49,1786851364
33,50,2747175298
33,51,948086200
33,52,1164385190
33,53,1530856364
33,54,4175089066
33,55,2145099520
33,56,1017045134
33,57,137651380
33,58,1322845522
33,59,1634539976
33,60,3012142326
33,61,4249393980
33,62,2256806010
33,63,2979405328
33,64,1924468958
33,65,3129241412
33,66,2143717154
33,67,2854958040
33,68,1655852102
33,69,2434410700
33,70,2102534474
33,71,20865824
33,72,478019374
33,73,2515374036
33,74,2882033394
33,75,3378983912
33,76,1634226582
33,77,1906043996
33,78,878841882
33,79,2743774768
33,80,2726095742
33,81,1443104356
33,82,3273110722
33,83,1243830776
33,84,1063974118
33,85,3779995116
33,86,3897109738
33,87,4262018880
33,88,2767001038
33,89,913576692
33,90,1038475410
33,91,3703170568
33,92,4071716406
33,93,323556732
33,94,3088365498
33,95,2820691536
33,96,1354874398
33,97,738325892
33,98,157031010
33,99,131930136
33,100,2624263558
33,101,2487024396
33,102,2185883786
33,103,3423482720
33,104,2493916270
33,105,2106191380
33,106,1419485746
33,107,966209576
33,108,771691222
33,109,326243996
33,110,2716211034
33,111,3890812528
33,112,905808062
33,113,3170909348
33,114,1035843586
33,115,944401976
33,116,3993808422
33,117,2345183276
33,118,2338221098
33,119,4003413888
33,120,3319999246
33,121,544284980
33,122,1590926290
33,123,4088468040
33,124,3714787190
33,125,3434672060
33,126,1235234554
33,127,3371626128
33,128,1982483294
33,129,989912004
33,130,988188066
33,131,3051183192
33,132,4230594246
33,133,1666395468
33,134,3675299786
33,135,915301280
33,136,3462277550
33,137,367766612
33,138,2331495794
33,139,3023670376
33,140,1854911510
33,141,3812597980
33,142,1854733978
33,143,249290416
33,144,1086457342
33,145,2844119780
33,146,1795201858
33,147,8905336
33,148,2182891366
33,149,2411629164
33,150,2154466154
33,151,3794640832
33,152,2672894030
33,153,3057356660
33,154,1727149842
33,155,3655507592
33,156,2458302646
33,157,1688742396
33,158,3614869050
33,159,4205438672
33,160,1891547294
33,161,4254147076
33,162,1739972834
33,163,1572602008
33,164,3468576774
33,165,2137833356
33,166,1643523850
33,167,3176068064
33,168,628494062
33,169,3676490388
33,170,2150422706
33,171,2564704424
33,172,3723113814
33,173,3893660444
33,174,4071015898
33,175,1794311920
33,176,748315454
33,177,1034209572
33,178,2586861186
33,179,4167808696
33,180,1684652198
33,181,3124743340
33,182,3720186538
33,183,1095000064
33,184,3909547406
33,185,4293090740
33,186,59880018
33,187,450792136
33,188,1758734838
33,189,2921776188
33,190,1978121594
33,191,4224270096
33,192,2253325790
33,193,2713897028
33,194,3675919394
33,195,17368280
33,196,2566435142
33,197,26849740
33,198,1766497866
33,199,3034571808
33,200,2914898990
33,201,1631537364
33,202,1569375218
33,203,2668979432
33,204,1860081302
33,205,3238057308
33,206,4270026010
33,207,650022704
33,208,458662014
33,209,3010273124
33,210,312279490
33,211,3448105720
33,212,902109670
33,213,1885105900
33,214,833055210
33,215,1282637888
33,216,315927246
33,217,494439412
33,218,3657567634
33,219,2587154184
33,220,4012079926
33,221,340049532
33,222,2974012602
33,223,1659172688
33,224,3031118622
33,225,1839582852
33,226,3630376802
33,227,4183058712
33,228,396950150
33,229,2599027724
33,230,3143495050
33,231,1238447200
33,232,855996782
33,233,1414604564
33,234,1147244338
33,235,3597590824
33,236,1279055830
33,237,2769584028
33,238,3664966746
33,239,1154381680
33,240,3871784382
33,241,1559156132
33,242,328631554
33,243,2238086968
33,244,3472773926
33,245,2938401068
33,246,2188912938
33,247,474677376
33,248,1149911054
33,249,1191909940
33,250,2274576594
33,251,2473952072
33,252,3963923574
33,253,2584877244
33,254,2379926522
33,255,2660044688
33,256,2980266078
33,257,3209311428
33,258,2598443682
33,259,4163775832
33,260,1067393990
33,261,2490218060
33,262,2592087242
33,263,2159207584
33,264,958201518
33,265,2020107604
33,266,1308703346
33,267,2793061736
33,268,3637836054
33,269,1667205596
33,270,1187339162
33,271,2679291824
33,272,549108478
33,273,2755259364
33,274,3563907138
33,275,2107470712
33,276,1088777318
33,277,195548012
33,278,1316997226
33,279,2707087552
33,280,1576514894
33,281,3433760884
33,282,2710922258
33,283,2586873736
33,284,1594342838
33,285,3667841788
33,286,2281481018
33,287,4115761104
33,288,3943116190
33,289,213908228
33,290,1441000930
33,291,119951768
33,292,1034628358
33,293,3476342924
33,294,3238079498
33,295,907343072
33,296,4225000430
33,297,2845115284
33,298,2344207794
33,299,3469277608
33,300,2943810134
33,301,1660023836
33,302,2076877530
33,303,3925567472
33,304,318937150
33,305,190734884
33,306,2221943682
33,307,1807402936
33,308,3561645478
33,309,3002504620
33,310,2349746090
33,311,2754814208
33,312,4142729870
33,313,375936692
33,314,3042467666
33,315,2583034824
33,316,2117906166
33,317,150662460
33,318,2482592378
33,319,2244108304
33,320,2259090142
33,321,3826721092
33,322,884711714
33,323,2278348248
33,324,1990006342
33,325,3293526732
33,326,1630608202
33,327,512189728
33,328,1861986606
33,329,3689349588
33,330,115028210
33,331,1726584296
33,332,2733824918
33,333,2732310108
33,334,701680154
33,335,2922934320
33,336,3211679102
33,337,745289828
33,338,1257262786
33,339,1565424632
33,340,167591654
33,341,1780529132
33,342,2842928874
33,343,3311649088
33,344,1597652942
33,345,2756904180
33,346,1210858130
33,347,3595945992
33,348,3098771510
33,349,4030097276
33,350,505475514
33,351,1181718608
33,352,1649584158
33,353,3948914564
33,354,1522021474
33,355,867285528
33,356,2269437830
33,357,2228030732
33,358,627042954
33,359,3331994976
33,360,1046662766
33,361,460218388
33,362,3233119282
33,363,3731657256
33,364,3189284054
33,365,3123505308
33,366,2033045850
33,367,1324996720
33,368,3754816190
33,369,3111349924
33,370,1195201026
33,371,3085471800
33,372,2597189670
33,373,2385918508
33,374,2365580842
33,375,2105328000
33,376,2662290702
33,377,242946868
33,378,3613455826
33,379,3940545608
33,380,3040620918
33,381,4083237308
33,382,180578554
33,383,99168400
33,384,333067614
33,385,3769208260
33,386,3811157922
33,387,476380760
33,388,1148356806
33,389,3116253004
33,390,803051978
33,391,2463983008
33,392,3453604782
33,393,2352684628
33,394,2996348786
33,395,4242665064
33,396,1136147990
33,397,3623187164
33,398,170637466
33,399,114270384
33,400,3857805310
33,401,2089026788
33,402,2426877250
33,403,957940856
33,404,2005700966
33,405,340204652
33,406,2500003178
33,407,487465408
33,408,1964788302
33,409,82870644
33,410,3628503314
33,411,3408167048
33,412,1386660534
33,413,227245052
33,414,3056648250
33,415,1790912720
33,416,3909984926
33,417,2584007684
33,418,3781163746
33,419,2876678808
33,420,3136688646
33,421,2754793868
33,422,452602122
33,423,3219191264
33,424,959494382
33,425,1784495252
33,426,3453268658
33,427,3789138600
33,428,2929835862
33,429,3276102940
33,430,4112285658
33,431,3897149680
33,432,4222143806
33,433,1471019812
33,434,914225282
33,435,4134525112
33,436,3372812966
33,437,2304990892
33,438,2546795690
33,439,3433554432
33,440,1515265934
33,441,1338199988
33,442,3089960018
33,443,3266538696
33,444,2814587894
33,445,3519354428
33,446,4105762682
33,447,4085350672
33,448,3887919070
33,449,92371524
33,450,1621831202
33,451,2725684952
33,452,798980934
33,453,490390476
33,454,4177893450
33,455,1647633952
33,456,1412922926
33,457,165984980
33,458,4223245810
33,459,82036456
33,460,2980389014
33,461,3677136732
33,462,3394250522
33,463,3724038448
33,464,46402174
33,465,1157714276
33,466,1074895810
33,467,1568476408
33,468,4027802598
33,469,312148204
33,470,3819824106
33,471,2363097664
33,472,2115884238
33,473,3473112564
33,474,3697567634
33,475,1964816648
33,476,56722742
33,477,1797132412
33,478,313265850
33,479,4139792720
33,480,3451395358
33,481,690978948
33,482,1683702114
33,483,452266776
33,484,524207238
33,485,2514884108
33,486,1414522762
33,487,1718171232
33,488,2864587630
33,489,3605109012
33,490,496462130
33,491,898646824
33,492,932340182
33,493,381374876
33,494,2450959962
33,495,2859153776
33,496,2501060542
33,497,1452148644
33,498,2897354498
33,499,869310776
33,500,2239470886
33,501,1828586284
33,502,1056285482
33,503,909410944
33,504,3360844302
33,505,2059471924
33,506,2721882834
33,507,3723519304
33,508,3964778102
33,509,2628151996
33,510,3562669562
33,511,2735427984
33,512,282012254
33,513,589227716
33,514,3888133282
33,515,2256654168
33,516,1050930630
33,517,390383692
33,518,791221962
33,519,2433607328
33,520,2157226158
33,521,1432606548
33,522,213783666
33,523,2607751016
33,524,1664713494
33,525,83975132
33,526,3435140506
33,527,3895624112
33,528,73803006
33,529,3060014564
33,530,1940881986
33,531,2533004664
33,532,1511110246
33,533,3986449772
33,534,3891544682
33,535,2034721472
33,536,3636387662
33,537,1661729396
33,538,1594211858
33,539,1354658184
33,540,560187318
33,541,3245221116
33,542,1980947770
33,543,4277324240
33,544,3738310558
33,545,694136068
33,546,3727296482
33,547,2930570136
33,548,2057238278
33,549,1114036876
33,550,65086986
33,551,2125657824
33,552,3515551214
33,553,561739156
33,554,2591924146
33,555,3054525352
33,556,2406122582
33,557,3440297500
33,558,1922850010
33,559,165554672
33,560,1519190590
33,561,2794689572
33,562,2220475778
33,563,4236962232
33,564,1990569894
33,565,2173052844
33,566,2499396010
33,567,3735200512
33,568,120796302
33,569,2952022196
33,570,1611643218
33,571,2031541704
33,572,2573711606
33,573,3431284540
33,574,2888209530
33,575,3909526032
33,576,496035038
33,577,2315375428
33,578,854113058
33,579,3037099992
33,580,4160741446
33,581,1348226252
33,582,3301446986
33,583,2749916960
33,584,1366381358
33,585,4013454292
33,586,2418412274
33,587,1560541160
33,588,1324705174
33,589,770936924
33,590,4093346842
33,591,1509831216
33,592,1498922878
33,593,2167171684
33,594,3321948354
33,595,840015352
33,596,470255846
33,597,2915781100
33,598,1951801578
33,599,3335930688
33,600,1669294542
33,601,2710173428
33,602,3937047698
33,603,1518971400
33,604,2200799798
33,605,1224456572
33,606,2732927930
33,607,399956560
33,608,1792774686
33,609,2870303108
33,610,3377221218
33,611,320756760
33,612,328640902
33,613,305471244
33,614,3693995146
33,615,1295923040
33,616,1813477486
33,617,2326450708
33,618,2936493618
33,619,3218732072
33,620,1823090390
33,621,2126494364
33,622,959286106
33,623,4213348976
33,624,2056674494
33,625,3091112100
33,626,401927170
33,627,1562292792
33,628,3272032806
33,629,2407255084
33,630,744054826
33,631,1785873280
33,632,3044245262
33,633,2413626676
33,634,1009143762
33,635,1353111112
33,636,1166359414
33,637,1507955644
33,638,4271809274
33,639,435384976
33,640,478289758
33,641,178929604
33,642,2091172258
33,643,2592383064
33,644,1647530694
33,645,4043395404
33,646,744657866
33,647,2672060320
33,648,1162706350
33,649,3621949524
33,650,2960228722
33,651,1713524840
33,652,3948464150
33,653,2927838428
33,654,2726458010
33,655,3889914544
33,656,4028160510
33,657,3587847908
33,658,1367723842
33,659,4215416440
33,660,477420390
33,661,3685199468
33,662,3679682410
33,663,3657868224
33,664,2095019086
33,665,3942478708
33,666,2312301330
33,667,251552392
33,668,2134822070
33,669,3125202428
33,670,3684891194
33,671,1441557200
33,672,1079282846
33,673,1053853188
33,674,541201634
33,675,1959347352
33,676,2963659782
33,677,3989889932
33,678,263594762
33,679,2525689824
33,680,3101909742
33,681,3538923156
33,682,1169460402
33,683,795675816
33,684,97601878
33,685,1145974556
33,686,139082202
33,687,4072180464
33,688,2746169150
33,689,2081369380
33,690,1107530370
33,691,3792435896
33,692,287331494
33,693,3747541164
33,694,395607722
33,695,4263732224
33,696,4052961678
33,697,989544884
33,698,16803410
33,699,2703249096
33,700,120208886
33,701,3174787132
33,702,3460444538
33,703,173130512
33,704,2619529694
33,705,4120390724
33,706,2138327074
33,707,595347672
33,708,62801222
33,709,2712917452
33,710,1484296778
33,711,128051232
33,712,1521035310
33,713,2413964500
33,714,404781042
33,715,1397369064
33,716,786672278
33,717,1597012316
33,718,3134513434
33,719,3326743344
33,720,925463678
33,721,1693287268
33,722,2965255618
33,723,1057763064
33,724,3252268518
33,725,2142343916
33,726,4016856554
33,727,2539160640
33,728,56557262
33,729,535195636
33,730,3338584466
33,731,1788648200
33,732,3960966966
33,733,1305436796
33,734,3805038778
33,735,1303608144
33,736,2914846494
33,737,4111544964
33,738,1569413986
33,739,2150477080
33,740,2555154054
33,741,1035610124
33,742,1358553482
33,743,2669230176
33,744,1986973038
33,745,986319636
33,746,3372565298
33,747,1632216360
33,748,291498966
33,749,3057263516
33,750,2188535898
33,751,3844078448
33,752,72847806
33,753,1652898212
33,754,1560656130
33,755,2547172152
33,756,2272323366
33,757,967808300
33,758,3911916842
33,759,1043727488
33,760,1511166990
33,761,1372519988
33,762,4179492050
33,763,654526280
33,764,1960231030
33,765,4010982588
33,766,2643542010
33,767,245470096
33,768,2868057182
33,769,457939140
33,770,1977044642
33,771,3161289048
33,772,3810572230
33,773,2331236940
33,774,3146387658
33,775,3783321760
33,776,268718766
33,777,397887828
33,778,4055035506
33,779,1090224488
33,780,2417364246
33,781,2558209500
33,782,2675101594
33,783,2848605104
33,784,487165694
33,785,1592152036
33,786,4264172610
33,787,3387930488
33,788,4072013926
33,789,577304428
33,790,52477034
33,791,1665918144
33,792,1434323278
33,793,2697260148
33,794,2897090578
33,795,3924054920
33,796,540529078
33,797,3155523324
33,798,4209055546
33,799,330042320
33,800,2174026142
33,801,1582784260
33,802,2074616290
33,803,1640732056
33,804,2433401094
33,805,3933269132
33,806,3531153418
33,807,728299744
33,808,3812210670
33,809,2193221524
33,810,595163570
33,811,837795240
33,812,3319139926
33,813,3976435740
33,814,3391493850
33,815,1188621296
33,816,1259301950
33,817,1545651748
33,818,1132158850
33,819,183700408
33,820,3430480294
33,821,3874339244
33,822,3013426090
33,823,1328162048
33,824,225533582
33,825,4107811508
33,826,4009694034
33,827,516931528
33,828,2768945910
33,829,1743229244
33,830,1863044730
33,831,4217562128
33,832,3614625502
33,833,3427042628
33,834,441308450
33,835,1373116888
33,836,2262477382
33,837,1430347468
33,838,1209470794
33,839,2975951136
33,840,1675558190
33,841,4024559060
33,842,3886605554
33,843,3417725416
33,844,91221910
33,845,853762652
33,846,853294618
33,847,3336303664
33,848,272181630
33,849,1950653540
33,850,3561587394
33,851,3899441144
33,852,361353958
33,853,3427654636
33,854,3908082410
33,855,576767296
33,856,1371313102
33,857,1310255348
33,858,3311464082
33,859,2304085000
33,860,4062155830
33,861,1033440124
33,862,3865142714
33,863,1012276304
33,864,173833246
33,865,2334329732
33,866,4112017506
33,867,3324182040
33,868,3781194630
33,869,1551184140
33,870,1186193034
33,871,2147105120
33,872,3183747694
33,873,3946791956
33,874,3213963314
33,875,4259272232
33,876,3652432086
33,877,2167049372
33,878,2179286362
33,879,207838320
33,880,2790704830
33,881,3647066788
33,882,1340376578
33,883,1206703160
33,884,112757798
33,885,2946063916
33,886,157997610
33,887,3581920640
33,888,2855250190
33,889,3298228020
33,890,757311954
33,891,1158002760
33,892,776357238
33,893,540665276
33,894,3308379386
33,895,622179472
33,896,807536990
33,897,3640848836
33,898,2807552930
33,899,1346126424
33,900,4117503174
33,901,689726284
33,902,1889504714
33,903,2076404128
33,904,3568904110
33,905,417464916
33,906,612522866
33,907,268087912
33,908,91312662
33,909,2263422684
33,910,3616615578
33,911,3523159216
33,912,4281877502
33,913,3582486756
33,914,1302096194
33,915,1728268408
33,916,282404198
33,917,98582636
33,918,4082891114
33,919,957818304
33,920,1452973646
33,921,2288149876
33,922,462898450
33,923,3312469128
33,924,3092174518
33,925,2329550844
33,926,3888985146
33,927,3694243024
33,928,378762910
33,929,200554500
33,930,3294375650
33,931,3652445848
33,932,1338877446
33,933,2085025164
33,934,3760856330
33,935,1632434656
33,936,1150160110
33,937,886710420
33,938,2278319794
33,939,2711121576
33,940,2205733718
33,941,2335113500
33,942,3425694682
33,943,2856275184
33,944,3299713342
33,945,3402129188
33,946,1556163714
33,947,3678411960
33,948,3702496934
33,949,3694297772
33,950,4245944490
33,951,4122404352
33,952,1322087310
33,953,3783996340
33,954,2114699346
33,955,3592761544
33,956,654919670
33,957,2424945212
33,958,2726521722
33,959,1614415120
33,960,1132512222
33,961,2449923652
33,962,3614794274
33,963,2753161944
33,964,3042250566
33,965,2936334284
33,966,665029706
33,967,3307661856
33,968,1628623406
33,969,322412244
33,970,1388270066
33,971,2856880872
33,972,2258252950
33,973,1829522268
33,974,1880202010
33,975,4289975600
33,976,1485233790
33,977,858895716
33,978,77778882
33,979,2452836600
33,980,1259861990
33,981,3617596652
33,982,4108507114
33,983,2347697728
33,984,1117268174
33,985,807494132
33,986,970005394
33,987,2595519752
33,988,1229297974
33,989,3696800892
33,990,3248784058
33,991,2277424464
33,992,4105826590
33,993,4048217220
33,994,1676899682
33,995,1224625944
33,996,584210566
33,997,2993043980
33,998,1364974474
33,999,333527648
34,0,907507566
34,1,2685041940
34,2,3869973810
34,3,2040203048
34,4,2040886742
34,5,2744186268
34,6,1267081818
34,7,351059312
34,8,3566468030
34,9,2698275748
34,10,3297858306
34,11,3513574712
34,12,1960718630
34,13,892938028
34,14,555259690
34,15,1414497920
34,16,2580200974
34,17,3962892340
34,18,741824210
34,19,2393778504
34,20,634636918
34,21,2975272636
34,22,2306898426
34,23,22009232
34,24,537853534
34,25,3352316612
34,26,3844499618
34,27,3119584088
34,28,3440738758
34,29,259714124
34,30,3752004298
34,31,2450254496
34,32,2272001198
34,33,3747789652
34,34,2631911538
34,35,3072320360
34,36,4285175574
34,37,1036845020
34,38,1591576986
34,39,75105712
34,40,178583806
34,41,3183509988
34,42,333231682
34,43,914151800
34,44,2865908326
34,45,3389884780
34,46,1074083434
34,47,2137548480
34,48,1949643598
34,49,2782256756
34,50,713978386
34,51,2242000264
34,52,4219722678
34,53,3935619324
34,54,3060224314
34,55,1400720848
34,56,1934617502
34,57,3416723716
34,58,3462282210
34,59,1082275736
34,60,552504070
34,61,3880976012
34,62,3435731466
34,63,1547107040
34,64,3504366062
34,65,3981466004
34,66,3333247922
34,67,1650925480
34,68,4072249430
34,69,3805309468
34,70,577229018
34,71,3236670960
34,72,2223625790
34,73,1275459620
34,74,1641347458
34,75,3069390264
34,76,1975796646
34,77,53300140
34,78,2281223594
34,79,365537024
34,80,2846328974
34,81,85208244
34,82,36072786
34,83,2871042504
34,84,1092996342
34,85,4213302076
34,86,2091452538
34,87,3705087504
34,88,1414314206
34,89,3403626308
34,90,2330652450
34,91,2118237144
34,92,3274536006
34,93,4076761292
34,94,2334001482
34,95,1727163168
34,96,1178904366
34,97,4259534804
34,98,2908995314
34,99,3540040680
34,100,1717729686
34,101,3517658204
34,102,2255812634
34,103,349287984
34,104,2215809918
34,105,632606308
34,106,365567170
34,107,2690638328
34,108,2525240550
34,109,3853020652
34,110,2806191338
34,111,4160964416
34,112,3388063182
34,113,3388988148
34,114,2018461842
34,115,2193190408
34,116,2777259574
34,117,3993918844
34,118,2291507130
34,119,3555548752
34,120,3772081694
34,121,2877865348
34,122,2115797602
34,123,1824497688
34,124,2426551686
34,125,2207073036
34,126,82958474
34,127,2127444832
34,128,3546860654
34,129,1563145748
34,130,2454915634
34,131,3095181352
34,132,2771729110
34,133,3782041244
34,134,4082433882
34,135,2730237552
34,136,51327166
34,137,1021117604
34,138,2399936514
34,139,2555573816
34,140,98686502
34,141,244248620
34,142,3291763754
34,143,3735373696
34,144,484692750
34,145,3433621812
34,146,1247347666
34,147,3892091464
34,148,260001654
34,149,1718237116
34,150,4269610746
34,151,1196422800
34,152,4005163870
34,153,1806934980
34,154,54719906
34,155,1569449048
34,156,2652694214
34,157,2182051148
34,158,2626979786
34,159,1213885344
34,160,471650734
34,161,1866036308
34,162,2932553074
34,163,443225192
34,164,838982678
34,165,2166810844
34,166,1230497434
34,167,3845842608
34,168,3008343550
34,169,2609814244
34,170,619381570
34,171,2623302264
34,172,4105006950
34,173,3002126956
34,174,2099016554
34,175,1514121152
34,176,2723006542
34,177,4246689652
34,178,764649234
34,179,242886280
34,180,2648105142
34,181,2672128508
34,182,2058317370
34,183,495906512
34,184,197812382
34,185,560982532
34,186,1840138466
34,187,4197877912
34,188,946696198
34,189,1872037772
34,190,743839498
34,191,1076296672
34,192,2083567342
34,193,2954662548
34,194,874266802
34,195,1482412200
34,196,3348651350
34,197,3085423388
34,198,3771575770
34,199,786304752
34,200,4272163646
34,201,1675202852
34,202,649512578
34,203,34356920
34,204,3417761958
34,205,2682131628
34,206,3897258666
34,207,3546441728
34,208,301964686
34,209,1668490676
34,210,3478067794
34,211,2176979656
34,212,2808107510
34,213,1806699580
34,214,293381498
34,215,356140816
34,216,2111221214
34,217,4207775812
34,218,145652770
34,219,1146064088
34,220,3831748934
34,221,1697511884
34,222,109479498
34,223,3133402144
34,224,125074478
34,225,3018133716
34,226,1268132850
34,227,702475496
34,228,1489550998
34,229,616570204
34,230,2315670810
34,231,2855638832
34,232,115099774
34,233,3486377828
34,234,3686754754
34,235,1995600632
34,236,734937574
34,237,979810028
34,238,2484163050
34,239,2325579840
34,240,3687404238
34,241,531911668
34,242,3571152274
34,243,627334920
34,244,3136004918
34,245,918161020
34,246,1328856250
34,247,3303145296
34,248,1118755614
34,249,1037866628
34,250,395546466
34,251,2506551576
34,252,1590698630
34,253,334121996
34,254,4118140298
34,255,3837869152
34,256,2310545774
34,257,648212244
34,258,378074930
34,259,2659477800
34,260,274923478
34,261,4273981340
34,262,2370952282
34,263,1506901872
34,264,2781373886
34,265,830184868
34,266,2203380994
34,267,10422072
34,268,3989011238
34,269,2140846380
34,270,2260603178
34,271,2558593152
34,272,662366222
34,273,1777525300
34,274,3683168466
34,275,888212296
34,276,2672350326
34,277,57893052
34,278,942126074
34,279,2601916304
34,280,270723166
34,281,1219296452
34,282,3584918178
34,283,2668410200
34,284,2625784774
34,285,3302620748
34,286,997459146
34,287,3266243744
34,288,2261493422
34,289,3429248340
34,290,2923733618
34,291,500974952
34,292,1362567446
34,293,351719900
34,294,2868921242
34,295,406964144
34,296,1832411902
34,297,4075992036
34,298,1422348354
34,299,4238474104
34,300,577148006
34,301,76159852
34,302,1050783850
34,303,3986483392
34,304,3571735886
34,305,2453590132
34,306,2024197138
34,307,1140332424
34,308,1397220790
34,309,1827412732
34,310,1218808634
34,311,3731263440
34,312,1409471902
34,313,2437858052
34,314,1984714210
34,315,1792072088
34,316,3393869062
34,317,1494028428
34,318,2463175690
34,319,823983328
34,320,981404654
34,321,2168376212
34,322,605629874
34,323,1735819688
34,324,3054838358
34,325,3463789596
34,326,459377370
34,327,2551607280
34,328,2801549374
34,329,2520984100
34,330,2137428866
34,331,546000824
34,332,310873510
34,333,4131708332
34,334,2987143082
34,335,1384196352
34,336,2077602446
34,337,11017908
34,338,965068626
34,339,1040810952
34,340,230217462
34,341,2788439356
34,342,1962820218
34,343,2908973072
34,344,874423006
34,345,2781997380
34,346,616565026
34,347,1514364376
34,348,1291337286
34,349,1234404044
34,350,769459018
34,351,3835391264
34,352,2560774446
34,353,960285140
34,354,2169936114
34,355,2464357864
34,356,298648470
34,357,709559900
34,358,2395320858
34,359,1675589680
34,360,1424227710
34,361,3044868196
34,362,713209538
34,363,2045445112
34,364,1056335590
34,365,433782764
34,366,1330482922
34,367,1740491072
34,368,1813964750
34,369,893308148
34,370,2742395538
34,371,1723158536
34,372,1030465590
34,373,2052829052
34,374,696375738
34,375,4271677520
34,376,2386972702
34,377,742813572
34,378,72916066
34,379,653541912
34,380,3244033926
34,381,2810008844
34,382,3068646026
34,383,1773813088
34,384,1292203630
34,385,7350292
34,386,3343705138
34,387,263330344
34,388,1865336022
34,389,3213373596
34,390,763148634
34,391,3727482992
34,392,817863358
34,393,45102756
34,394,1969994242
34,395,1850808376
34,396,1619206182
34,397,3428614700
34,398,4239773226
34,399,2783103360
34,400,2911894798
34,401,3356678964
34,402,868638162
34,403,1502313544
34,404,2301647222
34,405,1282574780
34,406,1249923322
34,407,2694985872
34,408,4165590366
34,409,3803993540
34,410,811995042
34,411,3799221848
34,412,4232425670
34,413,467306316
34,414,1346470346
34,415,621374880
34,416,3145235374
34,417,4209567316
34,418,4014739314
34,419,2775807592
34,420,285894166
34,421,3174873820
34,422,2547425434
34,423,1099868336
34,424,2891913214
34,425,1206701284
34,426,2003934530
34,427,3142421624
34,428,1744681318
34,429,47801452
34,430,412413290
34,431,1568680384
34,432,4294505038
34,433,1765034356
34,434,1606940946
34,435,169609352
34,436,3486968502
34,437,394839036
34,438,877242426
34,439,973353168
34,440,3220785822
34,441,2672008196
34,442,3157811938
34,443,4132514456
34,444,176503302
34,445,3887798668
34,446,2486833418
34,447,1394146784
34,448,4291518702
34,449,1689715860
34,450,3936623282
34,451,1941385896
34,452,1915742038
34,453,3933775132
34,454,3861080026
34,455,2694107376
34,456,4052907326
34,457,1732428580
34,458,1071931522
34,459,1987076280
34,460,2117481126
34,461,1247913644
34,462,2033904810
34,463,3072715264
34,464,3676948366
34,465,3769833396
34,466,2496296018
34,467,3287741640
34,468,674192374
34,469,1856921148
34,470,3140345722
34,471,1230145808
34,472,3945043934
34,473,1340883524
34,474,3005191714
34,475,605892312
34,476,820683590
34,477,3828288460
34,478,2502000714
34,479,142143008
34,480,3989710382
34,481,2448065236
34,482,2728723954
34,483,4060958440
34,484,1164920982
34,485,2789994332
34,486,2830307098
34,487,3855571248
34,488,3794383486
34,489,1522669924
34,490,3591635906
34,491,222926072
34,492,66882534
34,493,3355789548
34,494,1828178922
34,495,3009677888
34,496,1861385422
34,497,245319156
34,498,941477778
34,499,715931912
34,500,3775507766
34,501,2096322684
34,502,729609914
34,503,622674256
34,504,932955422
34,505,4207298692
34,506,409708898
34,507,2238157592
34,508,3964005510
34,509,2185649676
34,510,3712470922
34,511,834223712
34,512,290507630
34,513,4002636052
34,514,4171157810
34,515,4026911528
34,516,1972931030
34,517,3888552348
34,518,3889534554
34,519,3553509744
34,520,401919934
34,521,880463780
34,522,961578754
34,523,1164519736
34,524,2451621158
34,525,953436972
34,526,3122367274
34,527,717916800
34,528,2736984590
34,529,3943224372
34,530,2802977490
34,531,969665864
34,532,2167791222
34,533,90682044
34,534,1233579514
34,535,4227094928
34,536,456053342
34,537,3185684164
34,538,3882654882
34,539,2344638296
34,540,4050064838
34,541,3406893132
34,542,1862074058
34,543,2473193120
34,544,2921549998
34,545,4274102100
34,546,3319889010
34,547,2502993768
34,548,628861718
34,549,1039705052
34,550,601554330
34,551,86084016
34,552,3838037246
34,553,511501796
34,554,1625942594
34,555,1012866424
34,556,4185054822
34,557,4057902444
34,558,2666932842
34,559,3454626496
34,560,395020110
34,561,2248131188
34,562,922166802
34,563,1155922312
34,564,3347312566
34,565,1662741756
34,566,1369163066
34,567,3563573712
34,568,3282943902
34,569,3478025476
34,570,326266850
34,571,12024728
34,572,756948742
34,573,1604264588
34,574,3297840650
34,575,3390766816
34,576,3222648302
34,577,1585790356
34,578,3686598578
34,579,1629348776
34,580,2951261270
34,581,3488747036
34,582,1427326170
34,583,3965268464
34,584,1382459966
34,585,1524128804
34,586,1009790338
34,587,1740337592
34,588,1120065446
34,589,3761532844
34,590,3520571818
34,591,626043648
34,592,603708558
34,593,127144116
34,594,891101522
34,595,4153042376
34,596,2864963830
34,597,2300479292
34,598,4161502330
34,599,2366089744
34,600,384339166
34,601,2099026756
34,602,2278368034
34,603,98369496
34,604,3292203078
34,605,2030081228
34,606,3495165258
34,607,1247571744
34,608,4210555694
34,609,3253615572
34,610,58815218
34,611,727547880
34,612,2813300118
34,613,1556273244
34,614,3956173850
34,615,3557112368
34,616,581789566
34,617,1134375524
34,618,2993901762
34,619,2500732408
34,620,2933960934
34,621,2296746476
34,622,2165311722
34,623,2442152768
34,624,3628339662
34,625,2950020852
34,626,3872652434
34,627,1430860296
34,628,1506128438
34,629,42008956
34,630,1764103098
34,631,3697533520
34,632,2997828126
34,633,761012612
34,634,667727458
34,635,348185624
34,636,328061318
34,637,3896862476
34,638,4237675658
34,639,1623080800
34,640,3399098478
34,641,4111243796
34,642,4269719090
34,643,595557416
34,644,3617607382
34,645,997917340
34,646,3495719770
34,647,3736445552
34,648,3479700670
34,649,1255893156
34,650,2734904322
34,651,3924245048
34,652,3063704102
34,653,151131180
34,654,1391413290
34,655,1261980544
34,656,4231276302
34,657,3604270388
34,658,2305538002
34,659,3115474504
34,660,995713910
34,661,4065516476
34,662,1228638970
34,663,1359772304
34,664,3973171038
34,665,1578960836
34,666,3468765602
34,667,4277348440
34,668,2951117510
34,669,377329996
34,670,732330954
34,671,835743648
34,672,1389110702
34,673,3689961556
34,674,2248468850
34,675,3507738728
34,676,1116401686
34,677,1529515228
34,678,1661819546
34,679,117074608
34,680,2321973758
34,681,4204986084
34,682,3845142338
34,683,3822497400
34,684,180749158
34,685,362411628
34,686,1707435882
34,687,1658366912
34,688,261889102
34,689,3969989492
34,690,1379160850
34,691,3629509256
34,692,3998151862
34,693,329520636
34,694,3030114874
34,695,1368486608
34,696,3542103198
34,697,2775535108
34,698,1341816034
34,699,3993226392
34,700,1712653318
34,701,79244172
34,702,3084258058
34,703,3122855904
34,704,1868434158
34,705,1923708564
34,706,1264841906
34,707,329946280
34,708,591360342
34,709,1122072348
34,710,2083594714
34,711,526619376
34,712,1031331646
34,713,4110677284
34,714,1212807810
34,715,1483506360
34,716,2486008998
34,717,4223482028
34,718,1340237482
34,719,3238095872
34,720,1246491022
34,721,2034960820
34,722,1853738578
34,723,3166951112
34,724,1232496118
34,725,3112480828
34,726,1066867066
34,727,478333712
34,728,728400350
34,729,2976052292
34,730,1992863778
34,731,1669517528
34,732,988376390
34,733,1275600332
34,734,1937013322
34,735,3460689952
34,736,3021983790
34,737,3444045012
34,738,4159430642
34,739,584298728
34,740,3968717462
34,741,296730972
34,742,1813498138
34,743,3531676464
34,744,2322537598
34,745,4094577508
34,746,2476776898
34,747,1966651128
34,748,1940051430
34,749,2692471532
34,750,529941994
34,751,641895488
34,752,2618533582
34,753,484587508
34,754,60303762
34,755,3398181640
34,756,1537193782
34,757,3473189500
34,758,4135399610
34,759,3362816848
34,760,1937813278
34,761,1208482436
34,762,108774242
34,763,956314904
34,764,1798551174
34,765,494563340
34,766,2832320906
34,767,449396832
34,768,1826714990
34,769,400282388
34,770,753707826
34,771,2384407848
34,772,1229329366
34,773,2124770204
34,774,4212215898
34,775,2732786544
34,776,3407428030
34,777,3385983396
34,778,2256806146
34,779,3217771320
34,780,32902950
34,781,2162548012
34,782,1529939242
34,783,724307072
34,784,2898476046
34,785,2406925876
34,786,785605842
34,787,3175010120
34,788,1805314166
34,789,3610510524
34,790,1570646010
34,791,1139448720
34,792,3778198622
34,793,1198416068
34,794,3127096994
34,795,2685139288
34,796,1807998918
34,797,1109402188
34,798,440269002
34,799,607973536
34,800,2641558190
34,801,2524254548
34,802,2209764978
34,803,1025313128
34,804,473445654
34,805,3637671388
34,806,1768798106
34,807,3944303536
34,808,289879806
34,809,1616844772
34,810,3628368962
34,811,364134264
34,812,3489081446
34,813,2987081580
34,814,16950378
34,815,1078848704
34,816,3693785422
34,817,2702750836
34,818,92241938
34,819,2825640840
34,820,4164417974
34,821,3978477308
34,822,1900674874
34,823,1434522576
34,824,1649453470
34,825,2779129604
34,826,1171294690
34,827,573971864
34,828,3916032262
34,829,453588108
34,830,34146314
34,831,1194393824
34,832,27549678
34,833,2770579348
34,834,2375606706
34,835,1868383656
34,836,2150905430
34,837,122085404
34,838,1870462682
34,839,3719558128
34,840,650712126
34,841,3116731940
34,842,942786434
34,843,2894304184
34,844,2792759718
34,845,3774611884
34,846,2270897066
34,847,2922917120
34,848,1109001870
34,849,970457780
34,850,2498526034
34,851,4154673096
34,852,3091655414
34,853,3286292796
34,854,2781918842
34,855,2613308432
34,856,2628417246
34,857,1891585348
34,858,1410481442
34,859,2702090712
34,860,3371553350
34,861,2705696460
34,862,310572874
34,863,3090510112
34,864,222668078
34,865,3086462420
34,866,3554954482
34,867,3161448936
34,868,3356104598
34,869,2299701852
34,870,1032791578
34,871,2235759664
34,872,2372850046
34,873,4027933796
34,874,1302063810
34,875,298403832
34,876,2252536550
34,877,1388848108
34,878,3700065002
34,879,2507853120
34,880,2925607886
34,881,1506062580
34,882,3798619794
34,883,1853166600
34,884,2593635382
34,885,2793296764
34,886,3884076474
34,887,2369987664
34,888,3994035230
34,889,3469333380
34,890,2289619042
34,891,1445299736
34,892,657955718
34,893,1709537548
34,894,1979434634
34,895,2212118880
34,896,3961965166
34,897,1526795284
34,898,3622344754
34,899,333766184
34,900,2122963158
34,901,1967510684
34,902,2079599962
34,903,3293996144
34,904,2131259070
34,905,895392420
34,906,3084054018
34,907,722820152
34,908,2821567526
34,909,3833570860
34,910,1726005802
34,911,4003843456
34,912,2832224526
34,913,418299700
34,914,3947434450
34,915,678510664
34,916,3321523574
34,917,2013998524
34,918,2595144954
34,919,2022620304
34,920,1817293150
34,921,4258642372
34,922,2119451554
34,923,3540699736
34,924,1493124294
34,925,2448993100
34,926,3468916170
34,927,2393862560
34,928,2182598574
34,929,844089940
34,930,318096242
34,931,3175889512
34,932,1719892502
34,933,2062573276
34,934,1258034330
34,935,1434332336
34,936,3982879742
34,937,3551604964
34,938,237424962
34,939,905433208
34,940,2097565030
34,941,187861100
34,942,78504298
34,943,2320051648
34,944,1899447886
34,945,2808491380
34,946,2765663506
34,947,2569522312
34,948,2571042486
34,949,3013044220
34,950,2611354682
34,951,2218177744
34,952,3846119070
34,953,1408434180
34,954,3371472610
34,955,21917336
34,956,3944533510
34,957,3868147084
34,958,925500682
34,959,2504327648
34,960,1793635566
34,961,4193511572
34,962,4133211826
34,963,1479931560
34,964,2059860822
34,965,3777120540
34,966,1123474394
34,967,3410646256
34,968,2186758462
34,969,756885284
34,970,3756496002
34,971,3355485368
34,972,2912732838
34,973,3555773100
34,974,205643946
34,975,284487168
34,976,4284881806
34,977,1295711156
34,978,4234750034
34,979,2351478984
34,980,2872406006
34,981,1815282236
34,982,1052267386
34,983,2932542736
34,984,3735579614
34,985,1060218436
34,986,4087990818
34,987,578843352
34,988,2724214598
34,989,3166253004
34,990,1098871882
34,991,741012000
34,992,4201216558
34,993,2247976660
34,994,3949640178
34,995,3694269160
34,996,3995360406
34,997,2263585628
34,998,1949598490
34,999,2420825392
35,0,2678883966
35,1,3149036900
35,2,3026532290
35,3,3468679416
35,4,448864230
35,5,3821694188
35,6,1273806826
35,7,54070848
35,8,53268686
35,9,1786587636
35,10,3611984786
35,11,621020424
35,12,3400384822
35,13,1290665084
35,14,1345678010
35,15,3470509392
35,16,2522716446
35,17,1168223364
35,18,2177097058
35,19,3492861720
35,20,2073657478
35,21,92701196
35,22,4162044810
35,23,3220259424
35,24,1013587822
35,25,3262924052
35,26,1400014130
35,27,2563804968
35,28,728473046
35,29,3814473116
35,30,1728383578
35,31,3876570480
35,32,1597350846
35,33,293680036
35,34,183483138
35,35,2412080440
35,36,3712178470
35,37,2010083116
35,38,167673642
35,39,3114634880
35,40,3831195150
35,41,2000468020
35,42,315408082
35,43,3746148680
35,44,4269273718
35,45,2564314812
35,46,342712826
35,47,2465783184
35,48,36611678
35,49,89330372
35,50,4002599074
35,51,4226784088
35,52,2878908870
35,53,1241986124
35,54,3711365834
35,55,2502423200
35,56,4105872558
35,57,3011543892
35,58,2277716082
35,59,899771240
35,60,3580673814
35,61,92555228
35,62,465072538
35,63,3928559024
35,64,2462228734
35,65,3633924580
35,66,1524047426
35,67,2829148536
35,68,1173582438
35,69,1695535468
35,70,80158314
35,71,1690988224
35,72,3267484494
35,73,59352692
35,74,2218777106
35,75,2391391624
35,76,2237924278
35,77,721555708
35,78,1202731322
35,79,2175948240
35,80,3488322462
35,81,878041348
35,82,2909184994
35,83,4014784408
35,84,2670572294
35,85,2873837196
35,86,3946381834
35,87,3361669856
35,88,2670397934
35,89,1964646804
35,90,3651976114
35,91,2989795240
35,92,3338125398
35,93,2490610204
35,94,178174170
35,95,2351347184
35,96,3290660414
35,97,3540697124
35,98,325804418
35,99,249804216
35,100,3718343590
35,101,412849068
35,102,1922473386
35,103,221753088
35,104,1982869646
35,105,3077829812
35,106,4176729426
35,107,1582574024
35,108,3594646774
35,109,1987783484
35,110,508424314
35,111,4187500048
35,112,1701077214
35,113,2696544068
35,114,697259810
35,115,1272464344
35,116,4213742662
35,117,3798120652
35,118,2489971018
35,119,1311142688
35,120,1871400750
35,121,995696596
35,122,2457806578
35,123,1712997352
35,124,316449174
35,125,3476716636
35,126,604495898
35,127,2543369776
35,128,891829118
35,129,3672479332
35,130,2617017538
35,131,270297592
35,132,1696416998
35,133,2541925868
35,134,29162730
35,135,2474463040
35,136,2390123982
35,137,1393271540
35,138,909684882
35,139,3526948360
35,140,2682373686
35,141,2253628796
35,142,1150715834
35,143,825910864
35,144,3764981278
35,145,814712196
35,146,3327978082
35,147,186787864
35,148,2623104390
35,149,1079872268
35,150,3273244810
35,151,4077798240
35,152,1370190958
35,153,1380810260
35,154,4085936690
35,155,14827560
35,156,65757910
35,157,2364057244
35,158,3494111066
35,159,2937005680
35,160,3751860414
35,161,3795438756
35,162,1406830594
35,163,1373339192
35,164,3577151014
35,165,2127902764
35,166,3632938026
35,167,2955628416
35,168,1399094030
35,169,2925572404
35,170,4183714770
35,171,3318227528
35,172,3373496182
35,173,4254826428
35,174,3738828538
35,175,925433488
35,176,382311262
35,177,3789974468
35,178,3743374754
35,179,2126146648
35,180,2542800582
35,181,2924199244
35,182,3650645962
35,183,1537635232
35,184,3915086254
35,185,503790676
35,186,907976050
35,187,2317130856
35,188,485753878
35,189,1015951580
35,190,4020424346
35,191,1293545136
35,192,1969051134
35,193,4078396132
35,194,2455071554
35,195,3518034552
35,196,1589548902
35,197,61020780
35,198,2504940394
35,199,4090605504
35,200,3301601358
35,201,3112378228
35,202,4155836178
35,203,1821486728
35,204,1889994934
35,205,392346108
35,206,2305316410
35,207,4059297488
35,208,2522220702
35,209,3402543620
35,210,3341201634
35,211,1345392792
35,212,966563846
35,213,2906476428
35,214,2989883146
35,215,75432928
35,216,2456510190
35,217,446061204
35,218,2341185714
35,219,1633245352
35,220,415663446
35,221,3845856028
35,222,3665073626
35,223,3293124336
35,224,1613607742
35,225,797858084
35,226,2797416066
35,227,3844916920
35,228,1787039910
35,229,4076625068
35,230,1314478762
35,231,3338694656
35,232,2591573390
35,233,2088955316
35,234,3733750354
35,235,1378196168
35,236,3983309302
35,237,2797163580
35,238,1485933946
35,239,539709200
35,240,2766034398
35,241,425220164
35,242,3384992802
35,243,2165707992
35,244,122618182
35,245,1447182796
35,246,2671930954
35,247,1109914656
35,248,1621828654
35,249,3691698388
35,250,488739826
35,251,1042838760
35,252,3929204374
35,253,637494620
35,254,1627995418
35,255,1059888944
35,256,3252809854
35,257,3517886308
35,258,3630289346
35,259,970914552
35,260,2572642790
35,261,2985361132
35,262,2449160682
35,263,1783074880
35,264,1144912590
35,265,393223156
35,266,1395973522
35,267,1511253768
35,268,3459500854
35,269,380587644
35,270,3634734266
35,271,1482622800
35,272,1077052190
35,273,328425092
35,274,709097314
35,275,1794734360
35,276,3178711686
35,277,1516934156
35,278,1796062602
35,279,1093747808
35,280,535480686
35,281,242530068
35,282,204496690
35,283,807006504
35,284,3154716630
35,285,904597404
35,286,3417359450
35,287,3226765168
35,288,1951010238
35,289,730359204
35,290,1720931586
35,291,3579285304
35,292,3288900390
35,293,1032913196
35,294,1719925034
35,295,4130803840
35,296,3924529166
35,297,3260721716
35,298,4076738770
35,299,3219952456
35,300,3654089846
35,301,1783933116
35,302,234134522
35,303,153034640
35,304,505581662
35,305,395297988
35,306,603581090
35,307,3211476312
35,308,1357214662
35,309,46548556
35,310,1474817226
35,311,103478432
35,312,1408913070
35,313,1977873748
35,314,1913129586
35,315,2663239016
35,316,4044966166
35,317,3826129372
35,318,3669699482
35,319,575721392
35,320,154536702
35,321,2804644836
35,322,2292299842
35,323,354845560
35,324,4217879654
35,325,720135020
35,326,1245943914
35,327,1532948672
35,328,1800471886
35,329,3444742260
35,330,1396192274
35,331,390045576
35,332,252186038
35,333,1018782460
35,334,1959686970
35,335,2029754320
35,336,2893970846
35,337,2606598916
35,338,3929325026
35,339,2281398680
35,340,3999890694
35,341,811948172
35,342,539032586
35,343,1839531232
35,344,950645742
35,345,3999830932
35,346,1610126770
35,347,1235487144
35,348,607341142
35,349,2541257756
35,350,3329782490
35,351,397506544
35,352,3396724798
35,353,3332895268
35,354,1843198850
35,355,2933643192
35,356,2286204326
35,357,2803049900
35,358,864688042
35,359,1649357056
35,360,1614699150
35,361,2691163828
35,362,20131666
35,363,1268583368
35,364,2763325174
35,365,3236789564
35,366,25373306
35,367,3330568208
35,368,286673630
35,369,755806532
35,370,2823057698
35,371,641328600
35,372,4208158278
35,373,1549257420
35,374,4127779658
35,375,741307680
35,376,3251173678
35,377,1813156308
35,378,3746693362
35,379,1214031336
35,380,673655702
35,381,1329221212
35,382,1060674074
35,383,721846320
35,384,3118048638
35,385,604883044
35,386,1033182914
35,387,2953284600
35,388,3949956838
35,389,1997883372
35,390,2426894058
35,391,2878853440
35,392,411275214
35,393,3148518644
35,394,2185169554
35,395,2694109192
35,396,161730614
35,397,3254843260
35,398,543343034
35,399,3897141328
35,400,700053534
35,401,1923954564
35,402,2172191842
35,403,1404488216
35,404,317927302
35,405,2544737548
35,406,2213526154
35,407,3462022496
35,408,2603097710
35,409,4210159636
35,410,4049882162
35,411,175612456
35,412,130346198
35,413,2724427932
35,414,1833673050
35,415,3202345072
35,416,2435924670
35,417,1902968484
35,418,387588610
35,419,2117705784
35,420,3719841830
35,421,4160932396
35,422,1206629930
35,423,2949173632
35,424,2616239374
35,425,3073024820
35,426,1403766226
35,427,2981561416
35,428,3835986294
35,429,2734936508
35,430,3049076986
35,431,2900050064
35,432,2352579934
35,433,709828036
35,434,2434955170
35,435,570560088
35,436,194566342
35,437,2339819340
35,438,3961874890
35,439,3098899872
35,440,680993710
35,441,3205934676
35,442,2407495538
35,443,1468333672
35,444,98340374
35,445,3221488348
35,446,4043409562
35,447,231583920
35,448,3259809790
35,449,2027263204
35,450,297534786
35,451,3607237752
35,452,1341055334
35,453,518761580
35,454,3081164138
35,455,3211932096
35,456,2857736782
35,457,1123553652
35,458,3939066130
35,459,1922273416
35,460,344396470
35,461,1594231804
35,462,501387322
35,463,3133749456
35,464,2254762654
35,465,704799748
35,466,3935357666
35,467,4205556376
35,468,4053033478
35,469,2026070412
35,470,3371825418
35,471,668009952
35,472,2246445294
35,473,4103130260
35,474,2868085426
35,475,1326758568
35,476,2638090070
35,477,1865149724
35,478,3802812378
35,479,710924528
35,480,1996234046
35,481,475499300
35,482,1019922562
35,483,3488671928
35,484,1793284774
35,485,2027941548
35,486,3056129194
35,487,52687360
35,488,3145887630
35,489,656596916
35,490,3035094098
35,491,783973576
35,492,2954593270
35,493,2300028476
35,494,757254010
35,495,2426638608
35,496,504119262
35,497,1607928388
35,498,2568224290
35,499,2672015064
35,500,162908998
35,501,950227916
35,502,750610506
35,503,809301536
35,504,2263141934
35,505,4017113812
35,506,756051442
35,507,1756813032
35,508,2159636630
35,509,250296156
35,510,3533043482
35,511,4280705328
35,512,2433702526
35,513,1443029348
35,514,2677435330
35,515,3600162040
35,516,2405807078
35,517,720343276
35,518,2445390826
35,519,2070811200
35,520,4282852558
35,521,1136332276
35,522,391591826
35,523,2310785288
35,524,103929142
35,525,1279828092
35,526,802021050
35,527,2230995280
35,528,285175070
35,529,3520925828
35,530,2684096866
35,531,693771032
35,532,3503101062
35,533,1009165836
35,534,2713696138
35,535,3196667488
35,536,3076748142
35,537,465905940
35,538,4146477362
35,539,1945850664
35,540,2602480086
35,541,2521948572
35,542,3373563482
35,543,1320241520
35,544,2857793470
35,545,937924516
35,546,963571458
35,547,2961289528
35,548,1447423270
35,549,4062876460
35,550,281113386
35,551,14717568
35,552,1567865358
35,553,2429590580
35,554,1869050578
35,555,2133292360
35,556,2644117110
35,557,1806236348
35,558,3929265658
35,559,3328008592
35,560,3574495838
35,561,2653189828
35,562,4204332194
35,563,176086872
35,564,4222238150
35,565,2354927692
35,566,709945034
35,567,2537944736
35,568,1530001582
35,569,4255082324
35,570,3800360050
35,571,2557620072
35,572,255709974
35,573,2490362844
35,574,1182131610
35,575,3012596144
35,576,346125566
35,577,3960843748
35,578,27546178
35,579,2068030840
35,580,2421425766
35,581,597751148
35,582,1903694442
35,583,1141600960
35,584,1977102158
35,585,510888564
35,586,308842002
35,587,1653440904
35,588,891557814
35,589,1112061180
35,590,2560929082
35,591,1532811728
35,592,2550753182
35,593,4206705924
35,594,2621102050
35,595,205652888
35,596,1998407430
35,597,3394726540
35,598,1086387722
35,599,1459816160
35,600,1847614958
35,601,823068052
35,602,3229380530
35,603,1437297576
35,604,937874518
35,605,810898972
35,606,1124740314
35,607,2689874416
35,608,3653259838
35,609,3030197284
35,610,3884356994
35,611,2892757432
35,612,1180696486
35,613,2892150700
35,614,1781895594
35,615,3447632640
35,616,2688844942
35,617,347330740
35,618,1303021906
35,619,3749572040
35,620,3282045174
35,621,3275214652
35,622,4017120378
35,623,579383824
35,624,1069561054
35,625,901210948
35,626,1882295074
35,627,1345554392
35,628,1744187462
35,629,790944972
35,630,3613386058
35,631,1917876000
35,632,2751374126
35,633,1780745172
35,634,1516034802
35,635,2201421800
35,636,2817111446
35,637,689053788
35,638,790713370
35,639,1603027504
35,640,3145928574
35,641,3951950436
35,642,3529881794
35,643,294301176
35,644,3107576038
35,645,293591532
35,646,692711658
35,647,4257895232
35,648,3968383438
35,649,3013707508
35,650,1719493778
35,651,4186487304
35,652,2011028022
35,653,2038843772
35,654,451345338
35,655,3530615376
35,656,1778573854
35,657,3038964100
35,658,1506614882
35,659,1340304408
35,660,721746310
35,661,2346037004
35,662,1484633226
35,663,901662560
35,664,1755105390
35,665,1961779732
35,666,1903568434
35,667,1352991784
35,668,706115286
35,669,3585493660
35,670,4077607770
35,671,331917936
35,672,867806398
35,673,49819812
35,674,2710682626
35,675,3492790840
35,676,1639027238
35,677,1879596076
35,678,1426403370
35,679,226382720
35,680,578080526
35,681,1397527860
35,682,2586910674
35,683,205383240
35,684,3098381174
35,685,2286166972
35,686,3210244858
35,687,4188373648
35,688,1822519134
35,689,4145008580
35,690,878547362
35,691,3705778264
35,692,1427743430
35,693,1232724300
35,694,2791990218
35,695,3319560096
35,696,3754610094
35,697,897458260
35,698,3206041970
35,699,1166368872
35,700,3242006550
35,701,626119900
35,702,4011344538
35,703,3080286896
35,704,1949575678
35,705,2230044388
35,706,744136514
35,707,1709913720
35,708,4036438886
35,709,2097954412
35,710,196562794
35,711,220902336
35,712,3252208718
35,713,1673855860
35,714,504740626
35,715,3408753288
35,716,618601654
35,717,2860604924
35,718,4178889274
35,719,4273371856
35,720,1433132190
35,721,2442008068
35,722,3543327970
35,723,549344408
35,724,3003395078
35,725,1763799948
35,726,460714762
35,727,523962336
35,728,3847795438
35,729,2816687764
35,730,4103298226
35,731,1097342120
35,732,2821560662
35,733,2666839836
35,734,4221045210
35,735,495885040
35,736,1724024638
35,737,326679844
35,738,1108370050
35,739,2823621304
35,740,1320854694
35,741,2241560748
35,742,3819982506
35,743,3848238080
35,744,42244494
35,745,1830474164
35,746,528168530
35,747,1105682120
35,748,2470612470
35,749,860747836
35,750,1550582138
35,751,540267280
35,752,3929156062
35,753,850246724
35,754,27072546
35,755,2634635480
35,756,1234474310
35,757,2212259276
35,758,2314232394
35,759,376043552
35,760,219576366
35,761,3761093844
35,762,3140962290
35,763,2078095592
35,764,1371011734
35,765,1638861148
35,766,1759162650
35,767,4030210864
35,768,2905916542
35,769,1756304228
35,770,2852324802
35,771,3303358200
35,772,2632711654
35,773,1858478828
35,774,3946851818
35,775,1454150720
35,776,3561508558
35,777,257818612
35,778,3283194258
35,779,3556485896
35,780,312991542
35,781,230290044
35,782,4121827514
35,783,1957530448
35,784,2831439646
35,785,2692661892
35,786,2196515682
35,787,726842648
35,788,1436212870
35,789,3401234444
35,790,1009365386
35,791,1475954784
35,792,2731810158
35,793,174955284
35,794,3025408818
35,795,2222241064
35,796,1756117974
35,797,613462940
35,798,4281350234
35,799,2988837744
35,800,2707087806
35,801,1453246884
35,802,595757314
35,803,1094964024
35,804,872101670
35,805,3046909228
35,806,2830560554
35,807,4188148864
35,808,3740525582
35,809,43945524
35,810,671665362
35,811,1023039304
35,812,3923710070
35,813,3168095420
35,814,1227558906
35,815,3937641360
35,816,3337774174
35,817,3104909508
35,818,309337762
35,819,4247421272
35,820,1273432006
35,821,114059852
35,822,4101103818
35,823,1752758432
35,824,2858525358
35,825,1790105940
35,826,2033827442
35,827,1119785320
35,828,3487194390
35,829,917093852
35,830,4276658074
35,831,3186119600
35,832,1426382590
35,833,3344424932
35,834,1709108290
35,835,4210607992
35,836,2763542630
35,837,1865254764
35,838,442797162
35,839,1053816000
35,840,2186762574
35,841,384597108
35,842,1641080850
35,843,2423481224
35,844,2545426870
35,845,1538262780
35,846,1395844922
35,847,1221991376
35,848,848056734
35,849,1920265988
35,850,1668870626
35,851,2619385240
35,852,3645444358
35,853,2569108620
35,854,3977834506
35,855,2759395552
35,856,3750692846
35,857,1561163668
35,858,2604157362
35,859,4132097448
35,860,2719112790
35,861,2131372060
35,862,542369498
35,863,1175387120
35,864,2449652798
35,865,3169474084
35,866,543698818
35,867,664017848
35,868,3086174630
35,869,1217022380
35,870,3063483306
35,871,1858483456
35,872,3594694286
35,873,878168756
35,874,2119820114
35,875,972476360
35,876,3540194038
35,877,2639929660
35,878,2283118202
35,879,765785104
35,880,2439126750
35,881,3669628228
35,882,559326498
35,883,3922012632
35,884,3801152070
35,885,2060054220
35,886,3631144778
35,887,1082751264
35,888,3056356654
35,889,1435334100
35,890,2745152754
35,891,917072360
35,892,841236374
35,893,2093085276
35,894,2478968346
35,895,1428816944
35,896,3659823486
35,897,1365650532
35,898,4201534146
35,899,1420152824
35,900,1853629158
35,901,2260888556
35,902,1805937386
35,903,2853492032
35,904,2860901326
35,905,1525709044
35,906,2197012114
35,907,4245986312
35,908,2324685878
35,909,3437468540
35,910,3559077306
35,911,263203920
35,912,1094962206
35,913,401644420
35,914,4015601762
35,915,531107352
35,916,2223948678
35,917,1020641548
35,918,3770920586
35,919,1228556640
35,920,1510568558
35,921,3762476052
35,922,331350066
35,923,4083836456
35,924,182452438
35,925,1189158044
35,926,25367898
35,927,3452529776
35,928,1731860158
35,929,3067830948
35,930,2470532610
35,931,1740497976
35,932,19061798
35,933,115732012
35,934,2681645610
35,935,3914061184
35,936,2263939342
35,937,2730919732
35,938,1827568082
35,939,4116498504
35,940,3845035382
35,941,3445388732
35,942,2611719418
35,943,1032307856
35,944,1476483422
35,945,1747485124
35,946,1758505890
35,947,3478737496
35,948,336751814
35,949,139785036
35,950,2825346506
35,951,2736486816
35,952,2935388078
35,953,2705166932
35,954,1693002610
35,955,1948107368
35,956,4011172374
35,957,2356651740
35,958,2313616538
35,959,1786590384
35,960,722703358
35,961,928643300
35,962,2184264002
35,963,2657900664
35,964,3770119526
35,965,1040502892
35,966,830458218
35,967,4244321728
35,968,2874404430
35,969,1005188468
35,970,832181522
35,971,2522829960
35,972,1101997750
35,973,433369084
35,974,3137274938
35,975,3720068304
35,976,2741683870
35,977,561104900
35,978,554499810
35,979,3798529688
35,980,502003206
35,981,2656535948
35,982,1235873034
35,983,180160992
35,984,1354980590
35,985,1418571924
35,986,141244082
35,987,1481866920
35,988,3650429782
35,989,2492829980
35,990,3309159386
35,991,3184876784
35,992,3481334078
35,993,888270628
35,994,1452145794
35,995,2386635960
35,996,3054104230
35,997,959386284
35,998,1995425962
35,999,2377315840
36,0,259965838
36,1,1852490676
36,2,3192295506
36,3,2880192712
36,4,920754166
36,5,3311159868
36,6,2255305594
36,7,4007400720
36,8,2840597470
36,9,2984013380
36,10,2740859426
36,11,2590440152
36,12,1726701382
36,13,1475180492
36,14,1457216586
36,15,347011616
36,16,2470453806
36,17,3460509396
36,18,1737892338
36,19,2543557352
36,20,4247684246
36,21,1045093212
36,22,3285674778
36,23,845276464
36,24,3058839166
36,25,699614564
36,26,2544345026
36,27,617373944
36,28,1642743782
36,29,2641671404
36,30,1047963626
36,31,469964352
36,32,1665235150
36,33,2589520372
36,34,4165200786
36,35,1490259208
36,36,2476075318
36,37,2063811708
36,38,3393606330
36,39,1199099216
36,40,2810265886
36,41,2675471492
36,42,1930708322
36,43,2430820120
36,44,3957368966
36,45,640076300
36,46,3662392202
36,47,763447904
36,48,2185021294
36,49,4201516308
36,50,3820612914
36,51,2173048616
36,52,3299984854
36,53,10978716
36,54,235139674
36,55,179490160
36,56,4183247806
36,57,2813197220
36,58,3301843714
36,59,2812147000
36,60,4247290150
36,61,2816849708
36,62,3462686506
36,63,8099456
36,64,241962510
36,65,935624756
36,66,3168937682
36,67,426064200
36,68,1587288694
36,69,2111413948
36,70,3403303418
36,71,2518803856
36,72,2479771230
36,73,2287327940
36,74,192886946
36,75,3077448536
36,76,3785085382
36,77,2450750540
36,78,1447746250
36,79,2579757728
36,80,3783871662
36,81,3709750100
36,82,3592853618
36,83,3181572968
36,84,3538872086
36,85,3938160604
36,86,2752731546
36,87,1633162672
36,88,1784695038
36,89,1492259300
36,90,1431406146
36,91,3024480632
36,92,3633617510
36,93,764549484
36,94,3842573930
36,95,1806464704
36,96,818840398
36,97,3602738804
36,98,3782296082
36,99,3237037448
36,100,3603180470
36,101,2834258172
36,102,1148789050
36,103,1634164176
36,104,470236062
36,105,579117316
36,106,3756985314
36,107,1469532056
36,108,3035421446
36,109,3166932620
36,110,3307792906
36,111,1980173024
36,112,754299374
36,113,2456021396
36,114,2418811826
36,115,1266823080
36,116,45475926
36,117,2744580636
36,118,4267024602
36,119,685882864
36,120,2470258238
36,121,4287596580
36,122,3095513474
36,123,1079262648
36,124,2097058726
36,125,2609503148
36,126,3098838442
36,127,1713747712
36,128,2721634446
36,129,525581492
36,130,859913554
36,131,2064101832
36,132,1927159030
36,133,1867805500
36,134,1802688634
36,135,131675664
36,136,2784757982
36,137,1007994692
36,138,1538506530
36,139,317639640
36,140,178504774
36,141,1598488780
36,142,2570443082
36,143,3067771680
36,144,2555508526
36,145,1313794004
36,146,1528467186
36,147,2192821224
36,148,1725352342
36,149,1783219292
36,150,219858970
36,151,736085552
36,152,3049120638
36,153,1972788836
36,154,1437527234
36,155,2572743160
36,156,2872470758
36,157,4141678060
36,158,4155958506
36,159,3497482048
36,160,4068150734
36,161,3516361460
36,162,2007111826
36,163,3409477128
36,164,3787058742
36,165,3692621180
36,166,3960958906
36,167,3221712464
36,168,1333573150
36,169,3138801028
36,170,3793572450
36,171,3808735256
36,172,3213921670
36,173,3400389388
36,174,3166808202
36,175,684608352
36,176,258874478
36,177,1559184916
36,178,2017581618
36,179,315082792
36,180,1243712214
36,181,367259292
36,182,951242586
36,183,216149616
36,184,3417473214
36,185,2903938212
36,186,2351493122
36,187,1692665400
36,188,1544300070
36,189,3701178412
36,190,3361743914
36,191,1664178048
36,192,1768235790
36,193,3315104052
36,194,1810093010
36,195,2366876232
36,196,170368886
36,197,2454505404
36,198,3937855226
36,199,2558658192
36,200,3998827358
36,201,2644063172
36,202,3464218018
36,203,426308696
36,204,3900913350
36,205,3892839756
36,206,2451331018
36,207,1886550944
36,208,907682222
36,209,575997012
36,210,552732018
36,211,55452776
36,212,795225110
36,213,360020188
36,214,1634580122
36,215,1182332592
36,216,2263547390
36,217,2954898148
36,218,3007304514
36,219,2693102200
36,220,3226451814
36,221,2178245228
36,222,3372237674
36,223,2934159296
36,224,113711182
36,225,3949389684
36,226,3310776082
36,227,4096341640
36,228,183972022
36,229,3439329788
36,230,60898874
36,231,2010709712
36,232,274837662
36,233,4188895748
36,234,1948195042
36,235,1605081240
36,236,3528179718
36,237,946182028
36,238,4086687498
36,239,173476832
36,240,1747322606
36,241,445653652
36,242,2256212146
36,243,3017203880
36,244,3514084694
36,245,1879991068
36,246,3751509466
36,247,724836080
36,248,1362582334
36,249,2697142564
36,250,440637058
36,251,2714586808
36,252,1087453350
36,253,3013256364
36,254,266814122
36,255,471758848
36,256,2188438926
36,257,1259517364
36,258,826927698
36,259,2349408968
36,260,989372918
36,261,1598200892
36,262,1260811642
36,263,480007952
36,264,4217765342
36,265,4251131972
36,266,509037602
36,267,3076299992
36,268,28977478
36,269,3570829772
36,270,863917642
36,271,1259076640
36,272,3110194222
36,273,3652231380
36,274,3526163442
36,275,3690069224
36,276,589106838
36,277,3300830556
36,278,2206999834
36,279,3852707632
36,280,1281857662
36,281,3104798564
36,282,142883266
36,283,374047480
36,284,2120258022
36,285,3606791916
36,286,728048106
36,287,3950090304
36,288,1278386894
36,289,78373876
36,290,1426998674
36,291,943943432
36,292,687600438
36,293,3022296700
36,294,1301712058
36,295,492572496
36,296,2906008350
36,297,4006225540
36,298,276062050
36,299,2047607064
36,300,866022022
36,301,1852496908
36,302,472229258
36,303,1596017760
36,304,4120736110
36,305,197558036
36,306,626509618
36,307,2335144232
36,308,1328500694
36,309,1251366812
36,310,2509220954
36,311,2019004272
36,312,1380693438
36,313,1259679140
36,314,3176250626
36,315,59774776
36,316,1372441382
36,317,3909568812
36,318,566878506
36,319,896342144
36,320,2346465294
36,321,1346531892
36,322,3455287506
36,323,879237960
36,324,2614174838
36,325,3468030140
36,326,255951866
36,327,3903334288
36,328,3684841566
36,329,737316036
36,330,2244367010
36,331,1498006872
36,332,1556650950
36,333,1311936076
36,334,4024161482
36,335,1260846240
36,336,2695427758
36,337,1960951124
36,338,2571858546
36,339,689919336
36,340,3095097622
36,341,3500499420
36,342,3589673882
36,343,3185563568
36,344,4105417470
36,345,3236185060
36,346,1878794306
36,347,3341486968
36,348,3421037670
36,349,2127473516
36,350,1902477418
36,351,3936417984
36,352,557690190
36,353,2112249972
36,354,826907666
36,355,336013192
36,356,2454205878
36,357,1241950972
36,358,209148730
36,359,3306201040
36,360,4101645726
36,361,720130820
36,362,2979866082
36,363,1587931544
36,364,2852693254
36,365,1430102156
36,366,1760617482
36,367,3953986784
36,368,4132723694
36,369,4044512148
36,370,1062731186
36,371,1968279976
36,372,4191253078
36,373,3187395612
36,374,2098158298
36,375,1758232560
36,376,2104463422
36,377,2626468388
36,378,1339253634
36,379,380395448
36,380,897703334
36,381,3311496620
36,382,277348266
36,383,3550296320
36,384,2754019982
36,385,4121407156
36,386,207656786
36,387,3266352072
36,388,1127294710
36,389,1495713084
36,390,965218938
36,391,3508893712
36,392,495842014
36,393,2043115844
36,394,3209222434
36,395,3954208216
36,396,2150534726
36,397,4238086860
36,398,3115635530
36,399,4114840864
36,400,3933184302
36,401,1952995796
36,402,550332658
36,403,2270572008
36,404,3858846614
36,405,296326748
36,406,992707098
36,407,61704240
36,408,3998174590
36,409,2015268964
36,410,2217182914
36,411,4288943096
36,412,258520806
36,413,2177863660
36,414,1837194986
36,415,2431768896
36,416,1684551630
36,417,932601076
36,418,3834147474
36,419,2213830664
36,420,492566582
36,421,3341172604
36,422,46377402
36,423,58110032
36,424,883793950
36,425,3197370244
36,426,3524881506
36,427,3120124440
36,428,2081052550
36,429,1432216844
36,430,2356650634
36,431,4101655904
36,432,684377710
36,433,183744532
36,434,1056683058
36,435,3468503592
36,436,2279281878
36,437,1656668316
36,438,949651802
36,439,4044550256
36,440,19065534
36,441,95012516
36,442,742951426
36,443,3886164024
36,444,309162022
36,445,287904300
36,446,1856085546
36,447,2603538816
36,448,1775324430
36,449,3686951732
36,450,923872722
36,451,4083321928
36,452,3348670838
36,453,4145355196
36,454,1283072250
36,455,714360976
36,456,3483970910
36,457,3076646340
36,458,90103714
36,459,3675297368
36,460,1919680710
36,461,143857484
36,462,59331018
36,463,1306623392
36,464,355847086
36,465,3636754004
36,466,2469584754
36,467,320243304
36,468,573486614
36,469,3763030748
36,470,363622554
36,471,1804384432
36,472,666527742
36,473,255745252
36,474,1602645314
36,475,2352389240
36,476,794823014
36,477,1753085036
36,478,1916321130
36,479,1122253248
36,480,1949450830
36,481,2453395828
36,482,2034944274
36,483,76224648
36,484,548879030
36,485,3825423356
36,486,1929082938
36,487,3977134288
36,488,1011915422
36,489,977349636
36,490,1818833634
36,491,3095804568
36,492,1881377286
36,493,1464576396
36,494,3107578122
36,495,1040780768
36,496,3414208750
36,497,434803860
36,498,247655090
36,499,1945256616
36,500,801912662
36,501,1365194012
36,502,3937482714
36,503,2242568432
36,504,2347091262
36,505,1995199268
36,506,758198402
36,507,49377464
36,508,2400223910
36,509,350107308
36,510,1318501546
36,511,2963405312
36,512,4217051022
36,513,588425140
36,514,411386962
36,515,50201800
36,516,1065855990
36,517,553709116
36,518,1251454842
36,519,3379861776
36,520,2155079646
36,521,893506116
36,522,310928930
36,523,334118616
36,524,3120624454
36,525,446143436
36,526,3218690122
36,527,3649109536
36,528,528184878
36,529,578163412
36,530,2600195570
36,531,1759534824
36,532,1669568662
36,533,353009500
36,534,1207492378
36,535,704473392
36,536,259326590
36,537,918792548
36,538,2627261378
36,539,3110249720
36,540,2454641638
36,541,995743980
36,542,1376492522
36,543,3841464896
36,544,790351054
36,545,1851184628
36,546,2047909778
36,547,2454409480
36,548,1926888758
36,549,3642615932
36,550,530499258
36,551,374821200
36,552,1508054302
36,553,2926827652
36,554,4211898722
36,555,114074392
36,556,3436461190
36,557,3280399884
36,558,2713165706
36,559,215567968
36,560,2633374574
36,561,1584853268
36,562,422420786
36,563,3245398824
36,564,2820987350
36,565,576530844
36,566,903046746
36,567,454316400
36,568,1278746558
36,569,1624530852
36,570,2903332610
36,571,1964652856
36,572,3521844518
36,573,2566970156
36,574,1122458410
36,575,3094780544
36,576,4148453902
36,577,1813537844
36,578,4215069394
36,579,2919431496
36,580,1098788470
36,581,3479847612
36,582,3059793402
36,583,38168976
36,584,1047405150
36,585,3286712004
36,586,558197922
36,587,45967192
36,588,1567450566
36,589,1529454668
36,590,1629802186
36,591,2627862176
36,592,2277548206
36,593,1375547220
36,594,1655196786
36,595,2771629928
36,596,545258262
36,597,140981212
36,598,881905050
36,599,4085225904
36,600,2482969854
36,601,523138532
36,602,1440660034
36,603,1403530616
36,604,515190374
36,605,2195930476
36,606,1601829482
36,607,3685579456
36,608,4087666510
36,609,744968820
36,610,4049204754
36,611,2847213960
36,612,1782857654
36,613,1593179388
36,614,1261278522
36,615,2480005584
36,616,1541738398
36,617,2880177412
36,618,2021867490
36,619,3511454616
36,620,1486647046
36,621,2190455436
36,622,2020662794
36,623,627773152
36,624,3685418478
36,625,2568539540
36,626,1220270002
36,627,2478371752
36,628,660929622
36,629,3996687900
36,630,1015092442
36,631,634339824
36,632,4036622910
36,633,3017927716
36,634,2254241154
36,635,3399254456
36,636,2172463014
36,637,3859873708
36,638,1578334634
36,639,3610032896
36,640,2081238158
36,641,3612582068
36,642,2847404370
36,643,821130696
36,644,3824955638
36,645,2060523324
36,646,2455063674
36,647,2844375568
36,648,2551700702
36,649,3016895300
36,650,3960861474
36,651,2483687384
36,652,3811661894
36,653,1925784780
36,654,3656109386
36,655,465862432
36,656,1283803950
36,657,3889810388
36,658,2495103730
36,659,1687195624
36,660,1336139158
36,661,2464245852
36,662,3186899994
36,663,4237511216
36,664,601405310
36,665,2029961828
36,666,634921154
36,667,2810656248
36,668,991101158
36,669,1201283564
36,670,1828968682
36,671,193223488
36,672,2689425870
36,673,2901233396
36,674,1772539026
36,675,1195917832
36,676,3715498550
36,677,2919993724
36,678,3089621946
36,679,4194169424
36,680,2429979166
36,681,1114222980
36,682,1598916194
36,683,3297113112
36,684,1509695878
36,685,4242929420
36,686,4024802442
36,687,3426635616
36,688,1176465518
36,689,173025812
36,690,133008946
36,691,1196067880
36,692,1678548694
36,693,1299288732
36,694,2704950106
36,695,2589700720
36,696,2810926270
36,697,3767859364
36,698,329262082
36,699,267930168
36,700,3292969510
36,701,3297682476
36,702,849025066
36,703,2974047104
36,704,674592526
36,705,88366388
36,706,1853261778
36,707,1212771912
36,708,3179393910
36,709,464874428
36,710,1626692346
36,711,331254416
36,712,2616268638
36,713,3582105540
36,714,2910452130
36,715,877672536
36,716,1372375750
36,717,2314611020
36,718,2628668362
36,719,1533575072
36,720,3964237230
36,721,3834374228
36,722,1537980786
36,723,3279349864
36,724,1735344150
36,725,217652444
36,726,1185098394
36,727,4189616816
36,728,2910966270
36,729,1957990116
36,730,654640962
36,731,2172632696
36,732,3454554982
36,733,301893228
36,734,3442030442
36,735,3640441792
36,736,2476043342
36,737,1349045108
36,738,3984007954
36,739,3884251784
36,740,586106038
36,741,2128520700
36,742,2836247098
36,743,1566278352
36,744,3342304414
36,745,53272068
36,746,2850770146
36,747,217635992
36,748,2540917766
36,749,453622668
36,750,982899466
36,751,3318943712
36,752,450058990
36,753,1922893460
36,754,1094894770
36,755,3097863336
36,756,2493235542
36,757,1485309724
36,758,2256466394
36,759,3979977456
36,760,529280830
36,761,3614278948
36,762,794217090
36,763,3517813432
36,764,1086835878
36,765,2096744620
36,766,3539875498
36,767,1799191552
36,768,440222094
36,769,376084916
36,770,335060562
36,771,814409416
36,772,3834557942
36,773,714555452
36,774,616622458
36,775,358931216
36,776,3631862238
36,777,2037941316
36,778,535920674
36,779,3490701528
36,780,801094982
36,781,1227926988
36,782,2615953994
36,783,3759013920
36,784,1703747630
36,785,3365110996
36,786,1644343282
36,787,1583792360
36,788,1583489686
36,789,1328435548
36,790,2971506970
36,791,527379248
36,792,2675600510
36,793,3268402020
36,794,4091899330
36,795,772916984
36,796,1035281894
36,797,3935333100
36,798,1382684138
36,799,680959040
36,800,2885482190
36,801,4149856244
36,802,122354066
36,803,2263560968
36,804,288360246
36,805,166673020
36,806,3764322490
36,807,1382716240
36,808,1300758302
36,809,4269116036
36,810,3537671010
36,811,1462060312
36,812,1468139142
36,813,1165688844
36,814,184654218
36,815,1453936736
36,816,407291246
36,817,310338324
36,818,1597733682
36,819,1145716008
36,820,1871864790
36,821,2818309020
36,822,2395938906
36,823,317264752
36,824,2266794430
36,825,149655972
36,826,872476930
36,827,473717560
36,828,494952230
36,829,3620891948
36,830,3518813482
36,831,2845318272
36,832,4037315598
36,833,2873513524
36,834,3837670610
36,835,2788548424
36,836,4020451446
36,837,2683737276
36,838,1614280698
36,839,50113424
36,840,1546783838
36,841,1882452164
36,842,2113701538
36,843,3553167704
36,844,2206871494
36,845,3640177228
36,846,1243990218
36,847,2922709152
36,848,919620270
36,849,2490409300
36,850,3527222898
36,851,1373641064
36,852,2868675862
36,853,2986411484
36,854,1608746906
36,855,574053296
36,856,3896674046
36,857,2479925220
36,858,2801357890
36,859,2042449784
36,860,1895397478
36,861,1506791276
36,862,1330017386
36,863,1590820032
36,864,1208222030
36,865,37766260
36,866,3248640018
36,867,2717576072
36,868,4273490358
36,869,129847036
36,870,2694565690
36,871,3987416016
36,872,4064803230
36,873,3301160708
36,874,3567344098
36,875,3482004888
36,876,1621637382
36,877,1689896076
36,878,2477316106
36,879,1128337632
36,880,2096738286
36,881,2859941780
36,882,1280815538
36,883,3333969320
36,884,728794710
36,885,1414361116
36,886,3702181594
36,887,2146042864
36,888,2361156670
36,889,1703878180
36,890,4229863298
36,891,2082775992
36,892,15757734
36,893,496538028
36,894,1096217514
36,895,2429828352
36,896,3387643534
36,897,3830944436
36,898,2873576274
36,899,3855243208
36,900,4114561782
36,901,4099107132
36,902,366642810
36,903,2969959440
36,904,3046754014
36,905,171236676
36,906,2182810914
36,907,737915352
36,908,3551273542
36,909,3788388044
36,910,2581251914
36,911,1247641888
36,912,1586689326
36,913,3366141396
36,914,1457200370
36,915,979562984
36,916,1136551830
36,917,233912924
36,918,896857626
36,919,915475504
36,920,4133101950
36,921,2553738340
36,922,3670063810
36,923,2969720824
36,924,3459599078
36,925,1748808684
36,926,2520666858
36,927,1613684032
36,928,1177193422
36,929,1369194740
36,930,2801608338
36,931,892609544
36,932,3255307318
36,933,2965955452
36,934,2890145210
36,935,3281859664
36,936,66548766
36,937,1721197444
36,938,700031074
36,939,581604888
36,940,4184206214
36,941,3779463436
36,942,2265683594
36,943,3491385696
36,944,124525166
36,945,2063899668
36,946,1930913842
36,947,2624581160
36,948,2125867222
36,949,4126958748
36,950,311557466
36,951,683439216
36,952,1592508094
36,953,1574447780
36,954,3794779650
36,955,4259736632
36,956,295175206
36,957,382481964
36,958,3024917034
36,959,3312573824
36,960,1150394638
36,961,1646153524
36,962,2987647442
36,963,2882031688
36,964,2346892662
36,965,539868604
36,966,3358102778
36,967,1946209424
36,968,4080075102
36,969,402344388
36,970,1724715938
36,971,1160239704
36,972,648385734
36,973,2352036684
36,974,4253763018
36,975,3104276896
36,976,1532305326
36,977,1705728596
36,978,442274674
36,979,879708776
36,980,2670184982
36,981,3145658076
36,982,2488394906
36,983,284966064
36,984,3091282942
36,985,8569060
36,986,2847646018
36,987,2690703480
36,988,1005100390
36,989,2656508012
36,990,2043785578
36,991,2435661248
36,992,82875982
36,993,1173208436
36,994,3252387090
36,995,3172392072
36,996,2980007606
36,997,3180460028
36,998,1171778618
36,999,3904947408
37,0,1360424606
37,1,1953533956
37,2,3433391842
37,3,2097381016
37,4,3896188422
37,5,2745159052
37,6,397006090
37,7,3249869280
37,8,4129162478
37,9,1151826068
37,10,3187318450
37,11,2716927656
37,12,2682473302
37,13,2777209116
37,14,1392815066
37,15,2178966768
37,16,2888472894
37,17,3796285220
37,18,3233047682
37,19,771863736
37,20,4126611110
37,21,200104620
37,22,1025355946
37,23,1810955776
37,24,2132241294
37,25,1159367604
37,26,3282303058
37,27,883935432
37,28,3389898742
37,29,2617610812
37,30,2040669050
37,31,544021776
37,32,2742533086
37,33,3926341188
37,34,3868367394
37,35,198017752
37,36,49710918
37,37,2158084044
37,38,1740063818
37,39,2125660704
37,40,731302446
37,41,3960010452
37,42,3342961138
37,43,3699712744
37,44,3015224470
37,45,2469012316
37,46,1593463578
37,47,3858296112
37,48,2625099390
37,49,2100563300
37,50,2926184386
37,51,2488854776
37,52,546533350
37,53,77528300
37,54,3430977514
37,55,3595378240
37,56,1658200270
37,57,3216292340
37,58,2629653394
37,59,908268808
37,60,2751336758
37,61,1721273468
37,62,802634426
37,63,4053128528
37,64,673507614
37,65,4274994308
37,66,937733474
37,67,2333468440
37,68,1940377734
37,69,340201996
37,70,4160983946
37,71,1553027680
37,72,126840686
37,73,1205851412
37,74,2541835570
37,75,867933992
37,76,1165487574
37,77,4218604956
37,78,1082317402
37,79,2144720240
37,80,2734224318
37,81,1666892708
37,82,4063005442
37,83,418807096
37,84,3566053670
37,85,3313237804
37,86,1850363690
37,87,684826240
37,88,402437646
37,89,768362548
37,90,712478418
37,91,1023459656
37,92,1178616438
37,93,1616570044
37,94,2898735610
37,95,181071248
37,96,3572364894
37,97,1356374724
37,98,1005297826
37,99,3966544728
37,100,1864300998
37,101,3886007372
37,102,1256112842
37,103,2682258080
37,104,1305998510
37,105,1547440980
37,106,2282356850
37,107,1327790952
37,108,4159770390
37,109,3983726556
37,110,4159586714
37,111,1778851248
37,112,2440950014
37,113,1053481444
37,114,55307842
37,115,1500148088
37,116,1656078950
37,117,596926828
37,118,3771395690
37,119,2483977920
37,120,3193645902
37,121,527513204
37,122,1109568018
37,123,483970440
37,124,4020523958
37,125,1683792124
37,126,2898397498
37,127,4070335952
37,128,1470292894
37,129,2519951620
37,130,1710715874
37,131,2036453272
37,132,1647051526
37,133,465294988
37,134,1519964682
37,135,1697583840
37,136,2051037678
37,137,1160622484
37,138,3928722354
37,139,776976296
37,140,2784235606
37,141,272253468
37,142,4253845722
37,143,2535245296
37,144,4057386558
37,145,3516157988
37,146,1360540034
37,147,1262798264
37,148,1406909350
37,149,2348295084
37,150,1515351466
37,151,546553600
37,152,767656078
37,153,1018397876
37,154,2970527058
37,155,20658632
37,156,385500406
37,157,3853368124
37,158,1679278202
37,159,127548944
37,160,370389214
37,161,2632945476
37,162,559425314
37,163,3548730328
37,164,4053724230
37,165,1772832972
37,166,2575417674
37,167,2702082848
37,168,3231227694
37,169,918859732
37,170,120977138
37,171,684545000
37,172,1649471894
37,173,2732133468
37,174,1101901850
37,175,3517369904
37,176,97749886
37,177,4123469412
37,178,1122063554
37,179,1008040440
37,180,1758434534
37,181,62342636
37,182,2301676778
37,183,2935054144
37,184,4127176142
37,185,1168323316
37,186,1015775378
37,187,1840776712
37,188,1796347446
37,189,4015928700
37,190,2132301754
37,191,2153018960
37,192,772824606
37,193,1260197252
37,194,3512580706
37,195,4100405272
37,196,4199003526
37,197,578689804
37,198,4058615946
37,199,537809760
37,200,212911214
37,201,2098269716
37,202,544817714
37,203,3995947048
37,204,2010624726
37,205,2086614684
37,206,748795738
37,207,3157603952
37,208,3343132862
37,209,2641583268
37,210,938956802
37,211,3513552440
37,212,2590068262
37,213,669108268
37,214,2478181418
37,215,4155989888
37,216,1592118030
37,217,307249460
37,218,2716416978
37,219,1038037576
37,220,3535521654
37,221,612241340
37,222,571723514
37,223,1801129616
37,224,1969810270
37,225,2664168388
37,226,3512216994
37,227,764902488
37,228,2432065222
37,229,793005388
37,230,3324002250
37,231,2260632480
37,232,39373230
37,233,2082655316
37,234,1866820978
37,235,2248125544
37,236,1767396374
37,237,199016668
37,238,2662899354
37,239,3512204976
37,240,3891832318
37,241,3534287588
37,242,2276080450
37,243,148505208
37,244,425781094
37,245,763865708
37,246,405941098
37,247,2339749824
37,248,1749270606
37,249,2462756724
37,250,2524436242
37,251,2772483720
37,252,1825003702
37,253,3223144956
37,254,3914999354
37,255,2940077776
37,256,2045597854
37,257,2920038916
37,258,1956085986
37,259,681975960
37,260,41609222
37,261,286121868
37,262,4034252554
37,263,1370428384
37,264,4250971886
37,265,2953439892
37,266,619346098
37,267,1339320488
37,268,4053980502
37,269,1482795804
37,270,4030883290
37,271,1671374576
37,272,3519087422
37,273,3078088996
37,274,2169110146
37,275,938333880
37,276,1319002278
37,277,3786992812
37,278,754264746
37,279,3535568896
37,280,3387528590
37,281,3475144116
37,282,3347534418
37,283,795650760
37,284,2416232950
37,285,2504778812
37,286,3912981882
37,287,177037072
37,288,2171446750
37,289,2800609348
37,290,107721762
37,291,3877840088
37,292,3550826822
37,293,3773485516
37,294,3275374154
37,295,3580888096
37,296,295203886
37,297,2899732692
37,298,1790469106
37,299,54232296
37,300,59192982
37,301,16643420
37,302,4052684058
37,303,2644160304
37,304,2792177790
37,305,2247114596
37,306,1814471106
37,307,204999416
37,308,3672750566
37,309,2844102380
37,310,1615792618
37,311,236691520
37,312,4087827150
37,313,3882331124
37,314,3664227730
37,315,3220371208
37,316,3410238262
37,317,253353596
37,318,2919724218
37,319,332994384
37,320,2310656798
37,321,3481333380
37,322,3391407970
37,323,3265169688
37,324,3242564230
37,325,1340810252
37,326,146640266
37,327,1049711712
37,328,181410158
37,329,513296148
37,330,1644113714
37,331,2948923688
37,332,3386210262
37,333,1019322268
37,334,3941504090
37,335,2178586480
37,336,1070423486
37,337,2418144676
37,338,2274370818
37,339,2336792376
37,340,2534601510
37,341,2180878636
37,342,3096430890
37,343,1445142656
37,344,223141902
37,345,329923124
37,346,1818814674
37,347,2456003400
37,348,3847572598
37,349,815216828
37,350,1007578106
37,351,967913360
37,352,1218568286
37,353,2245350596
37,354,4212308642
37,355,1822969176
37,356,3224093638
37,357,2803816012
37,358,55557322
37,359,2443379872
37,360,1826070190
37,361,3378480468
37,362,604953202
37,363,3170950504
37,364,2807929110
37,365,3669797340
37,366,2628844442
37,367,3941523376
37,368,800152318
37,369,1075645412
37,370,181831746
37,371,313496440
37,372,2481589350
37,373,3208044
37,374,3020384362
37,375,2606956736
37,376,4138358094
37,377,2751080564
37,378,316343314
37,379,978235272
37,380,3708313014
37,381,2496918268
37,382,262161210
37,383,3265636304
37,384,737529246
37,385,1073421060
37,386,3431304674
37,387,4006637976
37,388,4247244038
37,389,3348490380
37,390,1832963082
37,391,2872382688
37,392,1937703918
37,393,2302419860
37,394,3258410418
37,395,3934198184
37,396,921672278
37,397,1107235868
37,398,1059472090
37,399,2338818032
37,400,3219732542
37,401,401703460
37,402,625593218
37,403,1476192184
37,404,440337830
37,405,1362081196
37,406,1225123754
37,407,2792046848
37,408,1200597646
37,409,6780596
37,410,1527643986
37,411,2739149768
37,412,3912060662
37,413,1860177212
37,414,487389818
37,415,3443949584
37,416,1501928158
37,417,2348958020
37,418,1775059234
37,419,2863068632
37,420,3708401222
37,421,710957772
37,422,2027993930
37,423,1071088928
37,424,311839022
37,425,1379803604
37,426,1170788594
37,427,1339012584
37,428,1264286614
37,429,1905843804
37,430,2191419930
37,431,3990130736
37,432,4064605566
37,433,2981058660
37,434,4265209538
37,435,1757453304
37,436,2866929382
37,437,973723628
37,438,3856353002
37,439,399237440
37,440,1338826702
37,441,2835490036
37,442,3394362002
37,443,282322952
37,444,2022973494
37,445,2311817084
37,446,3500446138
37,447,1344518224
37,448,2938193950
37,449,268093316
37,450,4130985058
37,451,1505483288
37,452,4238442374
37,453,3767414028
37,454,3498019466
37,455,3692713312
37,456,4125978222
37,457,813006868
37,458,2954042418
37,459,1552069160
37,460,4017175766
37,461,10094748
37,462,2406052186
37,463,1959131248
37,464,2157220542
37,465,3211169444
37,466,3036082690
37,467,2861215800
37,468,4272068646
37,469,399465004
37,470,1893172778
37,471,1746198912
37,472,389149966
37,473,903492404
37,474,3723924946
37,475,512627784
37,476,839700854
37,477,1218863548
37,478,246876410
37,479,432885904
37,480,3264795998
37,481,2314513860
37,482,2367375266
37,483,228531800
37,484,817834182
37,485,2469355340
37,486,2523740618
37,487,3834480032
37,488,2169795502
37,489,1207058004
37,490,4201006962
37,491,3626503784
37,492,1711332886
37,493,504533724
37,494,97999002
37,495,1523302576
37,496,3702001662
37,497,187114724
37,498,1624298818
37,499,3672843384
37,500,105984358
37,501,3750771820
37,502,1212851562
37,503,3889578432
37,504,1569647182
37,505,1459593588
37,506,189542674
37,507,3221397640
37,508,4100416182
37,509,2793446396
37,510,865361978
37,511,3503507664
37,512,3787211422
37,513,3489657860
37,514,1103207138
37,515,803259032
37,516,2251469318
37,517,2203316620
37,518,1694091530
37,519,2512459232
37,520,3499841774
37,521,3569638548
37,522,370299570
37,523,3796880040
37,524,702177110
37,525,2433907996
37,526,4265091034
37,527,2994071792
37,528,810511678
37,529,1996561188
37,530,286759042
37,531,259127480
37,532,3938298534
37,533,509378220
37,534,1115989162
37,535,3214934528
37,536,2595471246
37,537,3565318068
37,538,3215109202
37,539,1086426312
37,540,3597915126
37,541,912930364
37,542,327980922
37,543,4089815312
37,544,307990494
37,545,3492584004
37,546,528272930
37,547,2182137560
37,548,1103895366
37,549,2316035020
37,550,1316304970
37,551,71632416
37,552,3079806510
37,553,721148628
37,554,3966189042
37,555,4069123816
37,556,3989684374
37,557,3098134364
37,558,148621082
37,559,1716810032
37,560,1566222974
37,561,4244926820
37,562,3441114050
37,563,3048156408
37,564,213386214
37,565,4181991660
37,566,2916451306
37,567,4026671680
37,568,4268782798
37,569,2389876212
37,570,1615464338
37,571,1146804488
37,572,654452022
37,573,594751612
37,574,4210011834
37,575,3644086608
37,576,306625822
37,577,2425004164
37,578,698147170
37,579,499067672
37,580,3764085894
37,581,409417228
37,582,3710879626
37,583,480859744
37,584,3255354222
37,585,3064510740
37,586,1588922674
37,587,3630588712
37,588,2628452822
37,589,2347266460
37,590,772951642
37,591,955734384
37,592,4254713790
37,593,2940282788
37,594,2485894914
37,595,2469577016
37,596,84950310
37,597,760685356
37,598,1351435050
37,599,1368171136
37,600,1888815630
37,601,2095066164
37,602,1251099346
37,603,3328083272
37,604,1826772598
37,605,816548540
37,606,2920130042
37,607,2947510672
37,608,1464715870
37,609,791283396
37,610,1534186658
37,611,1954279256
37,612,380669382
37,613,930474060
37,614,326678218
37,615,2742945440
37,616,869222574
37,617,4225431380
37,618,1179366514
37,619,3145023336
37,620,1497506582
37,621,2581494748
37,622,3995841946
37,623,3303973296
37,624,1658635518
37,625,3083288036
37,626,1570316866
37,627,3314333048
37,628,2761315942
37,629,262505836
37,630,1761337962
37,631,2496627392
37,632,2431745870
37,633,2950371956
37,634,3553320466
37,635,442274184
37,636,1726244790
37,637,3106096380
37,638,1765178682
37,639,2110187984
37,640,255899550
37,641,3793407236
37,642,2823530466
37,643,1339495320
37,644,3516634886
37,645,2286418572
37,646,1805698570
37,647,894637792
37,648,146124270
37,649,2527237524
37,650,1954234290
37,651,457604008
37,652,2120426582
37,653,161211932
37,654,1098382554
37,655,2093631984
37,656,2532549182
37,657,1487320100
37,658,414410114
37,659,3259828664
37,660,4095365030
37,661,2369734572
37,662,2909888938
37,663,1113244416
37,664,3075855502
37,665,1332963508
37,666,1229281618
37,667,3957652936
37,668,198727926
37,669,2951372604
37,670,3770299514
37,671,571130384
37,672,535790814
37,673,4151112516
37,674,4219099938
37,675,3512768472
37,676,904691782
37,677,1139633356
37,678,3623335242
37,679,1186498336
37,680,4102812462
37,681,990876628
37,682,2996022002
37,683,3479836648
37,684,2665350550
37,685,2586882140
37,686,2554799130
37,687,2870628912
37,688,1538154366
37,689,3958344292
37,690,2898954434
37,691,1459863032
37,692,879503590
37,693,724855276
37,694,1279115498
37,695,3133039424
37,696,4086434254
37,697,2612598516
37,698,4031788178
37,699,1049086472
37,700,2324572726
37,701,2685458812
37,702,1088998330
37,703,1393228368
37,704,657076766
37,705,3576723844
37,706,944631394
37,707,1923644440
37,708,2691910022
37,709,997605132
37,710,3268248714
37,711,608065376
37,712,1663178862
37,713,3039949332
37,714,3253007922
37,715,124785704
37,716,2239940310
37,717,2729237148
37,718,3672714074
37,719,1919859312
37,720,719125694
37,721,3820077220
37,722,4180577282
37,723,2839597624
37,724,3730563622
37,725,110423084
37,726,3954245674
37,727,915039104
37,728,225845006
37,729,3971753268
37,730,104591314
37,731,1842673224
37,732,1238752118
37,733,2896606140
37,734,772948730
37,735,2673316496
37,736,2059452254
37,737,4185219012
37,738,974545314
37,739,87998552
37,740,2785014470
37,741,3622990156
37,742,242365386
37,743,4067723168
37,744,2017992110
37,745,3910774868
37,746,1539252594
37,747,1256747112
37,748,891381782
37,749,304112860
37,750,1773015706
37,751,3445064368
37,752,911178238
37,753,3388823268
37,754,3576655682
37,755,915687032
37,756,2730064742
37,757,3564162668
37,758,2853904234
37,759,3327050688
37,760,2228360270
37,761,2995557236
37,762,3227028242
37,763,761037448
37,764,3900665014
37,765,2428235260
37,766,3297155642
37,767,1837140688
37,768,679685278
37,769,4199261700
37,770,3559109858
37,771,2998101144
37,772,325221382
37,773,443679628
37,774,355844874
37,775,2917865440
37,776,265159406
37,777,3537292948
37,778,829566130
37,779,2036542632
37,780,3901352278
37,781,1872449308
37,782,484825562
37,783,2388962032
37,784,1742067518
37,785,1088572708
37,786,270348930
37,787,3566082744
37,788,1783952550
37,789,3789033644
37,790,499916458
37,791,1385923584
37,792,2440423822
37,793,1966760372
37,794,1274414674
37,795,2293133000
37,796,1029365238
37,797,2673903676
37,798,2559955322
37,799,4229292816
37,800,4131486174
37,801,2244168772
37,802,3519408162
37,803,4237715672
37,804,3983205702
37,805,2617570764
37,806,2842178122
37,807,724699168
37,808,3179530286
37,809,2256096468
37,810,3964540914
37,811,3396356328
37,812,311184022
37,813,3660421468
37,814,1155563802
37,815,1613116208
37,816,1631589502
37,817,40936292
37,818,1900533186
37,819,2965262072
37,820,1442729446
37,821,333099756
37,822,1427373546
37,823,2617287744
37,824,590454478
37,825,3570765812
37,826,3462685074
37,827,3814374152
37,828,1463299894
37,829,3282338428
37,830,3062884538
37,831,1638374224
37,832,1640736542
37,833,1642877572
37,834,4132240226
37,835,3161967896
37,836,1894329990
37,837,2377861132
37,838,358187402
37,839,383342688
37,840,3443092846
37,841,806431508
37,842,765649714
37,843,3449799976
37,844,1576569814
37,845,149373852
37,846,2850949210
37,847,3308002160
37,848,2086547902
37,849,3770177956
37,850,3086964994
37,851,1354031928
37,852,3196421926
37,853,3884496172
37,854,3594698026
37,855,990782592
37,856,3788846094
37,857,2305695284
37,858,1693686994
37,859,4176570184
37,860,2095538294
37,861,2157436092
37,862,2730811386
37,863,2361766800
37,864,2700194910
37,865,1826011332
37,866,4245221026
37,867,602378584
37,868,313350086
37,869,3097819724
37,870,458862794
37,871,4117825696
37,872,1119810222
37,873,330197332
37,874,2394984050
37,875,1786880360
37,876,2912857366
37,877,1255689692
37,878,2354999194
37,879,403071920
37,880,3405786878
37,881,3318312932
37,882,2610150466
37,883,2449594232
37,884,884645990
37,885,1911691116
37,886,2678611050
37,887,2689860800
37,888,758163790
37,889,1662258292
37,890,619952146
37,891,3707925384
37,892,758673846
37,893,4048197372
37,894,1501869882
37,895,1140861904
37,896,2709758366
37,897,2626846468
37,898,2571747810
37,899,3161830808
37,900,2139578630
37,901,2110917772
37,902,4122525706
37,903,596187360
37,904,3655620590
37,905,2371946388
37,906,2700548530
37,907,3768966568
37,908,474918486
37,909,2266019868
37,910,2759964378
37,911,2336558064
37,912,385223742
37,913,3014911524
37,914,3411345282
37,915,2855611320
37,916,2171443622
37,917,1613158828
37,918,664066986
37,919,341984512
37,920,487849614
37,921,1238850228
37,922,464827218
37,923,4213039048
37,924,519791350
37,925,3368857916
37,926,1327459962
37,927,635896848
37,928,156331742
37,929,4281312580
37,930,1985967394
37,931,1739733464
37,932,2621917766
37,933,3595730636
37,934,1455861578
37,935,3585181984
37,936,108633390
37,937,288949716
37,938,3986064626
37,939,3348920808
37,940,4242050966
37,941,1017152092
37,942,581426714
37,943,695735344
37,944,3792685438
37,945,3297229924
37,946,4002620098
37,947,652140536
37,948,2775479014
37,949,4147575788
37,950,1549286122
37,951,3083396416
37,952,2169451470
37,953,1036519668
37,954,1317441170
37,955,382970888
37,956,1090532406
37,957,1378757500
37,958,1877280186
37,959,2836020304
37,960,908794910
37,961,3133025156
37,962,932841570
37,963,1596792344
37,964,2243761030
37,965,1396068620
37,966,1758690954
37,967,410671456
37,968,4098802286
37,969,726033428
37,970,4126068786
37,971,250967592
37,972,3658240214
37,973,2190978204
37,974,2938168666
37,975,3576659056
37,976,1713202878
37,977,710210212
37,978,2761827842
37,979,3985568824
37,980,3649907750
37,981,338853420
37,982,2755820074
37,983,2199381376
37,984,3786557710
37,985,1458968372
37,986,3132705234
37,987,1270077512
37,988,3122062710
37,989,1887372732
37,990,539327738
37,991,469357712
37,992,1038133598
37,993,223220164
37,994,2018081698
37,995,880173656
37,996,2428026054
37,997,495813452
37,998,3459198410
37,999,3497232800
38,0,2268317614
38,1,2140742228
38,2,860879730
38,3,4265661032
38,4,1991897622
38,5,134624988
38,6,1782369434
38,7,1224426672
38,8,2498683902
38,9,791382244
38,10,2227571010
38,11,1003841656
38,12,2392442214
38,13,740909164
38,14,3718486378
38,15,1189037504
38,16,2114797134
38,17,3312551284
38,18,1436345618
38,19,223241352
38,20,3910104758
38,21,2664382460
38,22,1009833018
38,23,2772815056
38,24,3997308574
38,25,1290754052
38,26,3418214114
38,27,3508405912
38,28,1242187270
38,29,4134016396
38,30,2703867146
38,31,3123517920
38,32,1526246638
38,33,3393274004
38,34,386533042
38,35,890146472
38,36,3450958678
38,37,335290652
38,38,3964376026
38,39,392916208
38,40,408174910
38,41,890994468
38,42,509267074
38,43,2806135992
38,44,1835286182
38,45,1277928108
38,46,1590401194
38,47,2880374272
38,48,1311773582
38,49,3511309236
38,50,209805394
38,51,657674440
38,52,1689905142
38,53,4029602364
38,54,408357754
38,55,1132340496
38,56,3441386462
38,57,3887201860
38,58,3175547426
38,59,1991510744
38,60,1988210502
38,61,919996364
38,62,1947413578
38,63,1781991968
38,64,3278729774
38,65,3746479828
38,66,174911986
38,67,2867768040
38,68,297981078
38,69,2240375644
38,70,1167932186
38,71,2869949744
38,72,1377664638
38,73,3056915812
38,74,4172050370
38,75,493187320
38,76,1455200230
38,77,424232172
38,78,4127881194
38,79,840377920
38,80,32164046
38,81,3666903540
38,82,3300309906
38,83,3170016520
38,84,4226169142
38,85,263050364
38,86,2162696890
38,87,3442662736
38,88,407408926
38,89,1671824516
38,90,3493139810
38,91,3200806680
38,92,317651078
38,93,3488045580
38,94,1362852746
38,95,1294031456
38,96,3428980590
38,97,2865863956
38,98,1858649394
38,99,2943428392
38,100,2914915798
38,101,3552449948
38,102,4269916762
38,103,1182326128
38,104,1545247678
38,105,1149733796
38,106,2466968322
38,107,3821995320
38,108,1668469030
38,109,3499247404
38,110,3920639786
38,111,849847936
38,112,17653262
38,113,1498681396
38,114,1535964882
38,115,1243367752
38,116,3043256950
38,117,1079783100
38,118,3123976698
38,119,4042519952
38,120,3314392670
38,121,1591438020
38,122,2144864418
38,123,2599105368
38,124,1411523014
38,125,1252789324
38,126,3136465610
38,127,2809924256
38,128,967220398
38,129,819583828
38,130,2641193074
38,131,3928359784
38,132,1148401430
38,133,229253084
38,134,390670746
38,135,70657456
38,136,136026366
38,137,2317591012
38,138,1690719810
38,139,2551118200
38,140,3830901350
38,141,1192667500
38,142,4161590890
38,143,3723527872
38,144,1801966414
38,145,3718577780
38,146,2790527506
38,147,2722125192
38,148,3489954742
38,149,1565124860
38,150,2156589370
38,151,894528976
38,152,2193525662
38,153,2405576964
38,154,1065343970
38,155,1420580760
38,156,2800429830
38,157,3358858892
38,158,2877864458
38,159,2513902304
38,160,2265645550
38,161,2373417364
38,162,3886740402
38,163,1520254888
38,164,2964469846
38,165,3663563292
38,166,138637530
38,167,3604467184
38,168,3757078078
38,169,1226381348
38,170,3710818690
38,171,800411064
38,172,1647895462
38,173,3924192172
38,174,1466979754
38,175,1015138048
38,176,415901838
38,177,261311668
38,178,1918635346
38,179,4042179016
38,180,3264638198
38,181,3649504060
38,182,138193018
38,183,4175119888
38,184,3047905502
38,185,3276429124
38,186,2054983458
38,187,2375801816
38,188,2954499142
38,189,26185932
38,190,2504894794
38,191,214076192
38,192,3898558254
38,193,4105861076
38,194,2530303730
38,195,1483135976
38,196,88807830
38,197,2028491868
38,198,3250624538
38,199,2297288240
38,200,627651454
38,201,1534586468
38,202,1670626498
38,203,4166124024
38,204,2649275622
38,205,3188821484
38,206,3056252138
38,207,787179328
38,208,2567200206
38,209,2939091700
38,210,2230642834
38,211,3115814408
38,212,1005207094
38,213,3223551356
38,214,4254678970
38,215,1914797648
38,216,2082735646
38,217,3768835460
38,218,2485002850
38,219,1061797912
38,220,1283382662
38,221,1204708108
38,222,1653700746
38,223,3637402464
38,224,1232301166
38,225,2998064660
38,226,3962612274
38,227,2467485736
38,228,2366495446
38,229,3227156124
38,230,2886770522
38,231,3171434096
38,232,3528839358
38,233,3008373924
38,234,1464188930
38,235,2541033016
38,236,2419488294
38,237,1621626924
38,238,982250538
38,239,1841129344
38,240,870740750
38,241,2491943220
38,242,2607719378
38,243,3626678856
38,244,584052598
38,245,3023001532
38,246,2230367994
38,247,2947815056
38,248,2885194590
38,249,3850290116
38,250,3887371682
38,251,3141928024
38,252,2431223494
38,253,2214630732
38,254,1973692362
38,255,2659879840
38,256,1310159278
38,257,728798292
38,258,555275634
38,259,305214568
38,260,3402267670
38,261,532941020
38,262,2810414746
38,263,3988194992
38,264,2558938622
38,265,1521597156
38,266,261399362
38,267,179210872
38,268,1777471334
38,269,112849516
38,270,2195985258
38,271,2307377088
38,272,3913312334
38,273,2947446644
38,274,1796816658
38,275,2144880264
38,276,2518122678
38,277,4038758908
38,278,982715962
38,279,2552434384
38,280,3539533982
38,281,3890940420
38,282,3364874466
38,283,2871044248
38,284,3391754246
38,285,926295948
38,286,2832578314
38,287,3666287584
38,288,1377523438
38,289,3674452628
38,290,1725554866
38,291,894562472
38,292,2035350870
38,293,2654270236
38,294,208227802
38,295,1837772528
38,296,3788155710
38,297,1940697380
38,298,3687868034
38,299,2811125432
38,300,2481686694
38,301,2102867116
38,302,2776830634
38,303,3940190208
38,304,1893875086
38,305,145900980
38,306,2705635922
38,307,1011888840
38,308,3968922102
38,309,1221930044
38,310,852510074
38,311,3925763856
38,312,922045918
38,313,368619588
38,314,2181045282
38,315,275360984
38,316,2098231622
38,317,2055150028
38,318,1316365898
38,319,3780381728
38,320,1766792238
38,321,1434202324
38,322,3871591410
38,323,3020229864
38,324,2339462806
38,325,3669835100
38,326,2870080794
38,327,1729214256
38,328,3488802942
38,329,944834404
38,330,55118274
38,331,463770360
38,332,2935153126
38,333,697292524
38,334,817426922
38,335,3527780416
38,336,983298766
38,337,3215160308
38,338,3812693394
38,339,4045569800
38,340,3037479734
38,341,663692924
38,342,4193803450
38,343,1003888464
38,344,3585964830
38,345,3048715908
38,346,1465200482
38,347,1152454936
38,348,1718403718
38,349,4276841484
38,350,819295626
38,351,3749796960
38,352,1602404718
38,353,1189744404
38,354,3257308978
38,355,2648344872
38,356,737910742
38,357,208463772
38,358,3419241562
38,359,3705511792
38,360,1020200382
38,361,4205755812
38,362,3310259458
38,363,1820403512
38,364,2480413478
38,365,141809964
38,366,718647594
38,367,1482238080
38,368,1849526286
38,369,210895412
38,370,3462287570
38,371,3655281480
38,372,3059315830
38,373,2415427772
38,374,2489013242
38,375,4231673744
38,376,1696696414
38,377,624434372
38,378,2212438690
38,379,4186363224
38,380,2064575430
38,381,227221068
38,382,2453906634
38,383,3651079328
38,384,3095807662
38,385,1935494484
38,386,307380850
38,387,1516397928
38,388,3183460630
38,389,39055836
38,390,787211162
38,391,2843600816
38,392,3123643134
38,393,617993188
38,394,1496379458
38,395,4155775864
38,396,1399534694
38,397,2937273196
38,398,304697450
38,399,1839532224
38,400,3952541006
38,401,1066266740
38,402,4159466514
38,403,2316711816
38,404,4014507446
38,405,488717052
38,406,2118724410
38,407,1908060112
38,408,1391555998
38,409,3666469636
38,410,988673506
38,411,947583384
38,412,3888575750
38,413,2272145548
38,414,756069386
38,415,2889686240
38,416,2955521006
38,417,3068521364
38,418,3902197170
38,419,2838274472
38,420,3683500630
38,421,595745820
38,422,213723866
38,423,2139262960
38,424,2447564862
38,425,953567780
38,426,3997184898
38,427,1926066104
38,428,914107814
38,429,1249770924
38,430,3708014506
38,431,3669575936
38,432,1249399438
38,433,3232186036
38,434,3980093266
38,435,3981943752
38,436,2527688438
38,437,35214652
38,438,2886853242
38,439,3135735824
38,440,3304932062
38,441,1673333060
38,442,2815535394
38,443,1662877144
38,444,291823174
38,445,3852772044
38,446,864854858
38,447,199986464
38,448,977072430
38,449,93579732
38,450,1313093874
38,451,2714320360
38,452,1479910294
38,453,1862805084
38,454,361845274
38,455,3917191216
38,456,3317341566
38,457,3502252132
38,458,2882295490
38,459,3948749816
38,460,3185247974
38,461,2680430572
38,462,4189400810
38,463,1076226368
38,464,3669067726
38,465,267250932
38,466,865813138
38,467,1194553352
38,468,457984054
38,469,166776700
38,470,2315614650
38,471,3461398608
38,472,2568286238
38,473,1726058372
38,474,3990502498
38,475,855532056
38,476,2495129478
38,477,960394508
38,478,1342665354
38,479,2235194720
38,480,42997358
38,481,1802979348
38,482,1152025650
38,483,3016243752
38,484,1049060566
38,485,2079674524
38,486,1907906906
38,487,1241055344
38,488,260455102
38,489,2661504676
38,490,2972015106
38,491,3337828408
38,492,2723659814
38,493,200647212
38,494,1317891626
38,495,377153920
38,496,2752683278
38,497,3312581428
38,498,1213988306
38,499,859413576
38,500,604043638
38,501,2545396156
38,502,4235456762
38,503,2055624848
38,504,1695055198
38,505,2718397892
38,506,676835234
38,507,3115165272
38,508,1183994054
38,509,726378316
38,510,2765169098
38,511,2092535200
38,512,1827871662
38,513,211813972
38,514,3306794866
38,515,2797180520
38,516,3511879190
38,517,2035931868
38,518,3246538906
38,519,3683305648
38,520,3776296958
38,521,1821371620
38,522,362495298
38,523,3273632888
38,524,3569506662
38,525,2216854636
38,526,970755434
38,527,2923973056
38,528,1718325838
38,529,2437114228
38,530,2697828626
38,531,2767857800
38,532,2409073334
38,533,2793268220
38,534,1605191738
38,535,1712869584
38,536,1990716062
38,537,3946757124
38,538,1788478178
38,539,1622887064
38,540,868342278
38,541,4242291084
38,542,3426332938
38,543,788078048
38,544,2503344366
38,545,622732436
38,546,3236018866
38,547,2586661544
38,548,2338883414
38,549,776324380
38,550,490670042
38,551,2965434608
38,552,1681462590
38,553,479585060
38,554,3900571778
38,555,4117921976
38,556,2112541350
38,557,2505754284
38,558,2448592042
38,559,807275008
38,560,2576115598
38,561,997341108
38,562,2856326226
38,563,3892647112
38,564,1960836086
38,565,3377692220
38,566,2281799546
38,567,261531920
38,568,3552786398
38,569,815227460
38,570,3220256290
38,571,3921104600
38,572,2702656326
38,573,2264935372
38,574,3633389642
38,575,2961772064
38,576,1328072238
38,577,151102164
38,578,559064562
38,579,95645416
38,580,530049174
38,581,4190703452
38,582,356429594
38,583,3022747952
38,584,2059424382
38,585,2831497572
38,586,824026050
38,587,3413882104
38,588,4271975398
38,589,1689151724
38,590,2770299882
38,591,2626431552
38,592,1833245902
38,593,2752407028
38,594,3389222802
38,595,2682937608
38,596,581586230
38,597,726169724
38,598,3250624186
38,599,3448856912
38,600,975856926
38,601,2015455364
38,602,732776802
38,603,1848750872
38,604,191007878
38,605,986152460
38,606,1411870602
38,607,3992542816
38,608,647719790
38,609,609911060
38,610,3351015730
38,611,3101420328
38,612,2024876502
38,613,3539188124
38,614,2983278170
38,615,2824495472
38,616,3195760574
38,617,590213028
38,618,4006225666
38,619,181094712
38,620,4021642534
38,621,2938989356
38,622,968043306
38,623,3424823936
38,624,3378885134
38,625,3274175540
38,626,1567075026
38,627,3359247688
38,628,533102198
38,629,2406273724
38,630,3510275578
38,631,3466099088
38,632,531460702
38,633,3756838596
38,634,2837331106
38,635,1606055768
38,636,661894598
38,637,557985868
38,638,1095540426
38,639,2883194528
38,640,1599991982
38,641,4214800212
38,642,2372869234
38,643,3677800296
38,644,3112454934
38,645,1221968860
38,646,1934007706
38,647,668838320
38,648,2168089854
38,649,3051357668
38,650,416516674
38,651,3505470840
38,652,569867878
38,653,3387411820
38,654,2382219882
38,655,1869712064
38,656,1304307534
38,657,2832130676
38,658,3116156434
38,659,3028556168
38,660,721719222
38,661,1355844860
38,662,4072629562
38,663,423358928
38,664,2988203934
38,665,2651428100
38,666,731123682
38,667,2279709592
38,668,3793403654
38,669,3682615948
38,670,441495050
38,671,2260410080
38,672,4114634222
38,673,699162004
38,674,1136306098
38,675,3964928936
38,676,1021398102
38,677,2189372956
38,678,1374610650
38,679,2772783600
38,680,3436005950
38,681,2733341732
38,682,2659831170
38,683,2474480056
38,684,2654435238
38,685,2716700588
38,686,1481591210
38,687,252234496
38,688,1377729678
38,689,2098409652
38,690,743620946
38,691,274236872
38,692,993296630
38,693,1652795196
38,694,3667860602
38,695,2349582864
38,696,3611765982
38,697,8895300
38,698,2657010466
38,699,137830360
38,700,1613211718
38,701,2727457996
38,702,3515063626
38,703,4079783712
38,704,2618465070
38,705,1673878484
38,706,3018789618
38,707,3284377576
38,708,2509778326
38,709,1056962652
38,710,3189378074
38,711,1797347888
38,712,1661208446
38,713,1147163236
38,714,1732047042
38,715,536888824
38,716,2772783334
38,717,3159273964
38,718,3338119402
38,719,192441152
38,720,3864441294
38,721,2147802868
38,722,4202273938
38,723,3745993224
38,724,2133217846
38,725,1335239036
38,726,3039409082
38,727,3717726800
38,728,754833950
38,729,1836532100
38,730,3838727778
38,731,1514865688
38,732,4268388742
38,733,1199998732
38,734,3509939338
38,735,1035886432
38,736,3215245422
38,737,1972615700
38,738,2673630770
38,739,2434112552
38,740,2390290134
38,741,3580371612
38,742,2685932378
38,743,2617361008
38,744,3182339262
38,745,206473380
38,746,1379726338
38,747,2617858616
38,748,2951809574
38,749,907752492
38,750,2152130602
38,751,2639293312
38,752,3526805262
38,753,162786612
38,754,1635866578
38,755,2095087176
38,756,1571423094
38,757,991427516
38,758,649014010
38,759,2624625296
38,760,152069982
38,761,1659381700
38,762,3660761506
38,763,1336756312
38,764,1370692294
38,765,862894412
38,766,4223015882
38,767,2332069792
38,768,2210842030
38,769,1126660180
38,770,3209857394
38,771,3688495208
38,772,710119446
38,773,885501148
38,774,1480129178
38,775,846629552
38,776,245178878
38,777,2227576548
38,778,920246082
38,779,2234044024
38,780,1862968166
38,781,3294828140
38,782,2727151466
38,783,3575696320
38,784,2509159502
38,785,2318424948
38,786,2528768786
38,787,2629044872
38,788,1972343990
38,789,3759748604
38,790,1266647610
38,791,790991568
38,792,2035209374
38,793,1995075076
38,794,1373379810
38,795,300805272
38,796,651273222
38,797,1733970828
38,798,2874518282
38,799,3615694816
38,800,3293096686
38,801,3364918932
38,802,3307312306
38,803,2208347304
38,804,2750943574
38,805,3828258588
38,806,3201090010
38,807,17806064
38,808,1067417406
38,809,1339495716
38,810,3831732866
38,811,2968429240
38,812,3412204710
38,813,3023460524
38,814,3290039978
38,815,2608434176
38,816,1747882382
38,817,2307533236
38,818,3346230866
38,819,1246885576
38,820,2644968950
38,821,2443825212
38,822,3085613434
38,823,3561417488
38,824,1133060574
38,825,1468929092
38,826,387600418
38,827,580710616
38,828,2190871878
38,829,2086223308
38,830,2992904778
38,831,4158001184
38,832,351957038
38,833,434050260
38,834,1511620594
38,835,3220820200
38,836,1849062038
38,837,44884316
38,838,606300442
38,839,2992454448
38,840,4068850814
38,841,663841636
38,842,573193666
38,843,1290458872
38,844,3855054310
38,845,3936680684
38,846,4080920042
38,847,2968169536
38,848,971392718
38,849,2815514612
38,850,419285394
38,851,3913958152
38,852,3837810486
38,853,987351676
38,854,2017513658
38,855,2724504400
38,856,3851374366
38,857,3403881092
38,858,3980223330
38,859,1531598104
38,860,2714785414
38,861,2742784012
38,862,1529964938
38,863,2559139936
38,864,3249280366
38,865,1663234836
38,866,529156914
38,867,544558376
38,868,870233046
38,869,1196592028
38,870,1351413850
38,871,3371115376
38,872,2166348222
38,873,3724878244
38,874,2944254210
38,875,3735907128
38,876,386576166
38,877,3837721900
38,878,3058214186
38,879,2919509120
38,880,2995117070
38,881,2635458100
38,882,2829649106
38,883,892137288
38,884,2443937910
38,885,1589191868
38,886,282183674
38,887,2282666896
38,888,2503040094
38,889,2935587012
38,890,2408928930
38,891,3984988504
38,892,4182802374
38,893,2781954636
38,894,1745721546
38,895,1043140768
38,896,3459095214
38,897,3899404628
38,898,2932078194
38,899,2359503208
38,900,3619738902
38,901,19895772
38,902,2220447642
38,903,2673175472
38,904,4248688382
38,905,1564620772
38,906,1135486018
38,907,1137074040
38,908,4026255462
38,909,3079954284
38,910,193610858
38,911,55971008
38,912,836587854
38,913,963105908
38,914,2344951826
38,915,1099561864
38,916,590911926
38,917,408411900
38,918,2112724794
38,919,1272263632
38,920,1077889438
38,921,4192290564
38,922,2977049058
38,923,1658863000
38,924,904300806
38,925,3832173708
38,926,323528714
38,927,1162944736
38,928,4132372462
38,929,97177492
38,930,2568389042
38,931,1142121896
38,932,1957484118
38,933,391381020
38,934,2010685146
38,935,1746932720
38,936,816821310
38,937,2807606820
38,938,2383112066
38,939,2982523832
38,940,963297702
38,941,271917484
38,942,1767031722
38,943,4184886528
38,944,3485247118
38,945,1691820724
38,946,3483507538
38,947,2045863880
38,948,1345817334
38,949,449182012
38,950,870602362
38,951,2353531920
38,952,2357794526
38,953,3114954052
38,954,4263763234
38,955,2632499672
38,956,1013084742
38,957,1482081996
38,958,254973770
38,959,3800404256
38,960,2917156142
38,961,793693652
38,962,1741810930
38,963,3730178536
38,964,1567799190
38,965,147835484
38,966,1532675610
38,967,769596464
38,968,2638573950
38,969,3596125284
38,970,904235714
38,971,3057346552
38,972,4096236262
38,973,867255276
38,974,3186762474
38,975,2967661888
38,976,1542708174
38,977,527683828
38,978,2039477906
38,979,2717070344
38,980,125328438
38,981,2970841980
38,982,520482234
38,983,3220653136
38,984,3621700638
38,985,342160260
38,986,419065954
38,987,3576669720
38,988,697580422
38,989,2460391692
38,990,2249942666
38,991,576348512
38,992,548498030
38,993,4043844628
38,994,2621847602
38,995,1257963048
38,996,484604118
38,997,3971151004
38,998,3610234202
38,999,3542254704
39,0,2093944510
39,1,475118244
39,2,3666644482
39,3,917994552
39,4,1493324838
39,5,4279813676
39,6,1874354730
39,7,574483840
39,8,1582493966
39,9,2169364276
39,10,2262741458
39,11,3575603272
39,12,1875578230
39,13,3192933820
39,14,2745328890
39,15,896720016
39,16,940593502
39,17,1210112452
39,18,2638603170
39,19,2638539352
39,20,1380705478
39,21,3161049932
39,22,441652682
39,23,3915354528
39,24,848457646
39,25,4010207828
39,26,2948817778
39,27,3516029544
39,28,1976310294
39,29,1913487068
39,30,195540122
39,31,310004912
39,32,3239873534
39,33,3277082852
39,34,324038978
39,35,1892282488
39,36,3637177702
39,37,3883640940
39,38,1559593322
39,39,504450496
39,40,380233294
39,41,3128249716
39,42,3973991698
39,43,2265312392
39,44,3892289206
39,45,3180103676
39,46,2651438138
39,47,323671248
39,48,2062401182
39,49,2867732484
39,50,508966626
39,51,3736637080
39,52,1129934342
39,53,2528140684
39,54,3861488906
39,55,4096074208
39,56,2136167662
39,57,3847948436
39,58,328822450
39,59,296490664
39,60,1660918614
39,61,3757009180
39,62,2433907674
39,63,2121692400
39,64,335407422
39,65,762332964
39,66,1870738562
39,67,4194485432
39,68,475096742
39,69,4192856748
39,70,3690561706
39,71,1290604032
39,72,2093529998
39,73,318380980
39,74,2564737106
39,75,2201409736
39,76,115740662
39,77,3252167228
39,78,1653339002
39,79,1477389584
39,80,642190302
39,81,2866595396
39,82,662399522
39,83,3675951832
39,84,3247232838
39,85,2055884748
39,86,2079265866
39,87,3610972704
39,88,1522801198
39,89,2819917524
39,90,823679474
39,91,47723240
39,92,390921366
39,93,359183196
39,94,2009080602
39,95,2175204656
39,96,3611502206
39,97,3568672100
39,98,1986975682
39,99,3220306168
39,100,73777126
39,101,3681783020
39,102,3138674666
39,103,794897984
39,104,1082093774
39,105,3941353972
39,106,1882203026
39,107,3980535048
39,108,2605605174
39,109,1984109692
39,110,3178826426
39,111,3662669136
39,112,2011969822
39,113,3455896708
39,114,1006992738
39,115,737867544
39,116,3384156294
39,117,1493672460
39,118,3857933194
39,119,4281426528
39,120,3501506414
39,121,591619348
39,122,1771054386
39,123,4104564520
39,124,4253302230
39,125,2307480988
39,126,1208003162
39,127,1587275120
39,128,616317886
39,129,1261720484
39,130,2808699650
39,131,136809784
39,132,2849503526
39,133,3374878508
39,134,1083580202
39,135,503164544
39,136,3382576654
39,137,3126581300
39,138,1344429778
39,139,1085788488
39,140,2886242934
39,141,501053116
39,142,4079026682
39,143,1218248080
39,144,1705854558
39,145,2992517828
39,146,3611586722
39,147,3270097752
39,148,2426751430
39,149,3141030988
39,150,2793837258
39,151,2962756256
39,152,2767537326
39,153,1526178644
39,154,374394994
39,155,2393344872
39,156,3094699798
39,157,1264674780
39,158,35918234
39,159,803548592
39,160,3459858686
39,161,989620708
39,162,2042674754
39,163,1882423672
39,164,1568150118
39,165,2551771500
39,166,718192234
39,167,1230147264
39,168,938769230
39,169,291030644
39,170,235239954
39,171,1361567112
39,172,2011472822
39,173,2478256380
39,174,3218331962
39,175,696677840
39,176,2639934366
39,177,235993348
39,178,1820869602
39,179,3916881816
39,180,2200589062
39,181,3257689740
39,182,3086524938
39,183,134161120
39,184,1398122990
39,185,1799438740
39,186,2292865970
39,187,3496658856
39,188,586178646
39,189,33608220
39,190,511334618
39,191,3893548528
39,192,1569332798
39,193,1713233956
39,194,1556414850
39,195,3987068344
39,196,2820017062
39,197,3042227116
39,198,2953723306
39,199,3119501056
39,200,1666371726
39,201,2549290164
39,202,1999205714
39,203,1243761096
39,204,1974637814
39,205,1256213308
39,206,1474400378
39,207,3684453904
39,208,2227372254
39,209,2938445636
39,210,1730213666
39,211,1093821400
39,212,1175796806
39,213,653514956
39,214,2358874442
39,215,4193686304
39,216,262532910
39,217,2284863444
39,218,166512370
39,219,293626856
39,220,1338327446
39,221,3967261788
39,222,2371059738
39,223,1370807856
39,224,343858046
39,225,2796074596
39,226,3083216066
39,227,3457059320
39,228,1250026726
39,229,636212716
39,230,2124717290
39,231,1348824896
39,232,3683190222
39,233,238732020
39,234,1356746898
39,235,2939622920
39,236,1413637686
39,237,1315489148
39,238,1738155962
39,239,2507048528
39,240,968338974
39,241,2074781060
39,242,710838882
39,243,3282847768
39,244,3056993670
39,245,983477004
39,246,247029898
39,247,1393451872
39,248,3317044334
39,249,4258569748
39,250,3681030706
39,251,24666152
39,252,2311324374
39,253,3788883612
39,254,3070199642
39,255,257640048
39,256,3974592702
39,257,4004310180
39,258,3927189506
39,259,3070074424
39,260,1032560166
39,261,2263767084
39,262,3168918570
39,263,3309531008
39,264,3899071246
39,265,1279250740
39,266,1484000210
39,267,1542865480
39,268,4200863606
39,269,1096851388
39,270,323854074
39,271,1703747216
39,272,2450013022
39,273,1907461060
39,274,294714786
39,275,3262418008
39,276,3898388166
39,277,3862748492
39,278,2695368650
39,279,3084293024
39,280,425073070
39,281,809393236
39,282,913063282
39,283,2816654440
39,284,1404871702
39,285,1361793244
39,286,2077126298
39,287,2610302640
39,288,2559833598
39,289,1211794148
39,290,1258228546
39,291,2785219192
39,292,2986555238
39,293,225196652
39,294,152435562
39,295,2837041088
39,296,2310869070
39,297,1108492148
39,298,1127917330
39,299,2213531272
39,300,2263328950
39,301,1591204348
39,302,4148950586
39,303,847779536
39,304,461678750
39,305,2806632964
39,306,1879593186
39,307,3877318808
39,308,693712902
39,309,2866704268
39,310,481664778
39,311,2766087136
39,312,1716911854
39,313,2608691860
39,314,1279871154
39,315,1682929832
39,316,1753163094
39,317,1099447068
39,318,873477594
39,319,1224029936
39,320,2169787198
39,321,3579935012
39,322,701943426
39,323,4037994168
39,324,280539302
39,325,2255846572
39,326,2039544490
39,327,1685622784
39,328,2002445710
39,329,4156689844
39,330,3196199506
39,331,2998123208
39,332,1352473078
39,333,2044621884
39,334,669330810
39,335,3136253712
39,336,469562846
39,337,1250129988
39,338,2434040866
39,339,858797272
39,340,4261126470
39,341,2710790604
39,342,3576827466
39,343,1857557536
39,344,3229991982
39,345,3550607572
39,346,1179595762
39,347,3998127336
39,348,3134949014
39,349,1375503708
39,350,2954157338
39,351,1107869488
39,352,3371733118
39,353,3492925284
39,354,3454759362
39,355,1150360312
39,356,4202432998
39,357,1461329644
39,358,2627918314
39,359,938455104
39,360,554736334
39,361,2371828724
39,362,1872395666
39,363,3419539208
39,364,3864292150
39,365,4253314684
39,366,828982458
39,367,2505254736
39,368,2436965150
39,369,2708373124
39,370,3087374178
39,371,4430104
39,372,588507782
39,373,2070656012
39,374,2490195338
39,375,1106338912
39,376,4088752494
39,377,2226902804
39,378,1171128114
39,379,1433407784
39,380,1973536726
39,381,3113758620
39,382,942433370
39,383,2304812912
39,384,1230024126
39,385,2327545252
39,386,1988949250
39,387,2805575480
39,388,1209877286
39,389,2087330092
39,390,2023463210
39,391,1007628416
39,392,2930651150
39,393,989448756
39,394,4090738898
39,395,182104904
39,396,249404534
39,397,3973695676
39,398,405289978
39,399,809713552
39,400,824258654
39,401,169534660
39,402,539724450
39,403,4293221720
39,404,2373063622
39,405,2172085836
39,406,2629274826
39,407,588977312
39,408,2209672878
39,409,1926960468
39,410,1679141490
39,411,21228904
39,412,4221692182
39,413,1198209500
39,414,2359741338
39,415,4186763184
39,416,2485955326
39,417,1863228388
39,418,1527470146
39,419,1983423352
39,420,174873702
39,421,2339734380
39,422,2345351274
39,423,1634144448
39,424,238926
39,425,1352775796
39,426,3766342674
39,427,56475528
39,428,3372789174
39,429,3807281916
39,430,1483871034
39,431,3528439760
39,432,1768758686
39,433,4204309252
39,434,4241907170
39,435,1000702360
39,436,1776688390
39,437,2496034956
39,438,2824903690
39,439,4005897440
39,440,2891207662
39,441,2047849364
39,442,2994091442
39,443,2975476136
39,444,3886803542
39,445,1652925468
39,446,3855880922
39,447,1159567344
39,448,4082927678
39,449,4282061348
39,450,2864094082
39,451,1730017208
39,452,2319013286
39,453,2974565804
39,454,3431053226
39,455,1887916288
39,456,2900425358
39,457,912721588
39,458,3270037330
39,459,2699766728
39,460,1269145334
39,461,315792700
39,462,3868641914
39,463,2584252432
39,464,1609886430
39,465,16240964
39,466,2035683618
39,467,353633752
39,468,490735174
39,469,778627788
39,470,3921185610
39,471,1501533472
39,472,1633917230
39,473,2389291476
39,474,977248498
39,475,2101528040
39,476,210750358
39,477,167210588
39,478,4093917722
39,479,4137852976
39,480,1756382590
39,481,3578849380
39,482,2363408066
39,483,2272898040
39,484,1213476582
39,485,3003017196
39,486,2836338410
39,487,167768384
39,488,85340110
39,489,1817818356
39,490,543468178
39,491,655554568
39,492,92565558
39,493,1201018748
39,494,786850234
39,495,2113783888
39,496,4069038110
39,497,3276298116
39,498,3103433826
39,499,1170270744
39,500,1146081158
39,501,1601092876
39,502,185555594
39,503,4024067424
39,504,1320337006
39,505,3153661972
39,506,4240567346
39,507,3566060072
39,508,1964870870
39,509,3570440348
39,510,3750183258
39,511,1890322544
39,512,2918703806
39,513,2740985508
39,514,550748674
39,515,1021034552
39,516,4253870118
39,517,3986418220
39,518,130242090
39,519,2791371136
39,520,275989774
39,521,2324284212
39,522,1983997394
39,523,828712008
39,524,2641699190
39,525,3829985724
39,526,363911418
39,527,1287610512
39,528,3069715806
39,529,4288298436
39,530,3608418210
39,531,3745263192
39,532,3018160326
39,533,3504861004
39,534,783616458
39,535,375756192
39,536,3625042862
39,537,651021908
39,538,4081915762
39,539,2127240808
39,540,1680158230
39,541,4062257884
39,542,1219307674
39,543,3989426352
39,544,889413630
39,545,863548644
39,546,2112202050
39,547,1154757752
39,548,2595455334
39,549,1446300780
39,550,1190032746
39,551,2520404416
39,552,2395486798
39,553,1090990452
39,554,969867538
39,555,3010572424
39,556,4064785078
39,557,3824888828
39,558,4148572218
39,559,2900187344
39,560,4212363934
39,561,2348647428
39,562,3874646754
39,563,1259721368
39,564,2026963462
39,565,3286532492
39,566,4009335050
39,567,162604512
39,568,424716526
39,569,184020116
39,570,254878386
39,571,2609568424
39,572,1417064278
39,573,687410460
39,574,1204154330
39,575,2156656880
39,576,664976702
39,577,1739238180
39,578,3009702018
39,579,3035826360
39,580,1217919654
39,581,2044268204
39,582,1021342890
39,583,35394048
39,584,4158984078
39,585,1474428852
39,586,3630005330
39,587,4173896904
39,588,449586166
39,589,3653027388
39,590,2817943418
39,591,484946192
39,592,3299532766
39,593,1451371076
39,594,4091911714
39,595,1256052440
39,596,3621940038
39,597,292844492
39,598,1580009546
39,599,3729593888
39,600,3862916654
39,601,3162991316
39,602,968756722
39,603,2724001512
39,604,4175564950
39,605,3630716764
39,606,1830917914
39,607,327319856
39,608,1738930814
39,609,973472100
39,610,3365931970
39,611,4207426808
39,612,1745507302
39,613,2107158764
39,614,938038250
39,615,3935711808
39,616,2073674958
39,617,2938777076
39,618,3074217874
39,619,2767841544
39,620,1708291382
39,621,4036870268
39,622,1947303610
39,623,4084099408
39,624,3515747614
39,625,1698181252
39,626,20820322
39,627,4163123992
39,628,1307161734
39,629,715638284
39,630,111105930
39,631,2160682592
39,632,3400405870
39,633,2810988820
39,634,1413732658
39,635,1657893672
39,636,1010258390
39,637,4152295836
39,638,3239059034
39,639,1765632368
39,640,2396854206
39,641,3164256164
39,642,3169357570
39,643,3689140536
39,644,2447019302
39,645,511947564
39,646,4267250474
39,647,674804352
39,648,28727822
39,649,1055898676
39,650,868029138
39,651,3012924744
39,652,1512744566
39,653,3954055868
39,654,535262714
39,655,1593934224
39,656,2542606942
39,657,3593443012
39,658,172663970
39,659,3296264024
39,660,2411126214
39,661,411990092
39,662,3936388810
39,663,3048609440
39,664,174889134
39,665,1343653716
39,666,940737650
39,667,74993512
39,668,1095136022
39,669,357370844
39,670,3286336922
39,671,474788272
39,672,4011332862
39,673,427347428
39,674,2274226754
39,675,1976943992
39,676,2530780774
39,677,2980713836
39,678,3464475242
39,679,1804833472
39,680,705351502
39,681,390244980
39,682,2737712658
39,683,2016125320
39,684,3064248246
39,685,637392124
39,686,3888663866
39,687,1714485712
39,688,1148716958
39,689,3749207300
39,690,39614434
39,691,2037130136
39,692,2316953350
39,693,2084080268
39,694,2223019530
39,695,430122720
39,696,2706046446
39,697,1379280276
39,698,3061452722
39,699,115444648
39,700,1658811478
39,701,1491236380
39,702,1843776730
39,703,2671794672
39,704,2452025918
39,705,2461025316
39,706,400569730
39,707,1043208632
39,708,2144640934
39,709,605804460
39,710,1588408746
39,711,1027003136
39,712,1281827982
39,713,1613953204
39,714,1390422354
39,715,2655784392
39,716,1913694454
39,717,2459758396
39,718,2147746938
39,719,3884765712
39,720,3189691614
39,721,3475145540
39,722,3569560354
39,723,948807640
39,724,1642254406
39,725,2394291404
39,726,3331294538
39,727,555783968
39,728,1125729070
39,729,1643848660
39,730,2563406578
39,731,1100818408
39,732,869422486
39,733,2169454684
39,734,795669530
39,735,1017668144
39,736,970567550
39,737,2186353252
39,738,1429166274
39,739,41733624
39,740,2375973094
39,741,4209572332
39,742,3711013098
39,743,4256330560
39,744,2023446990
39,745,1506846452
39,746,2283996306
39,747,696703496
39,748,3141433910
39,749,3164301692
39,750,350919610
39,751,2577730128
39,752,2723250718
39,753,188615044
39,754,1691270754
39,755,2070776856
39,756,1944164742
39,757,555142924
39,758,454907018
39,759,415131488
39,760,1537697902
39,761,1265992212
39,762,2689844786
39,763,3829081128
39,764,2129598166
39,765,3852692124
39,766,4039572314
39,767,387238512
39,768,1610632382
39,769,1516982436
39,770,516643842
39,771,3897680440
39,772,956707366
39,773,1394703404
39,774,4032614442
39,775,3851842432
39,776,1987538702
39,777,1546368308
39,778,2152120274
39,779,1970013768
39,780,4177406838
39,781,3339273148
39,782,1254888186
39,783,185180816
39,784,1189089118
39,785,299560900
39,786,2379166114
39,787,328978520
39,788,1424376518
39,789,2624258380
39,790,1685717962
39,791,621582240
39,792,247819694
39,793,4071964756
39,794,2254827890
39,795,1984659560
39,796,1191557142
39,797,1961817308
39,798,306438810
39,799,689279664
39,800,912968190
39,801,2769217252
39,802,1275346754
39,803,1832736376
39,804,853265254
39,805,3788856940
39,806,3061772138
39,807,91411392
39,808,3318441038
39,809,3612615540
39,810,1889229586
39,811,898339464
39,812,3391077558
39,813,1828093436
39,814,1039690298
39,815,2722798288
39,816,3113909406
39,817,2030646788
39,818,588547298
39,819,715682968
39,820,3519073286
39,821,29528972
39,822,4243952394
39,823,1117464544
39,824,943936238
39,825,1405771412
39,826,4233166002
39,827,3613277352
39,828,3336976726
39,829,3057770268
39,830,1815325146
39,831,1161476848
39,832,2800297790
39,833,72080676
39,834,2888434306
39,835,1724852920
39,836,1676625062
39,837,4094992556
39,838,3320311466
39,839,1171756032
39,840,2657565070
39,841,1398403508
39,842,2255541842
39,843,1970634440
39,844,91434486
39,845,24320060
39,846,2193596794
39,847,2650272528
39,848,3226520030
39,849,4007189572
39,850,4025399330
39,851,1109620952
39,852,4014028102
39,853,3928851916
39,854,3068133962
39,855,1174018080
39,856,1810962478
39,857,2193939668
39,858,2875516914
39,859,1057183976
39,860,1902156438
39,861,3366725980
39,862,1323716890
39,863,370426672
39,864,1397449854
39,865,842150756
39,866,109880770
39,867,43474680
39,868,3977289190
39,869,1861173996
39,870,753389034
39,871,1733604416
39,872,4028296910
39,873,1884102644
39,874,3877056914
39,875,2562312968
39,876,3116924726
39,877,1871647356
39,878,628209850
39,879,346139472
39,880,3637704478
39,881,962192004
39,882,3081620322
39,883,865918232
39,884,3929505414
39,885,2260457484
39,886,3699986826
39,887,3686361184
39,888,4120821102
39,889,2880748308
39,890,888255282
39,891,1019925800
39,892,4047821782
39,893,1664996252
39,894,2192300122
39,895,506604400
39,896,2506195390
39,897,13756836
39,898,444344578
39,899,3324375864
39,900,655349542
39,901,3480569132
39,902,1909361962
39,903,41563264
39,904,1656128526
39,905,3862801972
39,906,2950589650
39,907,1525184328
39,908,770682998
39,909,979004604
39,910,2858332154
39,911,4107781008
39,912,955319390
39,913,916211908
39,914,899792546
39,915,816095576
39,916,930326470
39,917,2692581964
39,918,809599178
39,919,2288588960
39,920,3642507950
39,921,313129300
39,922,843538034
39,923,3091509608
39,924,694353174
39,925,3573997020
39,926,1205092250
39,927,3089396656
39,928,2130411262
39,929,1513816036
39,930,2672331842
39,931,2399856504
39,932,2730291302
39,933,716613484
39,934,2464951402
39,935,2279085248
39,936,1443494222
39,937,2235276404
39,938,4128671762
39,939,3482420104
39,940,3770204598
39,941,2095392508
39,942,232163130
39,943,86653904
39,944,3464163742
39,945,3702525700
39,946,488280546
39,947,3268068760
39,948,2210771206
39,949,2558696588
39,950,3965227018
39,951,2828609760
39,952,3526993902
39,953,330602388
39,954,884337074
39,955,4043369896
39,956,881524310
39,957,85411868
39,958,1454343898
39,959,377166832
39,960,3655949374
39,961,1081964068
39,962,1145163650
39,963,2463513528
39,964,686287270
39,965,767781292
39,966,110144426
39,967,1073632512
39,968,3789901454
39,969,894888628
39,970,3339682642
39,971,1648685000
39,972,2297672438
39,973,3930014012
39,974,3291037306
39,975,3827897360
39,976,1061207774
39,977,967128388
39,978,426263842
39,979,3416213976
39,980,3019741766
39,981,1742409420
39,982,3273555786
39,983,1893308704
39,984,1422322990
39,985,585405908
39,986,3314373874
39,987,2123336168
39,988,1703731094
39,989,1920930396
39,990,3750604314
39,991,1137058864
39,992,670767486
39,993,3450424420
39,994,2964845250
39,995,1595404280
39,996,3126903526
39,997,497781740
39,998,3138128618
39,999,1266480448
40,0,3591930830
40,1,4137654516
40,2,672751250
40,3,3599940616
40,4,359695414
40,5,3447241596
40,6,3114718650
40,7,140790864
40,8,3910298654
40,9,1938537348
40,10,3453671522
40,11,2226269720
40,12,3840631686
40,13,2677465356
40,14,3739438730
40,15,3988416864
40,16,2358514286
40,17,3427398676
40,18,1713217586
40,19,1350600232
40,20,1194893526
40,21,877542556
40,22,2327754074
40,23,580226160
40,24,2734732990
40,25,869171876
40,26,2214262274
40,27,3646948408
40,28,2415361062
40,29,3615428140
40,30,380521002
40,31,2732848512
40,32,3128137998
40,33,3777341236
40,34,377756114
40,35,1208674376
40,36,2902406518
40,37,161584572
40,38,1386171642
40,39,3228296336
40,40,3787454814
40,41,3363021252
40,42,3586280354
40,43,2140369496
40,44,1801391302
40,45,1757811532
40,46,3791060426
40,47,63674784
40,48,1567692718
40,49,3019158100
40,50,2411121522
40,51,2925781608
40,52,2623422998
40,53,4187277020
40,54,2022874266
40,55,1836668080
40,56,1019884542
40,57,3170703588
40,58,1432017218
40,59,1061058680
40,60,444339558
40,61,3494768748
40,62,4157041002
40,63,381900224
40,64,3469119054
40,65,620303732
40,66,2275390738
40,67,708670600
40,68,2926560950
40,69,432656380
40,70,1801626682
40,71,852483280
40,72,4145637022
40,73,2389501956
40,74,3295583970
40,75,2782074520
40,76,3559429638
40,77,2222499212
40,78,3869871370
40,79,1872570848
40,80,1663958254
40,81,2515849364
40,82,3014186674
40,83,935960232
40,84,1607320406
40,85,157462812
40,86,1096377306
40,87,3070328048
40,88,2670170430
40,89,3410300708
40,90,3022494850
40,91,641944760
40,92,46042790
40,93,354955948
40,94,3030870186
40,95,1336612352
40,96,182543246
40,97,170517428
40,98,1757163602
40,99,1220174024
40,100,2962372598
40,101,285305404
40,102,1480645498
40,103,1579169040
40,104,2934879198
40,105,864521796
40,106,623890978
40,107,956373720
40,108,3826777926
40,109,1270781900
40,110,2135620682
40,111,3317635616
40,112,4053451310
40,113,1180323540
40,114,994296306
40,115,3829512936
40,116,3294045334
40,117,1120402268
40,118,4116908826
40,119,1774060848
40,120,736677502
40,121,3635832164
40,122,665927618
40,123,2080276728
40,124,697231334
40,125,1260246252
40,126,463357930
40,127,3458938432
40,128,513022158
40,129,4039643636
40,130,2670300050
40,131,3339824392
40,132,2184612150
40,133,2589484156
40,134,3851023034
40,135,418180432
40,136,1192223006
40,137,1037276292
40,138,2069226850
40,139,3534585624
40,140,2549958790
40,141,2947017228
40,142,3056290698
40,143,1925278304
40,144,344418158
40,145,2973052180
40,146,2279050546
40,147,56375080
40,148,885679574
40,149,483698076
40,150,486511194
40,151,3359567216
40,152,4242402238
40,153,2002852772
40,154,793232130
40,155,2248152376
40,156,2814189862
40,157,2940131116
40,158,1929119530
40,159,3939743360
40,160,1907273230
40,161,1357094964
40,162,137873106
40,163,550721864
40,164,707574390
40,165,4175347388
40,166,1468918266
40,167,298190224
40,168,3041717854
40,169,1264646852
40,170,1110497442
40,171,1684554584
40,172,615018950
40,173,960797772
40,174,228227786
40,175,3140754080
40,176,2411981998
40,177,3667225428
40,178,4071897202
40,179,1017713512
40,180,1408730902
40,181,2795024348
40,182,3095329178
40,183,3977524656
40,184,3822512382
40,185,1364537828
40,186,1111172674
40,187,3789031800
40,188,3457759846
40,189,379271532
40,190,2031134314
40,191,3593770688
40,192,604054350
40,193,3129773684
40,194,2033639954
40,195,697263496
40,196,3880045494
40,197,128219388
40,198,1788657978
40,199,3476782544
40,200,2809519006
40,201,306168068
40,202,3977292770
40,203,935421848
40,204,4142496518
40,205,161787532
40,206,2145946122
40,207,3148294880
40,208,3743437294
40,209,3733653908
40,210,3442066354
40,211,2411220904
40,212,4239296598
40,213,2267290140
40,214,1076969690
40,215,3402489328
40,216,1789118014
40,217,681748516
40,218,3487263106
40,219,2232835512
40,220,628306854
40,221,3997367212
40,222,1680614826
40,223,2564675328
40,224,224098446
40,225,3587366068
40,226,3212238162
40,227,215339464
40,228,810466550
40,229,968463164
40,230,1392932986
40,231,2950518288
40,232,2203756766
40,233,1618995012
40,234,3880083234
40,235,3997756376
40,236,3012584518
40,237,3654820044
40,238,2137356618
40,239,1756011296
40,240,913086254
40,241,4045801428
40,242,1619537650
40,243,1410984936
40,244,1103063446
40,245,4253475932
40,246,2758174746
40,247,737928752
40,248,3541336958
40,249,3612966500
40,250,1064864962
40,251,3175813624
40,252,1855655142
40,253,994450924
40,254,3802039530
40,255,325023552
40,256,3180178894
40,257,1657178868
40,258,2689054866
40,259,1312202248
40,260,3021639222
40,261,2586709372
40,262,3172667322
40,263,3929771600
40,264,1724601886
40,265,473001348
40,266,2485056098
40,267,2173620248
40,268,929901958
40,269,4209963788
40,270,4133570698
40,271,2395892576
40,272,2172173422
40,273,1584817684
40,274,3995040306
40,275,962455592
40,276,1845111510
40,277,3771797148
40,278,1299083098
40,279,3006156400
40,280,385425598
40,281,1334424740
40,282,4032991234
40,283,805709368
40,284,2724251174
40,285,2595528748
40,286,448250922
40,287,4266227584
40,288,2087174926
40,289,964139316
40,290,3640226770
40,291,3376532040
40,292,1501052790
40,293,3423725500
40,294,3442116346
40,295,2363893392
40,296,664265566
40,297,1130648516
40,298,1324180898
40,299,1126372440
40,300,2538591942
40,301,1442391372
40,302,1194063818
40,303,3533872032
40,304,1679081902
40,305,2324440148
40,306,2940183922
40,307,1192510568
40,308,70175766
40,309,2685573340
40,310,463034010
40,311,3673495216
40,312,3894517246
40,313,2604878564
40,314,971600706
40,315,3671562872
40,316,4053032806
40,317,1100907116
40,318,2865226602
40,319,3928741824
40,320,1236908110
40,321,1240860532
40,322,517738258
40,323,2978436744
40,324,1060622518
40,325,175448572
40,326,528801338
40,327,2121080528
40,328,1401966750
40,329,3962083844
40,330,1795209442
40,331,3700799640
40,332,537419782
40,333,1812379532
40,334,1276479242
40,335,2964794336
40,336,974169838
40,337,4051124884
40,338,3577262258
40,339,3704422568
40,340,3207417174
40,341,1113293596
40,342,1731665370
40,343,4125114096
40,344,2958949182
40,345,3700834596
40,346,1801270914
40,347,323972792
40,348,3305494694
40,349,4245931180
40,350,2837373610
40,351,1066833920
40,352,3713240462
40,353,2622608820
40,354,524257874
40,355,2459386568
40,356,3156820470
40,357,677887036
40,358,3363444090
40,359,2103473936
40,360,813997534
40,361,1150173252
40,362,866708514
40,363,1333181656
40,364,1449576774
40,365,1445439948
40,366,1466824266
40,367,2107382816
40,368,389835822
40,369,659013844
40,370,2304416754
40,371,2987924712
40,372,2445651606
40,373,1723583836
40,374,9946394
40,375,780126000
40,376,2440968318
40,377,1301452644
40,378,3423459778
40,379,2264769272
40,380,3179622886
40,381,841246444
40,382,2752299498
40,383,1058650176
40,384,2802139854
40,385,1352336372
40,386,2138301842
40,387,1342279432
40,388,1595708214
40,389,2432284284
40,390,1415195834
40,391,542125904
40,392,3158625054
40,393,2460305028
40,394,3962961762
40,395,4116062488
40,396,4147843718
40,397,3312188428
40,398,864372106
40,399,1709272160
40,400,3345486190
40,401,3624771348
40,402,3975505714
40,403,3599079720
40,404,2798120918
40,405,1145272220
40,406,806046810
40,407,2271457136
40,408,1699894718
40,409,1078480292
40,410,2605407490
40,411,997340984
40,412,3017960230
40,413,3722471724
40,414,2715910442
40,415,21313664
40,416,3466516494
40,417,2665583156
40,418,3704168658
40,419,626408264
40,420,4007773302
40,421,1195053244
40,422,3346342906
40,423,3586934672
40,424,2896222302
40,425,880651460
40,426,3489133218
40,427,2143544664
40,428,4149558214
40,429,48475724
40,430,581661898
40,431,1847008416
40,432,3462633134
40,433,3352878420
40,434,425267826
40,435,2980410728
40,436,1627656470
40,437,2852291036
40,438,3051467674
40,439,3676043184
40,440,3182056190
40,441,516383716
40,442,275103810
40,443,2386373496
40,444,3102573670
40,445,2505558892
40,446,552411242
40,447,1990793408
40,448,871386446
40,449,3610607732
40,450,3431939090
40,451,2787461000
40,452,1783158198
40,453,3862678268
40,454,2652568378
40,455,3831807952
40,456,1869137310
40,457,2686939908
40,458,306103778
40,459,4165994904
40,460,2206549254
40,461,4020158604
40,462,3744498698
40,463,1926048992
40,464,1744763886
40,465,3535371156
40,466,534093234
40,467,50835880
40,468,1531581014
40,469,4278774812
40,470,3396008666
40,471,3694698480
40,472,3830853694
40,473,1797249572
40,474,1521288066
40,475,888045496
40,476,360086950
40,477,2241498540
40,478,394239914
40,479,1742035200
40,480,1858708110
40,481,1638321844
40,482,3692443474
40,483,3187585992
40,484,136431350
40,485,2701911356
40,486,3432755834
40,487,1789499408
40,488,711758558
40,489,1672649028
40,490,3730471202
40,491,3230305752
40,492,10169926
40,493,78459596
40,494,2607051594
40,495,680762656
40,496,2282373422
40,497,3971971540
40,498,163252466
40,499,3795602920
40,500,1751774102
40,501,1114027612
40,502,502735386
40,503,357148720
40,504,3676695934
40,505,3210850404
40,506,2708547266
40,507,1024865272
40,508,1246582502
40,509,1941483500
40,510,4092133098
40,511,1968830784
40,512,3472545742
40,513,3192225012
40,514,2427327122
40,515,2960293896
40,516,926718006
40,517,1119575932
40,518,3209120186
40,519,1596641360
40,520,3145482270
40,521,623845252
40,522,1469779042
40,523,2449699352
40,524,191297414
40,525,1394541836
40,526,26690186
40,527,469396832
40,528,3663029870
40,529,570087444
40,530,3629732914
40,531,3201518120
40,532,2469639382
40,533,187424924
40,534,3637913946
40,535,3906932848
40,536,1542032062
40,537,3449611940
40,538,67250690
40,539,205801528
40,540,272764966
40,541,3166843436
40,542,2625191466
40,543,398915968
40,544,1549004046
40,545,2233568052
40,546,1738984914
40,547,420523080
40,548,2657700214
40,549,777664956
40,550,1517142266
40,551,2423810192
40,552,3093810526
40,553,2729248196
40,554,2572189602
40,555,2118825560
40,556,2025365702
40,557,2214868812
40,558,874049994
40,559,2979110304
40,560,3266341806
40,561,2524681812
40,562,2231402354
40,563,1616684648
40,564,511137302
40,565,2288544476
40,566,2606239898
40,567,2441664688
40,568,3631286270
40,569,1608613092
40,570,2578451778
40,571,1611185272
40,572,1478797670
40,573,1439110252
40,574,1870683498
40,575,2678872512
40,576,3601130062
40,577,1716189556
40,578,3595594002
40,579,3949541512
40,580,477616822
40,581,1593340924
40,582,4200536122
40,583,2770493648
40,584,1862220446
40,585,2990296068
40,586,3066745570
40,587,4008729240
40,588,1432365574
40,589,3631008140
40,590,3443097866
40,591,636038624
40,592,1558925550
40,593,2253501588
40,594,16812722
40,595,3865600680
40,596,2231686998
40,597,2167166236
40,598,2110576602
40,599,567738608
40,600,2056021310
40,601,1480553252
40,602,1909117058
40,603,1307807928
40,604,1254433446
40,605,3419887276
40,606,1129209002
40,607,899291648
40,608,3049109390
40,609,701614004
40,610,1241179218
40,611,1930175688
40,612,3359132662
40,613,1738935868
40,614,1936412538
40,615,465090832
40,616,3843196894
40,617,1106047556
40,618,3143239202
40,619,2776915672
40,620,3861746502
40,621,694729676
40,622,3746099274
40,623,2375097888
40,624,2094405166
40,625,1166881492
40,626,900298226
40,627,3364257512
40,628,2041329814
40,629,1418174300
40,630,277118746
40,631,2220460336
40,632,604742270
40,633,2965817700
40,634,2476897218
40,635,1133823224
40,636,1223916518
40,637,1141045484
40,638,1714633706
40,639,3659545152
40,640,695102670
40,641,2948986356
40,642,670449554
40,643,1401516296
40,644,4034567478
40,645,1936918652
40,646,300050106
40,647,1254846800
40,648,3631330590
40,649,1473181828
40,650,2857245026
40,651,3147219736
40,652,2817580166
40,653,3892841996
40,654,4103552906
40,655,3575213664
40,656,2923477870
40,657,1077809428
40,658,72040754
40,659,3594976040
40,660,3879565782
40,661,4186589596
40,662,1540294234
40,663,2074112368
40,664,1857994686
40,665,2072477604
40,666,4270257922
40,667,108812600
40,668,3951015206
40,669,2069494572
40,670,2659121962
40,671,1708046976
40,672,428278286
40,673,4030170164
40,674,3448928978
40,675,2289114440
40,676,470732406
40,677,1164927676
40,678,2585026042
40,679,1625983376
40,680,3203187294
40,681,301096644
40,682,2130119842
40,683,2729936728
40,684,1333396934
40,685,492486732
40,686,259288778
40,687,3239190176
40,688,888881326
40,689,4201926484
40,690,1177939058
40,691,926537576
40,692,4035484438
40,693,4282667996
40,694,3757862298
40,695,2721823152
40,696,2893397246
40,697,3801191908
40,698,2848479810
40,699,3023719800
40,700,54120038
40,701,3337379180
40,702,713136746
40,703,2301991616
40,704,634877774
40,705,4214649460
40,706,2417989138
40,707,1699948936
40,708,163897270
40,709,950738172
40,710,1213281594
40,711,1688601040
40,712,3327373214
40,713,2791777540
40,714,749002722
40,715,611756952
40,716,3382251270
40,717,1785778828
40,718,2855304714
40,719,3993710304
40,720,215328238
40,721,272625044
40,722,3434706866
40,723,1794053032
40,724,4032666710
40,725,2361769500
40,726,2505880794
40,727,1790665200
40,728,3875576382
40,729,670370852
40,730,2226560386
40,731,3260981688
40,732,2565982118
40,733,332013484
40,734,3230341546
40,735,3437550336
40,736,2788150414
40,737,4174561460
40,738,3169685842
40,739,2512360904
40,740,2959921398
40,741,1077294908
40,742,3504925818
40,743,881711632
40,744,3564535006
40,745,1664961348
40,746,2661782306
40,747,1650733016
40,748,991819846
40,749,140133580
40,750,3072027978
40,751,3499400992
40,752,3919571758
40,753,900787156
40,754,1629872882
40,755,1224126440
40,756,2039250326
40,757,1629390940
40,758,3963608090
40,759,531589680
40,760,3761198974
40,761,2780947044
40,762,1990312130
40,763,4269364728
40,764,3984040166
40,765,3875750380
40,766,2397796586
40,767,2439805760
40,768,2858418638
40,769,689729268
40,770,2571922578
40,771,491151880
40,772,1054253622
40,773,3877679484
40,774,1613464506
40,775,2268205648
40,776,2267359774
40,777,2927939972
40,778,3092194914
40,779,3591377944
40,780,14205318
40,781,3358005004
40,782,2693086346
40,783,3040767840
40,784,925503598
40,785,920078868
40,786,3301649970
40,787,14724136
40,788,1457864406
40,789,3546198684
40,790,3438666586
40,791,3819426416
40,792,298972350
40,793,3456637092
40,794,1591329794
40,795,2384095800
40,796,2040224294
40,797,1571275820
40,798,1005762602
40,799,257719168
40,800,4197979918
40,801,3827531060
40,802,1653352402
40,803,1467453000
40,804,466768758
40,805,1350208444
40,806,2590571258
40,807,3944917648
40,808,875542366
40,809,105756612
40,810,1424726434
40,811,1359632472
40,812,2946067142
40,813,317147468
40,814,1220406218
40,815,3231227808
40,816,423892398
40,817,4156754004
40,818,2969131378
40,819,440207464
40,820,2335694870
40,821,3533061340
40,822,2546911898
40,823,2973014704
40,824,2914546174
40,825,718778084
40,826,346990402
40,827,4006731384
40,828,3995923302
40,829,751281772
40,830,3857766250
40,831,1464130496
40,832,361237582
40,833,2583161716
40,834,1308410642
40,835,4158855816
40,836,3861898422
40,837,928237052
40,838,2616283706
40,839,3337593552
40,840,3915785374
40,841,11009540
40,842,1204612322
40,843,4242734232
40,844,338686982
40,845,3920288652
40,846,169179914
40,847,4013109216
40,848,1807612654
40,849,1954817684
40,850,3607127218
40,851,1956365480
40,852,1364484438
40,853,3855951644
40,854,622498266
40,855,1525007088
40,856,2645741374
40,857,1581294884
40,858,1735420546
40,859,4130321080
40,860,872180902
40,861,2708662444
40,862,590730922
40,863,1370856448
40,864,874504590
40,865,3534338484
40,866,2297314898
40,867,169412296
40,868,1958696438
40,869,4005322812
40,870,4178872698
40,871,1495857936
40,872,1821929950
40,873,1269015620
40,874,1547903010
40,875,1529479384
40,876,862739782
40,877,3850489292
40,878,3067865674
40,879,362684448
40,880,3261579310
40,881,3240797396
40,882,3761262578
40,883,1200414952
40,884,470467222
40,885,741044572
40,886,3307813146
40,887,2336967472
40,888,2207321214
40,889,575863652
40,890,510594498
40,891,3519276792
40,892,1809434086
40,893,2696514284
40,894,34715114
40,895,3208559680
40,896,1171232462
40,897,776529908
40,898,951097746
40,899,4054405896
40,900,3595609910
40,901,1640258172
40,902,3189940410
40,903,3093214032
40,904,999726878
40,905,2907744900
40,906,1436431202
40,907,1164928280
40,908,1243522694
40,909,930881548
40,910,2573285770
40,911,3765006432
40,912,1762747758
40,913,164004628
40,914,1842944818
40,915,580934952
40,916,2519401430
40,917,1554586524
40,918,1078640730
40,919,3304403824
40,920,3106089406
40,921,1226748324
40,922,4177170690
40,923,119438136
40,924,4002742054
40,925,2813037868
40,926,148141354
40,927,946879616
40,928,4066847758
40,929,1692759604
40,930,2056508626
40,931,1780744008
40,932,1370740854
40,933,326874300
40,934,1869322234
40,935,3542141840
40,936,2352000094
40,937,62853316
40,938,4012779170
40,939,3980601688
40,940,3440824262
40,941,2829701708
40,942,1945462986
40,943,3559202976
40,944,1670048430
40,945,2456273236
40,946,424330866
40,947,3982899560
40,948,2726634774
40,949,3328058844
40,950,3603900314
40,951,1651735472
40,952,1345922814
40,953,3165898724
40,954,2925720642
40,955,1942974328
40,956,1291720806
40,957,3411603308
40,958,902698090
40,959,769268928
40,960,2578882894
40,961,1183802484
40,962,1676144658
40,963,2266565512
40,964,1706617270
40,965,519204604
40,966,155152186
40,967,1879000016
40,968,1278646686
40,969,1157551876
40,970,3695376866
40,971,3694480792
40,972,1764022534
40,973,2585453708
40,974,2162718730
40,975,1298215136
40,976,1839484910
40,977,3072221076
40,978,1943359922
40,979,3882775976
40,980,1542006358
40,981,1348112412
40,982,1090940634
40,983,2522227696
40,984,312673342
40,985,2132950564
40,986,3992467330
40,987,1298580408
40,988,1340412326
40,989,3100750252
40,990,4283339690
40,991,3893124352
40,992,1401812622
40,993,3143021236
40,994,33352530
40,995,3021502408
40,996,3375356662
40,997,926452028
40,998,4293797498
40,999,764025872
41,0,561538782
41,1,2132802884
41,2,3358371106
41,3,4090876376
41,4,51954246
41,5,81745612
41,6,1921673034
41,7,2158862624
41,8,4214068526
41,9,3959053780
41,10,113818866
41,11,2823361000
41,12,354879382
41,13,2041469532
41,14,2940245530
41,15,1798122544
41,16,2184233342
41,17,2860127332
41,18,1594514114
41,19,561281016
41,20,4162448102
41,21,3039155180
41,22,1403384554
41,23,2274819392
41,24,4022152142
41,25,3276497140
41,26,1512228498
41,27,3031581704
41,28,1793633334
41,29,2807956348
41,30,1070054842
41,31,2186368080
41,32,1774588958
41,33,3627189124
41,34,1446723682
41,35,1840559640
41,36,3082980230
41,37,2047289612
41,38,1932211850
41,39,2056941920
41,40,938916462
41,41,3171662868
41,42,1400178738
41,43,528879144
41,44,1494141142
41,45,1500087452
41,46,3385695578
41,47,3280508016
41,48,3635568318
41,49,1892371108
41,50,2699648514
41,51,3582495800
41,52,2121049126
41,53,2640664108
41,54,2569286186
41,55,84540800
41,56,4128522510
41,57,1987931956
41,58,1772716498
41,59,2759225416
41,60,1907580278
41,61,1383259580
41,62,756823290
41,63,3169119376
41,64,988782942
41,65,2386979268
41,66,566145954
41,67,3680631384
41,68,3690083526
41,69,581065548
41,70,622519754
41,71,532128160
41,72,131055534
41,73,3462560340
41,74,3542758258
41,75,2494917224
41,76,3933235734
41,77,2661027548
41,78,2969404570
41,79,1509448880
41,80,133684222
41,81,472244452
41,82,1256538434
41,83,2805137528
41,84,1403862374
41,85,3869259884
41,86,2920894826
41,87,821386688
41,88,2791519822
41,89,83680628
41,90,635510034
41,91,4143250568
41,92,1012919990
41,93,3011975164
41,94,2755365946
41,95,64283856
41,96,1657081502
41,97,4151029764
41,98,3188131554
41,99,644718232
41,100,4235705862
41,101,3217091980
41,102,2729014538
41,103,747975136
41,104,109618414
41,105,3691944084
41,106,4147658418
41,107,2808555176
41,108,3290164054
41,109,2421553436
41,110,4246752218
41,111,3238823152
41,112,3117496638
41,113,244963108
41,114,3964535938
41,115,738448568
41,116,548124326
41,117,2649127596
41,118,3906293930
41,119,3018399232
41,120,4168747918
41,121,3067718580
41,122,2082052178
41,123,2008934600
41,124,1639866358
41,125,3718951484
41,126,4185244538
41,127,1437678864
41,128,1729518558
41,129,2175948356
41,130,3060021794
41,131,2422711000
41,132,3726845766
41,133,2859655116
41,134,2116478026
41,135,901980704
41,136,2280745518
41,137,3122665172
41,138,686762482
41,139,1328235240
41,140,417418390
41,141,229065564
41,142,3196449562
41,143,1666518320
41,144,1343125118
41,145,3258396004
41,146,208906178
41,147,1368066296
41,148,3325562854
41,149,1749556460
41,150,396898282
41,151,242564672
41,152,2619916494
41,153,3961772532
41,154,1369633682
41,155,1247884552
41,156,2963190070
41,157,2079173756
41,158,4179286714
41,159,2299131216
41,160,2243135774
41,161,3005897860
41,162,2384874850
41,163,3001026328
41,164,2110025862
41,165,3553112588
41,166,3252892554
41,167,2815521376
41,168,2547650414
41,169,1420227860
41,170,3382637874
41,171,3683761960
41,172,1401982422
41,173,2376068508
41,174,2105440858
41,175,2204235120
41,176,3833566142
41,177,3373130660
41,178,715533058
41,179,1566088504
41,180,1562528038
41,181,2195005228
41,182,2162290474
41,183,2569649792
41,184,4181677582
41,185,485189684
41,186,2211262162
41,187,3933135176
41,188,802218614
41,189,3512731324
41,190,3883586042
41,191,1282346384
41,192,3027015262
41,193,702792388
41,194,3231531170
41,195,2137443160
41,196,271292870
41,197,3302024268
41,198,4029571786
41,199,3343917728
41,200,4195521710
41,201,2947756884
41,202,848797810
41,203,4096433000
41,204,385462038
41,205,525334492
41,206,978968986
41,207,1002651056
41,208,1223987454
41,209,3442342372
41,210,3191180866
41,211,3975975288
41,212,909795942
41,213,3265102188
41,214,3805449834
41,215,2224463552
41,216,797821774
41,217,3644872308
41,218,3890760210
41,219,729214344
41,220,505738166
41,221,3104948476
41,222,2162534714
41,223,644908496
41,224,2702279582
41,225,2616101124
41,226,3239646178
41,227,1066135448
41,228,36217606
41,229,2661086860
41,230,56128010
41,231,2966368992
41,232,711653870
41,233,3881095572
41,234,3039374258
41,235,2558908328
41,236,1038921814
41,237,1774674460
41,238,1835542746
41,239,2131289584
41,240,121466430
41,241,2426892324
41,242,913428866
41,243,4127647160
41,244,3662699430
41,245,2494645164
41,246,1942621610
41,247,3645628160
41,248,384049294
41,249,3375539380
41,250,1262765394
41,251,956914120
41,252,4067091702
41,253,2786253628
41,254,4188758138
41,255,1973313040
41,256,2977059038
41,257,3613044548
41,258,4209624866
41,259,2497672152
41,260,4169894982
41,261,440166604
41,262,1840341322
41,263,1490985760
41,264,1555250990
41,265,798740436
41,266,2594412274
41,267,540242920
41,268,3677983126
41,269,2887134300
41,270,117002266
41,271,398650928
41,272,1630153598
41,273,3985262180
41,274,4205507778
41,275,3322386936
41,276,171193574
41,277,4263536108
41,278,3793251562
41,279,2010742592
41,280,1058166222
41,281,2899464948
41,282,1932599442
41,283,2528519688
41,284,1534244406
41,285,2742244732
41,286,4263245754
41,287,1887999568
41,288,56557086
41,289,3258463620
41,290,3512687202
41,291,2029082648
41,292,3492042118
41,293,2294233868
41,294,428421258
41,295,2349757280
41,296,2092655726
41,297,3566743060
41,298,609673778
41,299,985886760
41,300,967856854
41,301,3175896732
41,302,1868388186
41,303,2827048560
41,304,1351272638
41,305,3588652196
41,306,1781594114
41,307,42905144
41,308,3199594022
41,309,2616911916
41,310,1410182186
41,311,416251776
41,312,4024986382
41,313,1546608948
41,314,486464466
41,315,537743944
41,316,1074554742
41,317,1413689276
41,318,2995220218
41,319,633286288
41,320,1822919518
41,321,1519852484
41,322,2680802722
41,323,1028758616
41,324,2646802118
41,325,3543493964
41,326,1764745162
41,327,4008616864
41,328,777218478
41,329,978971732
41,330,2341670258
41,331,4022717544
41,332,3693147158
41,333,209314012
41,334,2263105178
41,335,2882805424
41,336,2268022270
41,337,1405883108
41,338,3696483138
41,339,2838241912
41,340,681936742
41,341,2739980908
41,342,1744423786
41,343,1287512000
41,344,691429454
41,345,3344551796
41,346,4261246738
41,347,144629384
41,348,3204970678
41,349,4086458876
41,350,3007170106
41,351,2077370064
41,352,2065430686
41,353,3062325764
41,354,3111723234
41,355,2341486744
41,356,2922874886
41,357,2058289036
41,358,922054410
41,359,4262409184
41,360,3444264686
41,361,3706784404
41,362,27793586
41,363,2664073384
41,364,2103145814
41,365,2695809820
41,366,2782791130
41,367,1951090416
41,368,1860674366
41,369,2303396132
41,370,2690883202
41,371,258995896
41,372,2966618278
41,373,3778153644
41,374,875350698
41,375,2083823616
41,376,2731292046
41,377,4133592500
41,378,3279745618
41,379,3690646216
41,380,792029686
41,381,1416692796
41,382,344915322
41,383,827424528
41,384,1955349982
41,385,68749380
41,386,1774015522
41,387,1698514136
41,388,2253517126
41,389,2554065356
41,390,3576290890
41,391,234890272
41,392,1836258350
41,393,1349355732
41,394,2951087090
41,395,4284589288
41,396,271570582
41,397,419108188
41,398,2627382554
41,399,745983792
41,400,696508542
41,401,2960351076
41,402,4256186818
41,403,3806997240
41,404,4161690086
41,405,3132010220
41,406,1190570474
41,407,3888365632
41,408,3430542030
41,409,156683252
41,410,315444626
41,411,2108757768
41,412,526695222
41,413,3790536316
41,414,1657476282
41,415,3704436560
41,416,1455977246
41,417,2304511620
41,418,4091963234
41,419,602450200
41,420,3806476934
41,421,3706471436
41,422,236793226
41,423,1263629408
41,424,3667573102
41,425,1088382740
41,426,3080507186
41,427,555426088
41,428,3211663318
41,429,2892939164
41,430,3010081882
41,431,3605444464
41,432,2429812158
41,433,458560932
41,434,864666882
41,435,690667320
41,436,3609695014
41,437,752267564
41,438,2795989290
41,439,2818261120
41,440,3457122318
41,441,944331316
41,442,2302576850
41,443,693224264
41,444,1449520246
41,445,2669435068
41,446,2722237434
41,447,3973402512
41,448,3617620062
41,449,2757784772
41,450,2470730402
41,451,2032299352
41,452,3099091910
41,453,2446325324
41,454,606035146
41,455,3130205344
41,456,2559721134
41,457,1918281044
41,458,840727154
41,459,1804008808
41,460,3991288086
41,461,706333148
41,462,2862390170
41,463,1311440816
41,464,916978430
41,465,872426468
41,466,2034247746
41,467,1069659000
41,468,1592700006
41,469,3434746732
41,470,3515811946
41,471,2909479104
41,472,2271016270
41,473,3544795252
41,474,3156255762
41,475,1919733640
41,476,3540581814
41,477,654906108
41,478,1329849146
41,479,2818164688
41,480,1692691870
41,481,3409328900
41,482,2066165218
41,483,1853526424
41,484,883191046
41,485,2549549196
41,486,3514854410
41,487,945108192
41,488,3811156974
41,489,3236119444
41,490,817169842
41,491,2654288296
41,492,912800342
41,493,4178326556
41,494,3129074394
41,495,1154721776
41,496,1691342910
41,497,2089067044
41,498,4263734146
41,499,3695118264
41,500,3627263398
41,501,3345536428
41,502,3187509162
41,503,3231932672
41,504,2419214990
41,505,1114019508
41,506,952344402
41,507,1150434248
41,508,3424513782
41,509,2898603324
41,510,1579195002
41,511,751476752
41,512,610548446
41,513,2347589956
41,514,3604930850
41,515,1702958552
41,516,3145094726
41,517,1752267468
41,518,1217420106
41,519,2032641312
41,520,2922441006
41,521,546652628
41,522,3166073074
41,523,3501577704
41,524,1808014230
41,525,408288860
41,526,2473200154
41,527,1165013040
41,528,488347006
41,529,2398255204
41,530,3917713090
41,531,204651512
41,532,3284565734
41,533,3790796780
41,534,3661817578
41,535,2184446272
41,536,945782734
41,537,95503604
41,538,2222422674
41,539,3813804040
41,540,2960441398
41,541,4217415548
41,542,992489914
41,543,1909971024
41,544,4092586014
41,545,2358634372
41,546,3384505442
41,547,398850584
41,548,3925745542
41,549,340741388
41,550,866069130
41,551,161117536
41,552,2776108654
41,553,2642190356
41,554,3614489650
41,555,1922617896
41,556,2563366102
41,557,520562844
41,558,1571098970
41,559,2995918960
41,560,425407166
41,561,492416676
41,562,1521521154
41,563,892129336
41,564,3665246246
41,565,2036890156
41,566,212805162
41,567,1789723008
41,568,2276758798
41,569,3040432948
41,570,478950866
41,571,3929814088
41,572,652046710
41,573,1978368444
41,574,3400182010
41,575,1169256592
41,576,1767339358
41,577,2336214468
41,578,1863116706
41,579,2530819672
41,580,2500577478
41,581,1151369036
41,582,3036469706
41,583,1312662944
41,584,751768494
41,585,1537826388
41,586,2050221938
41,587,1265512040
41,588,4816406
41,589,1009758940
41,590,3112368282
41,591,3334987952
41,592,3411980286
41,593,4056564964
41,594,1761244482
41,595,347948152
41,596,219533670
41,597,2195283052
41,598,3012707690
41,599,3399377344
41,600,1040288334
41,601,17744244
41,602,1985073426
41,603,1289797768
41,604,237503158
41,605,393591804
41,606,1761083450
41,607,1323788496
41,608,3530220190
41,609,1576735748
41,610,3659741922
41,611,1279976088
41,612,3379515910
41,613,980750732
41,614,1727621386
41,615,2208380384
41,616,1611004142
41,617,2536209556
41,618,2521821874
41,619,2059791016
41,620,487784278
41,621,920624412
41,622,3209936858
41,623,2493647088
41,624,1559629118
41,625,3998497572
41,626,598816898
41,627,3228833976
41,628,2222082726
41,629,2337644204
41,630,2772190378
41,631,3398967808
41,632,3541458830
41,633,2973863860
41,634,4279782482
41,635,1456450760
41,636,2099540982
41,637,1930384956
41,638,3932174202
41,639,201965840
41,640,888811486
41,641,4074224196
41,642,374238754
41,643,4188727000
41,644,3422075718
41,645,3470590924
41,646,1541724234
41,647,3193251360
41,648,317505070
41,649,2752707284
41,650,353689074
41,651,2016413416
41,652,2717278358
41,653,1848043356
41,654,4284966682
41,655,112234800
41,656,2951826046
41,657,218599780
41,658,2451889090
41,659,2783005944
41,660,2707203046
41,661,3085779180
41,662,805118954
41,663,1797931584
41,664,1992496334
41,665,2783034868
41,666,472885138
41,667,2878929160
41,668,3265447222
41,669,3016249468
41,670,2603830970
41,671,3551033680
41,672,1322605854
41,673,1340457092
41,674,652116322
41,675,3096005400
41,676,427295878
41,677,1927829004
41,678,504309642
41,679,3941168736
41,680,3511903086
41,681,4000307476
41,682,3620907314
41,683,322732840
41,684,2042864086
41,685,3642069404
41,686,2181951066
41,687,3749935472
41,688,1579182014
41,689,1609844644
41,690,3013959426
41,691,2325012792
41,692,4238662950
41,693,3316663084
41,694,438625066
41,695,2229584512
41,696,282569230
41,697,3607055412
41,698,719839954
41,699,1187816776
41,700,1702033014
41,701,2628823740
41,702,1069630970
41,703,3562246544
41,704,2513201758
41,705,2469734084
41,706,119764130
41,707,4202041176
41,708,1723674054
41,709,799475788
41,710,2949142218
41,711,3454936736
41,712,3741968558
41,713,4199683924
41,714,3084473458
41,715,1937465192
41,716,3343565590
41,717,112958428
41,718,3348583834
41,719,3114975664
41,720,3109250302
41,721,287989220
41,722,2139275842
41,723,2350830968
41,724,1729820262
41,725,162440556
41,726,2718138986
41,727,3361186496
41,728,1092886350
41,729,1420442228
41,730,2156985874
41,731,2080027016
41,732,610600886
41,733,2295883004
41,734,341450042
41,735,345704912
41,736,934238110
41,737,4074106116
41,738,2859288546
41,739,2298557336
41,740,2694330118
41,741,2787711628
41,742,2338350602
41,743,66270944
41,744,937446894
41,745,1674163604
41,746,2256068530
41,747,410819496
41,748,3847996502
41,749,506005020
41,750,3360922842
41,751,129395184
41,752,3411690046
41,753,1656345636
41,754,3842835842
41,755,537864632
41,756,3918458790
41,757,1895327660
41,758,2112422314
41,759,3188908800
41,760,1601729678
41,761,1190299828
41,762,1786444114
41,763,4138933704
41,764,4131977462
41,765,1800372028
41,766,3444429946
41,767,1930355216
41,768,441328862
41,769,3168277316
41,770,4228643618
41,771,2243606488
41,772,3956875334
41,773,259951820
41,774,2737263946
41,775,25732896
41,776,2410058542
41,777,3739661268
41,778,218188530
41,779,3654301672
41,780,1724294550
41,781,3731738716
41,782,4103259162
41,783,339112496
41,784,1443168126
41,785,2930944612
41,786,3415484610
41,787,334880248
41,788,3302017254
41,789,2157808108
41,790,3693437162
41,791,3332801344
41,792,2074388942
41,793,3991418612
41,794,771085458
41,795,3129338376
41,796,166644278
41,797,3475372412
41,798,2532076474
41,799,2789153360
41,800,3682128414
41,801,1464572292
41,802,3746532962
41,803,1781701656
41,804,2773477766
41,805,1018650380
41,806,1634542730
41,807,322860896
41,808,1378662510
41,809,934875668
41,810,214079026
41,811,3875943464
41,812,375088854
41,813,2660891292
41,814,883215194
41,815,29022832
41,816,3542326462
41,817,1730470052
41,818,308816898
41,819,2372071992
41,820,1907393062
41,821,1437469740
41,822,1661509674
41,823,446858112
41,824,1568194318
41,825,2711307572
41,826,139562962
41,827,587404872
41,828,3324410742
41,829,3614167996
41,830,361095930
41,831,1018933904
41,832,3506397022
41,833,1077968836
41,834,797442466
41,835,133750872
41,836,1640796870
41,837,2531496268
41,838,2827080650
41,839,1571071904
41,840,2739060142
41,841,1381027924
41,842,1057800562
41,843,3350106216
41,844,4142532630
41,845,1304265948
41,846,3906581146
41,847,3402867376
41,848,1954945534
41,849,371226340
41,850,2430144322
41,851,166094456
41,852,2701007718
41,853,2772037228
41,854,820166506
41,855,3398886336
41,856,2227483726
41,857,3525030772
41,858,786311954
41,859,3820659336
41,860,3384806582
41,861,1060179452
41,862,1701460538
41,863,2635377360
41,864,145869982
41,865,231130628
41,866,3221574882
41,867,2292024472
41,868,3995016198
41,869,521347980
41,870,3535102730
41,871,3712694240
41,872,1589158638
41,873,717090452
41,874,1429195954
41,875,1532578984
41,876,1128434006
41,877,1927835420
41,878,3917576666
41,879,1108396784
41,880,603748158
41,881,1572171044
41,882,372691586
41,883,1594899128
41,884,998872230
41,885,3159437484
41,886,3691232938
41,887,3205735424
41,888,693668238
41,889,125403572
41,890,3471550034
41,891,138186440
41,892,3951787510
41,893,1501931580
41,894,451506554
41,895,98173712
41,896,1214257630
41,897,1844341828
41,898,1545046050
41,899,1840285912
41,900,1326941510
41,901,1851135436
41,902,2992099914
41,903,1724000288
41,904,408840238
41,905,3574623444
41,906,4168857586
41,907,3650513128
41,908,1848961686
41,909,757774684
41,910,2263621914
41,911,302142256
41,912,2203497598
41,913,4159947620
41,914,1775334850
41,915,3127930616
41,916,1646456294
41,917,2147734252
41,918,1924898282
41,919,3098068032
41,920,990133966
41,921,3787763700
41,922,231342482
41,923,4095269640
41,924,978898742
41,925,293184124
41,926,1112770746
41,927,2375793488
41,928,232408862
41,929,650605188
41,930,3339623266
41,931,2428628248
41,932,3246771846
41,933,3049023500
41,934,2444829066
41,935,2795075680
41,936,470027630
41,937,2102938388
41,938,3393225522
41,939,3522553128
41,940,579939286
41,941,865362844
41,942,2305402970
41,943,3174579056
41,944,3966030270
41,945,3068885412
41,946,1257830658
41,947,2711028536
41,948,1838819110
41,949,1835128108
41,950,2069519658
41,951,1340490880
41,952,1637340174
41,953,420298292
41,954,147406034
41,955,1658816328
41,956,4244111478
41,957,3927768252
41,958,1610121210
41,959,585749392
41,960,2398114910
41,961,375511236
41,962,3157954210
41,963,593604952
41,964,3124361158
41,965,3193313868
41,966,858345674
41,967,560015520
41,968,1836683950
41,969,1738901844
41,970,1674456690
41,971,738705768
41,972,1126649110
41,973,3577048540
41,974,826937242
41,975,2655159216
41,976,1895223038
41,977,2225901540
41,978,1895652418
41,979,4061394808
41,980,4005511270
41,981,2574989164
41,982,4096785514
41,983,4116456640
41,984,4242753870
41,985,2103651444
41,986,3577305106
41,987,1746965384
41,988,2990084534
41,989,4269782780
41,990,1881691962
41,991,2354334672
41,992,3111272862
41,993,852336388
41,994,4008403426
41,995,2938099096
41,996,3859022086
41,997,3912445068
41,998,3505938442
41,999,866728160
42,0,3364812782
42,1,4027066260
42,2,1450490290
42,3,660340136
42,4,3938930262
42,5,4179482652
42,6,920475354
42,7,3887148016
42,8,3671895102
42,9,1665599012
42,10,2335088514
42,11,3782691768
42,12,2925672870
42,13,2975857068
42,14,1401715626
42,15,4053427456
42,16,615947918
42,17,4141251252
42,18,2154451794
42,19,1869348808
42,20,283902710
42,21,28430652
42,22,3878882938
42,23,1751852048
42,24,858787550
42,25,2317010244
42,26,175183138
42,27,361519576
42,28,699656774
42,29,795057868
42,30,494292810
42,31,302098720
42,32,2702458158
42,33,2324702676
42,34,730080498
42,35,1535285736
42,36,1816211350
42,37,509452892
42,38,3396566554
42,39,2752787504
42,40,2884004222
42,41,1825234020
42,42,1088209602
42,43,4249944056
42,44,2907902694
42,45,4196408300
42,46,2277497578
42,47,1697711424
42,48,2833372110
42,49,2239178996
42,50,262942354
42,51,1011993608
42,52,132174902
42,53,1052986236
42,54,2976425402
42,55,767450192
42,56,1509538846
42,57,1113148292
42,58,2988157026
42,59,2419539480
42,60,2719593350
42,61,569864460
42,62,1123229322
42,63,3371858272
42,64,584671854
42,65,3276637204
42,66,1682731058
42,67,3087767080
42,68,1382346966
42,69,1543818396
42,70,2489091418
42,71,3053165680
42,72,501483198
42,73,3544715940
42,74,827835906
42,75,724636728
42,76,610389030
42,77,1355521580
42,78,4145682986
42,79,1219495296
42,80,288680206
42,81,1096103732
42,82,2152655314
42,83,3932289096
42,84,3186066806
42,85,2562991548
42,86,857283834
42,87,719189136
42,88,1134512478
42,89,2576953796
42,90,2168134562
42,91,2964357720
42,92,2751814854
42,93,3925779276
42,94,3820932554
42,95,1025747360
42,96,833513390
42,97,1045447252
42,98,2048760690
42,99,2223436392
42,100,1610781206
42,101,1629705948
42,102,3035131034
42,103,3623314608
42,104,581272574
42,105,3771640036
42,106,4092569922
42,107,2829551736
42,108,2220778854
42,109,712147052
42,110,2146122090
42,111,1822909888
42,112,2642402894
42,113,1518380404
42,114,3349316882
42,115,3979117704
42,116,2446333622
42,117,2328125436
42,118,1217688634
42,119,2254040272
42,120,3186669214
42,121,3857348612
42,122,186609378
42,123,1619535512
42,124,3158763014
42,125,1216951692
42,126,438918410
42,127,722287072
42,128,1768115438
42,129,3081265300
42,130,3729237682
42,131,1619308200
42,132,2414482262
42,133,1959346460
42,134,3295097818
42,135,2627177712
42,136,1677386046
42,137,4151222052
42,138,401894530
42,139,189029560
42,140,1981341350
42,141,2485437100
42,142,2021865642
42,143,2040997376
42,144,1167242126
42,145,420049844
42,146,3539402834
42,147,272724168
42,148,443189238
42,149,668203580
42,150,1177201530
42,151,1052919056
42,152,1321075678
42,153,2505907780
42,154,3675824674
42,155,3779996376
42,156,2947436358
42,157,2527537100
42,158,2021837898
42,159,658975264
42,160,499651118
42,161,57007828
42,162,4196045298
42,163,1133824744
42,164,350975126
42,165,1980140380
42,166,3542670106
42,167,1852577072
42,168,1135877758
42,169,2436363620
42,170,615911362
42,171,1083674872
42,172,3663804390
42,173,854746348
42,174,2939295722
42,175,4030678592
42,176,3107809486
42,177,3707740660
42,178,2275171218
42,179,1999682824
42,180,646371638
42,181,453178492
42,182,4163617466
42,183,715586896
42,184,869740830
42,185,771826820
42,186,1953936738
42,187,3432156952
42,188,2064357510
42,189,3311958540
42,190,152771466
42,191,2657188448
42,192,1521268590
42,193,228113684
42,194,786849074
42,195,2101823272
42,196,1507243478
42,197,3689624988
42,198,1769824858
42,199,2416246128
42,200,3684776894
42,201,1077586852
42,202,2575602434
42,203,2385585464
42,204,3389485350
42,205,1139500844
42,206,1783093034
42,207,687851136
42,208,1615855118
42,209,510865460
42,210,3269629650
42,211,2643093832
42,212,3170175606
42,213,2808172220
42,214,2733095418
42,215,4170716560
42,216,1661746782
42,217,1306954436
42,218,1384753314
42,219,333796184
42,220,1395573190
42,221,1574775884
42,222,1312967370
42,223,3572247200
42,224,3823189166
42,225,3662740308
42,226,3589998706
42,227,3039568744
42,228,24893206
42,229,3045539804
42,230,2276772250
42,231,468862384
42,232,4254218494
42,233,2928067044
42,234,3987732034
42,235,2443254136
42,236,2514192998
42,237,2619328876
42,238,1746171498
42,239,1417193152
42,240,1520071502
42,241,1836326516
42,242,1511633426
42,243,1457419656
42,244,478485430
42,245,2818509052
42,246,44994874
42,247,790990288
42,248,2318216094
42,249,2870825220
42,250,3902897122
42,251,14055320
42,252,2766654214
42,253,2165653132
42,254,1112037898
42,255,3883350752
42,256,892707310
42,257,2241763732
42,258,1084789682
42,259,3939721128
42,260,3869956182
42,261,2850728476
42,262,2787053786
42,263,79949296
42,264,861345342
42,265,2653698084
42,266,2424846722
42,267,1081568696
42,268,3333260198
42,269,2829028268
42,270,3739743658
42,271,2067392256
42,272,2146224270
42,273,1913810100
42,274,445754706
42,275,3468485064
42,276,3154578678
42,277,2414617404
42,278,1271941242
42,279,752838160
42,280,252311774
42,281,330659652
42,282,2718838562
42,283,888536024
42,284,352760902
42,285,3894456524
42,286,1467828554
42,287,3398609696
42,288,2189027118
42,289,1133615060
42,290,3091136242
42,291,1976368104
42,292,473151894
42,293,4163204188
42,294,3037476890
42,295,352974384
42,296,3200242558
42,297,3912961636
42,298,3915209922
42,299,3896779256
42,300,491609318
42,301,1853533676
42,302,2098353386
42,303,2111014720
42,304,1612119502
42,305,3965590260
42,306,3382347922
42,307,2293607944
42,308,1246420534
42,309,1782095228
42,310,714923962
42,311,676699728
42,312,259171870
42,313,1841233284
42,314,3793732194
42,315,2849234968
42,316,2153479558
42,317,3826221836
42,318,2016483466
42,319,1255045984
42,320,3078491246
42,321,1614411284
42,322,2114865714
42,323,94959656
42,324,3974527702
42,325,2001182364
42,326,483147610
42,327,4015283824
42,328,2577166526
42,329,2177057956
42,330,1467965442
42,331,781661752
42,332,2458588710
42,333,2327916588
42,334,1759745066
42,335,349538176
42,336,1122571022
42,337,3026659636
42,338,612647890
42,339,1616435784
42,340,2921369462
42,341,3656677308
42,342,3278132986
42,343,806893200
42,344,1631007582
42,345,3075072964
42,346,69612962
42,347,2969576536
42,348,4223018694
42,349,1576121676
42,350,112445386
42,351,213560224
42,352,2014450094
42,353,1067955284
42,354,3412489586
42,355,2717340776
42,356,3683851286
42,357,2522949852
42,358,3182372506
42,359,238233264
42,360,1975315966
42,361,1909775076
42,362,842941250
42,363,285256312
42,364,1463201638
42,365,847450732
42,366,1084994410
42,367,3503286208
42,368,674433102
42,369,3124598644
42,370,3768508178
42,371,2302043784
42,372,106438838
42,373,439333372
42,374,2994122298
42,375,716648144
42,376,2452070558
42,377,107358724
42,378,1534167266
42,379,4094347416
42,380,3555110918
42,381,3604432780
42,382,3713357578
42,383,2363964384
42,384,537261806
42,385,1575670420
42,386,3516367026
42,387,2856849576
42,388,2735316310
42,389,1552028444
42,390,4026854874
42,391,3291893488
42,392,3169930046
42,393,3682586916
42,394,3370780290
42,395,3843063480
42,396,3558877350
42,397,852513964
42,398,448443050
42,399,441624576
42,400,3351567758
42,401,99706292
42,402,2872728146
42,403,2396934856
42,404,2848035318
42,405,4261039164
42,406,203679098
42,407,3603072784
42,408,3893620190
42,409,2300825668
42,410,860994594
42,411,1954794712
42,412,2377980230
42,413,1741699532
42,414,1315292746
42,415,535047200
42,416,3274292270
42,417,1326665940
42,418,3119606770
42,419,3593153768
42,420,907673238
42,421,1757044060
42,422,2216531226
42,423,1005442864
42,424,2433321086
42,425,4174653284
42,426,1657973186
42,427,1482076920
42,428,2853667302
42,429,4038653676
42,430,2237698538
42,431,837666880
42,432,2439942862
42,433,3079836660
42,434,698791314
42,435,1424006920
42,436,657253174
42,437,4033103484
42,438,1555823802
42,439,3402252112
42,440,1623989022
42,441,2240992900
42,442,3474378594
42,443,2348495128
42,444,3859374726
42,445,3253505036
42,446,607458698
42,447,4064377952
42,448,760045934
42,449,3207671572
42,450,2781099826
42,451,892381480
42,452,3214163926
42,453,4061792156
42,454,3259571290
42,455,2011807600
42,456,3419776446
42,457,467787172
42,458,1061694722
42,459,1885554488
42,460,2985081638
42,461,1766652204
42,462,2263699754
42,463,808536192
42,464,2902468622
42,465,120660532
42,466,4180930770
42,467,382552904
42,468,1164579958
42,469,4101873852
42,470,2827940858
42,471,1969117072
42,472,2988451934
42,473,1505967300
42,474,1779483298
42,475,3959485784
42,476,3516632006
42,477,775700044
42,478,2702394570
42,479,143600800
42,480,3795904174
42,481,1918135636
42,482,2925519474
42,483,786990440
42,484,2722652438
42,485,3350270428
42,486,1792508826
42,487,1387923376
42,488,4280656638
42,489,2931356644
42,490,2509934658
42,491,2328247160
42,492,4235187302
42,493,832330604
42,494,2645618794
42,495,95234240
42,496,4199128398
42,497,1155338356
42,498,2939292690
42,499,1748260744
42,500,55125430
42,501,2773900028
42,502,1810680634
42,503,487509968
42,504,1239422366
42,505,2076508932
42,506,932156898
42,507,2653231512
42,508,2101581062
42,509,2379174028
42,510,2135970826
42,511,1063075040
42,512,500452334
42,513,1150094228
42,514,3843321266
42,515,2195898792
42,516,2030461526
42,517,1351580700
42,518,3055078106
42,519,2129571824
42,520,1959362622
42,521,862546468
42,522,2501497730
42,523,1561300920
42,524,3530608038
42,525,1991712172
42,526,3220926378
42,527,2062641408
42,528,286978702
42,529,3634781876
42,530,3639674706
42,531,883278792
42,532,2543458038
42,533,905868604
42,534,2602926714
42,535,3765151760
42,536,1306256094
42,537,2041063748
42,538,1659062562
42,539,66559448
42,540,1305574982
42,541,1505084108
42,542,4047258442
42,543,1262202144
42,544,3554119982
42,545,703269332
42,546,1395775730
42,547,1219452392
42,548,379470742
42,549,2344961628
42,550,1415377434
42,551,2266478640
42,552,781270398
42,553,1141063780
42,554,1695938242
42,555,4107224056
42,556,3032458982
42,557,4255989740
42,558,1545391850
42,559,814614848
42,560,1094985678
42,561,1117588724
42,562,4223722130
42,563,3216085000
42,564,1898768438
42,565,1904603004
42,566,2726894010
42,567,3053772880
42,568,2615382046
42,569,4185698180
42,570,257678434
42,571,3607659032
42,572,3759490950
42,573,2734658828
42,574,2703692426
42,575,3099229536
42,576,2954540654
42,577,780036116
42,578,4194837554
42,579,4024326696
42,580,2246051030
42,581,274886812
42,582,1844705626
42,583,3452248176
42,584,3863796414
42,585,2459334308
42,586,618592770
42,587,3080017976
42,588,1546412070
42,589,596558380
42,590,1483017770
42,591,2668824960
42,592,2459254030
42,593,449911604
42,594,2498862546
42,595,2766650440
42,596,919705974
42,597,3137128892
42,598,1718063354
42,599,1818917008
42,600,3385269598
42,601,3109197252
42,602,1481199522
42,603,686278232
42,604,148828358
42,605,314361676
42,606,2975908298
42,607,3966348704
42,608,376290222
42,609,1985422932
42,610,3538374514
42,611,1073722984
42,612,161195542
42,613,225901276
42,614,2737692826
42,615,2374428848
42,616,231495678
42,617,3912436964
42,618,3955547458
42,619,1660013688
42,620,3112630630
42,621,3714819180
42,622,321138026
42,623,386951616
42,624,3302896206
42,625,290621812
42,626,433273106
42,627,3621275784
42,628,3344444086
42,629,225641468
42,630,1125181498
42,631,2855039184
42,632,626428574
42,633,2402933764
42,634,1358668514
42,635,1663396504
42,636,3573447174
42,637,3925694860
42,638,3157872906
42,639,584662496
42,640,580952302
42,641,1032144020
42,642,3474938546
42,643,1487106728
42,644,480323414
42,645,1242752284
42,646,207267802
42,647,3639415024
42,648,3470767422
42,649,703136548
42,650,3373768834
42,651,208969912
42,652,4120867494
42,653,3092506284
42,654,1655319722
42,655,3239455232
42,656,1341065102
42,657,3996211124
42,658,4155880530
42,659,2752722120
42,660,965778422
42,661,4227374652
42,662,215293818
42,663,3990538512
42,664,3026311134
42,665,1765966404
42,666,79877666
42,667,1196519128
42,668,2302927686
42,669,30493644
42,670,3556819018
42,671,1889087008
42,672,2827183662
42,673,3625501396
42,674,3623896562
42,675,2975436520
42,676,1908443286
42,677,625356636
42,678,969559834
42,679,2592577840
42,680,190247550
42,681,1321752932
42,682,3290907586
42,683,565040376
42,684,1900399590
42,685,3646392556
42,686,2504461290
42,687,2645838400
42,688,1670888654
42,689,2440922612
42,690,2481524626
42,691,2905112840
42,692,3695897910
42,693,2979895420
42,694,268711610
42,695,2382725456
42,696,884540702
42,697,1300007044
42,698,1995368802
42,699,4009480984
42,700,2726243462
42,701,3410533900
42,702,2198278026
42,703,3258547808
42,704,870714222
42,705,2988548372
42,706,3470397746
42,707,431098664
42,708,4090087894
42,709,2518735260
42,710,869062234
42,711,2498134384
42,712,1560416190
42,713,1776357284
42,714,3695429378
42,715,1747806520
42,716,3309962534
42,717,4253453100
42,718,1900727082
42,719,2239416960
42,720,3886567950
42,721,4081521716
42,722,1270696658
42,723,4003999048
42,724,911679094
42,725,4050776764
42,726,284044794
42,727,3107756432
42,728,472650334
42,729,1509420740
42,730,2731531426
42,731,3417610072
42,732,3581957574
42,733,1332957260
42,734,3416014538
42,735,3695849120
42,736,144216238
42,737,1336926036
42,738,2365373554
42,739,3107776360
42,740,3314346774
42,741,733144028
42,742,2058501530
42,743,1654245808
42,744,363924734
42,745,2772641252
42,746,146614850
42,747,4253244792
42,748,3262914150
42,749,2045832556
42,750,889547370
42,751,687450816
42,752,2079377230
42,753,597557876
42,754,1954702866
42,755,3156359560
42,756,109391798
42,757,377859324
42,758,1273169210
42,759,1980764624
42,760,2559246238
42,761,3301225732
42,762,2075504610
42,763,2802563992
42,764,253189894
42,765,794911372
42,766,672157194
42,767,1532706528
42,768,577435118
42,769,1288928660
42,770,3820505010
42,771,260711336
42,772,1104800854
42,773,218910236
42,774,113935578
42,775,1982951920
42,776,1060366910
42,777,1123982372
42,778,954428802
42,779,1463792056
42,780,1907103654
42,781,1000779692
42,782,2529618346
42,783,281078528
42,784,2017533070
42,785,1251102900
42,786,1535664466
42,787,3240535496
42,788,1134895350
42,789,334022460
42,790,1966259322
42,791,2735729168
42,792,2410007774
42,793,3690126148
42,794,3975176994
42,795,2727428056
42,796,1947486278
42,797,2753746124
42,798,2327002442
42,799,3019681568
42,800,892156718
42,801,1570536404
42,802,2623320818
42,803,4096376808
42,804,4219522454
42,805,4181530716
42,806,1214622746
42,807,440236592
42,808,2606409598
42,809,2636345956
42,810,1409716418
42,811,1123182072
42,812,329904358
42,813,3350712812
42,814,3302967530
42,815,2640350016
42,816,3966325198
42,817,2821979892
42,818,1176452242
42,819,21328392
42,820,478605878
42,821,1957380476
42,822,3106755514
42,823,4140573264
42,824,2672589342
42,825,93479300
42,826,3654284898
42,827,936715288
42,828,1632047494
42,829,2127013644
42,830,1574243466
42,831,851345248
42,832,2897174638
42,833,1310382612
42,834,2017066546
42,835,2527837224
42,836,3176238806
42,837,1196769948
42,838,668185434
42,839,1900929648
42,840,2750760126
42,841,633448612
42,842,964072450
42,843,3861609016
42,844,558213670
42,845,993285164
42,846,1704888362
42,847,124291968
42,848,2688116494
42,849,2492665140
42,850,1905719250
42,851,3624836680
42,852,4160398198
42,853,1541217212
42,854,3156396794
42,855,4292131472
42,856,491718494
42,857,3216197572
42,858,497314210
42,859,946301016
42,860,1803532998
42,861,677370188
42,862,2210773962
42,863,4231049120
42,864,2898355630
42,865,39753812
42,866,815802738
42,867,2124421224
42,868,2317103126
42,869,3865365724
42,870,90479258
42,871,1978837680
42,872,2329133566
42,873,1726562020
42,874,3229841218
42,875,3195727480
42,876,1263485798
42,877,1261188716
42,878,2538907498
42,879,1600711616
42,880,327244878
42,881,2143255412
42,882,322933522
42,883,4178717320
42,884,1959802038
42,885,2223920636
42,886,2590188090
42,887,616149712
42,888,394097822
42,889,2691010052
42,890,2344467682
42,891,3453488280
42,892,1603159046
42,893,2717608844
42,894,1456818954
42,895,216219616
42,896,288574190
42,897,1987557012
42,898,1994339506
42,899,2341917864
42,900,2628825430
42,901,1568388892
42,902,3110625754
42,903,4206613232
42,904,969285438
42,905,44709156
42,906,3095214722
42,907,2708521656
42,908,2056699046
42,909,1152350380
42,910,4031882922
42,911,2381425664
42,912,2115056014
42,913,4056500660
42,914,1483279954
42,915,1876956872
42,916,1775740406
42,917,1104080956
42,918,3896400250
42,919,2752187152
42,920,1403503070
42,921,1438200900
42,922,4016828450
42,923,2042040536
42,924,1111665990
42,925,2225757644
42,926,2840836682
42,927,962998304
42,928,1842679854
42,929,3195417812
42,930,4098301938
42,931,4112511208
42,932,1742672534
42,933,3416916316
42,934,2486110490
42,935,2855885616
42,936,1385979006
42,937,3004468068
42,938,3904101826
42,939,3164403448
42,940,3488355814
42,941,214833900
42,942,2128971242
42,943,1402129472
42,944,3485001422
42,945,2327869428
42,946,1717791122
42,947,2684904200
42,948,3856725814
42,949,2125392508
42,950,2986635450
42,951,2488845136
42,952,1335750430
42,953,2780707460
42,954,201261922
42,955,362050840
42,956,1349318278
42,957,24948748
42,958,3314616714
42,959,776568928
42,960,242660718
42,961,107614996
42,962,1244130098
42,963,1254845736
42,964,2524402646
42,965,3892292508
42,966,1577619546
42,967,117130096
42,968,791050686
42,969,1245200804
42,970,276259074
42,971,2509212472
42,972,2753515302
42,973,546839852
42,974,3378529578
42,975,1222397056
42,976,2957540366
42,977,45418036
42,978,1518249170
42,979,1159401288
42,980,800860278
42,981,3191751868
42,982,2080729082
42,983,3828538256
42,984,1093663838
42,985,1854185668
42,986,2630284962
42,987,3540007256
42,988,4275904454
42,989,3783418444
42,990,1843214538
42,991,1880961184
42,992,4142414510
42,993,2455982420
42,994,298948210
42,995,1948862824
42,996,189363478
42,997,25998812
42,998,1464137626
42,999,1804700592
43,0,3778311934
43,1,2988791780
43,2,3877094466
43,3,165183352
43,4,2281728102
43,5,2501738348
43,6,3457279082
43,7,3730713792
43,8,2140139854
43,9,699855988
43,10,1242218514
43,11,1923619720
43,12,3325639094
43,13,462225148
43,14,1116815162
43,15,1512657872
43,16,372107678
43,17,2786879236
43,18,1427360226
43,19,998923672
43,20,4200802566
43,21,2244703372
43,22,3699918858
43,23,1534148832
43,24,3808010222
43,25,3195137940
43,26,3700695474
43,27,2965996968
43,28,3777328726
43,29,4284555292
43,30,942948058
43,31,176960496
43,32,848712766
43,33,3974876708
43,34,467994498
43,35,1325913016
43,36,1147101606
43,37,393101740
43,38,55206826
43,39,1554541824
43,40,1432307342
43,41,3889578676
43,42,1113045842
43,43,2487191496
43,44,1613245174
43,45,1235949884
43,46,2046293626
43,47,2496408592
43,48,1952954078
43,49,1519750468
43,50,3761601826
43,51,818078168
43,52,667882054
43,53,3882346188
43,54,3286382410
43,55,617984288
43,56,1182459182
43,57,4272287188
43,58,868191474
43,59,2554077672
43,60,1792759702
43,61,1619847772
43,62,824600090
43,63,4001053744
43,64,2770080126
43,65,345744484
43,66,1445931714
43,67,4071458808
43,68,3658234598
43,69,3969541100
43,70,1465500394
43,71,3830123840
43,72,25590734
43,73,1025700084
43,74,1219860114
43,75,1836143624
43,76,3965254710
43,77,2477298556
43,78,243895738
43,79,179004496
43,80,3115148318
43,81,2986349444
43,82,3783004258
43,83,3963209240
43,84,2750471046
43,85,2540157196
43,86,1312491146
43,87,3638198624
43,88,1295780462
43,89,3742321684
43,90,2560874546
43,91,437329448
43,92,859510998
43,93,1008735388
43,94,3932908890
43,95,4193166448
43,96,1922412222
43,97,1531239076
43,98,893791746
43,99,3663305784
43,100,2178348070
43,101,4054967852
43,102,814744106
43,103,1842744704
43,104,198545678
43,105,1101856564
43,106,1517572562
43,107,432898120
43,108,2442898806
43,109,3700780476
43,110,1687553274
43,111,173472912
43,112,4224643422
43,113,3932944836
43,114,4097278882
43,115,4286515800
43,116,3281552582
43,117,3202018124
43,118,501396938
43,119,1544532384
43,120,3675066286
43,121,62786132
43,122,2224096114
43,123,2111339112
43,124,4245994006
43,125,1093312220
43,126,2220053658
43,127,3883297968
43,128,2362649598
43,129,183988452
43,130,1350177090
43,131,1134301304
43,132,2895088998
43,133,2613364844
43,134,1832722794
43,135,3386469824
43,136,3021768270
43,137,629435764
43,138,1826876690
43,139,216272008
43,140,2931834550
43,141,2676074492
43,142,1483562042
43,143,3126785232
43,144,144465566
43,145,1508458500
43,146,2880952034
43,147,1411559064
43,148,328601094
43,149,517045644
43,150,1294550282
43,151,1795506656
43,152,2344482030
43,153,683813012
43,154,1758924466
43,155,1663186600
43,156,3275242326
43,157,3065809180
43,158,2536381402
43,159,1235391728
43,160,2644805950
43,161,2244175652
43,162,924505218
43,163,3288655032
43,164,50726566
43,165,4158851756
43,166,1672552618
43,167,2699374080
43,168,4062927758
43,169,817445812
43,170,1834248274
43,171,306510024
43,172,3667308534
43,173,4017963580
43,174,1046451066
43,175,424889616
43,176,1709550558
43,177,1854400068
43,178,2471299618
43,179,733262552
43,180,1488549702
43,181,274427852
43,182,1851700298
43,183,2588619296
43,184,3005135406
43,185,573286100
43,186,2932210162
43,187,3246281448
43,188,3094715542
43,189,2078659420
43,190,860603162
43,191,2332237104
43,192,114935422
43,193,1169735012
43,194,1886943170
43,195,1227102456
43,196,1711955942
43,197,2870783212
43,198,3795582954
43,199,1938378304
43,200,1976701134
43,201,3277548020
43,202,1091945362
43,203,1300251912
43,204,3824091446
43,205,2006465660
43,206,3804015290
43,207,4257482064
43,208,1367005470
43,209,2924997764
43,210,776412514
43,211,533010200
43,212,2412953734
43,213,2223555084
43,214,2345862026
43,215,1450279520
43,216,1560239982
43,217,3691676948
43,218,3081618738
43,219,3900493608
43,220,1201462742
43,221,129400220
43,222,3774630490
43,223,3995600240
43,224,3796034494
43,225,3706155940
43,226,2078472962
43,227,411675960
43,228,4000094502
43,229,4068585260
43,230,791527210
43,231,2589314688
43,232,2799740430
43,233,1434122292
43,234,3312975570
43,235,975565128
43,236,3516478070
43,237,2061670076
43,238,2312413690
43,239,373366160
43,240,3240879710
43,241,3077132996
43,242,4160098466
43,243,568580952
43,244,3987859910
43,245,74019916
43,246,668349130
43,247,3825742496
43,248,1294984366
43,249,1517208404
43,250,3705565298
43,251,2142088040
43,252,327024406
43,253,1765705692
43,254,2693771674
43,255,2376158640
43,256,28303614
43,257,4116679140
43,258,3500826178
43,259,3485835640
43,260,3975983718
43,261,2736918892
43,262,148266602
43,263,1171959488
43,264,2770803534
43,265,1999103604
43,266,3486194194
43,267,2881879432
43,268,3798287286
43,269,3563868412
43,270,4025973050
43,271,3915027920
43,272,1657328542
43,273,1070340356
43,274,1672078306
43,275,2074148760
43,276,3743871750
43,277,2970453644
43,278,1018708490
43,279,1604272864
43,280,4286597614
43,281,3110625684
43,282,1873279922
43,283,2258692008
43,284,4142465110
43,285,1200484892
43,286,3931502810
43,287,1543435760
43,288,4008754750
43,289,1362165796
43,290,3726549378
43,291,1684534712
43,292,3934956454
43,293,705549228
43,294,2777013674
43,295,2124934912
43,296,1215656078
43,297,3497145524
43,298,761206098
43,299,3455085000
43,300,2367894774
43,301,4148521788
43,302,1232416890
43,303,3584060944
43,304,2619449566
43,305,361774916
43,306,3702691618
43,307,3465315288
43,308,151116870
43,309,1132787916
43,310,1019818314
43,311,3183915808
43,312,2814414638
43,313,755458004
43,314,3109709554
43,315,1424393192
43,316,78504342
43,317,3786718300
43,318,2929664026
43,319,600899120
43,320,3956636542
43,321,3396064868
43,322,193971394
43,323,604023288
43,324,2816902374
43,325,2354378220
43,326,3012312298
43,327,625839936
43,328,547071438
43,329,560587508
43,330,2743333010
43,331,607467016
43,332,2158167606
43,333,4001228156
43,334,1117636538
43,335,295872080
43,336,2332446238
43,337,516277636
43,338,3328191074
43,339,339109912
43,340,1209181574
43,341,215993100
43,342,307822730
43,343,3406725984
43,344,834712686
43,345,22789652
43,346,4215648818
43,347,2584641576
43,348,2275189462
43,349,247654044
43,350,1438328666
43,351,2275894896
43,352,4063107262
43,353,1394609316
43,354,3092105218
43,355,3021979192
43,356,501235238
43,357,1728542764
43,358,1496939562
43,359,4066086784
43,360,1969863438
43,361,1109324084
43,362,4018777042
43,363,2317640264
43,364,2746529654
43,365,1562755004
43,366,4290854650
43,367,2884714128
43,368,88529758
43,369,1501342660
43,370,2080546210
43,371,2653858904
43,372,2972274374
43,373,4130209100
43,374,532131786
43,375,738636704
43,376,1095809454
43,377,2591390804
43,378,1857674610
43,379,1571347560
43,380,42288150
43,381,1036546268
43,382,3220835994
43,383,34746032
43,384,3016398334
43,385,4116554468
43,386,1000909634
43,387,307573368
43,388,2101860198
43,389,4013251180
43,390,886938474
43,391,1986129856
43,392,1185919054
43,393,581001076
43,394,3334489874
43,395,860745352
43,396,354961590
43,397,2118973948
43,398,489657914
43,399,2333882064
43,400,2561886366
43,401,3687117316
43,402,1357508834
43,403,369447064
43,404,2434127878
43,405,2155843468
43,406,1060454154
43,407,1564427232
43,408,843095790
43,409,1952750228
43,410,1158080690
43,411,4282751144
43,412,808961366
43,413,1976916764
43,414,1168889306
43,415,3852556016
43,416,2591748926
43,417,3543439652
43,418,3840962178
43,419,2486240952
43,420,787304614
43,421,4058946732
43,422,1556650666
43,423,435204096
43,424,1279100302
43,425,3405852084
43,426,3598172754
43,427,2873219784
43,428,734902774
43,429,620991548
43,430,2939735418
43,431,1840484112
43,432,2333840862
43,433,3551434820
43,434,2422613026
43,435,2102023384
43,436,1822966086
43,437,3303309772
43,438,3273764426
43,439,3007853600
43,440,408970286
43,441,590944468
43,442,2809975794
43,443,913618152
43,444,58992278
43,445,1442424156
43,446,3072359706
43,447,1558503216
43,448,3356438654
43,449,649391972
43,450,4218753474
43,451,3879942904
43,452,3550521830
43,453,3561176812
43,454,1598716394
43,455,496488512
43,456,4125309646
43,457,1531862004
43,458,3288341906
43,459,3582994184
43,460,1987382070
43,461,3159985788
43,462,1110238394
43,463,3930539856
43,464,3662660382
43,465,2269748868
43,466,2110207842
43,467,764262680
43,468,11569798
43,469,1953289228
43,470,1976368522
43,471,1521583200
43,472,3212839278
43,473,1392703252
43,474,3077283634
43,475,314978600
43,476,2805622742
43,477,356863900
43,478,1554515034
43,479,1785513840
43,480,374820286
43,481,1106159012
43,482,3196491010
43,483,287035192
43,484,1144120102
43,485,2470658348
43,486,1119041834
43,487,2582073472
43,488,1802555406
43,489,194570804
43,490,749295826
43,491,3989361480
43,492,3152952438
43,493,1197402300
43,494,3663453178
43,495,1869045648
43,496,1008717918
43,497,1420166340
43,498,1415391906
43,499,3630136664
43,500,1107211206
43,501,3626534476
43,502,2575772874
43,503,1477129376
43,504,2876214958
43,505,3352442196
43,506,2384677490
43,507,4224322920
43,508,2116716822
43,509,2194168284
43,510,4136790938
43,511,3905490864
43,512,388188926
43,513,2398206948
43,514,1702164546
43,515,1867170680
43,516,2440100966
43,517,3288245100
43,518,2236799082
43,519,2137993408
43,520,2360755534
43,521,737204340
43,522,2781049874
43,523,2273042312
43,524,4211690934
43,525,1629725436
43,526,4095062842
43,527,1134811088
43,528,509328798
43,529,2983447300
43,530,1199046114
43,531,2270142872
43,532,1566752006
43,533,3509033100
43,534,3902815242
43,535,2279949536
43,536,402584558
43,537,1572262804
43,538,1022612914
43,539,2970634664
43,540,589597270
43,541,93504540
43,542,3174019802
43,543,2324281328
43,544,339945534
43,545,2412655140
43,546,529546114
43,547,3076528056
43,548,70120870
43,549,2474993068
43,550,494491562
43,551,2529128704
43,552,4051933838
43,553,610674356
43,554,3164499794
43,555,2386119624
43,556,1788231414
43,557,1018674492
43,558,2208983674
43,559,2240589840
43,560,2798881502
43,561,753070404
43,562,2187833634
43,563,2616075736
43,564,3081545286
43,565,3631876812
43,566,2506632010
43,567,2664412448
43,568,4177410350
43,569,146854356
43,570,3442295026
43,571,1244194280
43,572,1761110934
43,573,2629078620
43,574,1624234522
43,575,3661545520
43,576,260498814
43,577,3734243428
43,578,338190018
43,579,4142648312
43,580,490262246
43,581,3337062380
43,582,2037823210
43,583,2154303808
43,584,3920154574
43,585,1963513076
43,586,4136258194
43,587,1167136776
43,588,2036666422
43,589,2771072892
43,590,4117365178
43,591,733079632
43,592,3008837662
43,593,1810069380
43,594,679232610
43,595,3486190104
43,596,3987500934
43,597,4281326860
43,598,1244592778
43,599,693798240
43,600,4198325870
43,601,3573559316
43,602,1075809330
43,603,916709928
43,604,1517694166
43,605,3745364124
43,606,163766618
43,607,980953200
43,608,3267265214
43,609,760430244
43,610,1653432834
43,611,2474500152
43,612,2506197030
43,613,3140815404
43,614,2140861994
43,615,3036221824
43,616,2096489742
43,617,3051938612
43,618,3503752658
43,619,1225999432
43,620,3460678006
43,621,4253946300
43,622,765753594
43,623,77824144
43,624,3652633950
43,625,753229252
43,626,1426438050
43,627,880168536
43,628,3560052934
43,629,3998814028
43,630,692365770
43,631,2350232992
43,632,2139906990
43,633,3867471444
43,634,2400892786
43,635,1041317480
43,636,980274710
43,637,4231938780
43,638,1482213530
43,639,3854954672
43,640,2679767038
43,641,1176229092
43,642,571426114
43,643,1252414584
43,644,1568153958
43,645,1702751340
43,646,2385909098
43,647,2231529920
43,648,1799019086
43,649,2534822260
43,650,3235160338
43,651,2354040968
43,652,1208505014
43,653,1089489916
43,654,2292830266
43,655,3069278416
43,656,1740780190
43,657,1173922820
43,658,458492642
43,659,864023192
43,660,2014159366
43,661,3875905932
43,662,3438885130
43,663,59852256
43,664,2763737326
43,665,2036272276
43,666,2876162738
43,667,2147547816
43,668,2209304406
43,669,3133549852
43,670,1692504026
43,671,4005042416
43,672,3494468926
43,673,184404772
43,674,1644038274
43,675,838150328
43,676,2655820454
43,677,1389506220
43,678,2073564330
43,679,420753920
43,680,742895502
43,681,3768655796
43,682,869473362
43,683,1524022472
43,684,4252812278
43,685,39970364
43,686,3670673274
43,687,3240874256
43,688,1665761246
43,689,2771208772
43,690,2260155938
43,691,2390226648
43,692,504302406
43,693,3259339724
43,694,1201449034
43,695,2757572128
43,696,1033506350
43,697,3785263828
43,698,2120986098
43,699,1946359528
43,700,3909791894
43,701,2045081436
43,702,3215800090
43,703,1071554864
43,704,909941374
43,705,1980309860
43,706,698985410
43,707,3069861112
43,708,3098473446
43,709,2822885612
43,710,2517693418
43,711,1908298304
43,712,4025246926
43,713,1922649588
43,714,2401400722
43,715,1480067336
43,716,1030952246
43,717,1827856508
43,718,1884626618
43,719,2044889424
43,720,2317135134
43,721,1351831684
43,722,2592035170
43,723,1592679192
43,724,1124488326
43,725,4045989388
43,726,595523466
43,727,1527350880
43,728,3589845870
43,729,2337499412
43,730,3915479346
43,731,3920073512
43,732,1431302614
43,733,816587164
43,734,1896595034
43,735,2613676400
43,736,1801697214
43,737,2572015524
43,738,2019700482
43,739,2672161080
43,740,1164913958
43,741,584897324
43,742,2750460714
43,743,1737544320
43,744,2650339854
43,745,1158601780
43,746,806531794
43,747,2147726664
43,748,2394637942
43,749,1135819452
43,750,228267514
43,751,262513040
43,752,1376500318
43,753,1715123908
43,754,1375487138
43,755,376643416
43,756,2613280198
43,757,2092931148
43,758,1659905738
43,759,3961927328
43,760,2980526254
43,761,4203587412
43,762,3315606642
43,763,142503784
43,764,3947827990
43,765,1848257500
43,766,4182582682
43,767,2634600880
43,768,3247355134
43,769,2665213412
43,770,1165464130
43,771,141026680
43,772,358434406
43,773,397620588
43,774,3817296490
43,775,2870719168
43,776,3594350414
43,777,1745996404
43,778,1811140114
43,779,633979272
43,780,2955237302
43,781,3786601724
43,782,4008439098
43,783,2298812880
43,784,3907430302
43,785,473136388
43,786,2692618210
43,787,2123776920
43,788,353797894
43,789,102345356
43,790,2151691786
43,791,4098049760
43,792,3430260206
43,793,3411887508
43,794,3833049010
43,795,1343728552
43,796,98047062
43,797,1500485148
43,798,1354853594
43,799,3056368112
43,800,1116574270
43,801,3368248356
43,802,2151273858
43,803,1743796664
43,804,826884006
43,805,1943336876
43,806,186962346
43,807,3303994112
43,808,4035560590
43,809,62003380
43,810,2417346898
43,811,4112133576
43,812,2558609654
43,813,973213500
43,814,3365381242
43,815,3297833488
43,816,880637150
43,817,3230507844
43,818,1901382434
43,819,3102197720
43,820,3553587270
43,821,3326549196
43,822,1841243466
43,823,3891312416
43,824,3660833582
43,825,2983347156
43,826,255335154
43,827,2550351848
43,828,934999446
43,829,2978766940
43,830,3887633434
43,831,834961968
43,832,2955956094
43,833,1897151076
43,834,267974850
43,835,2339302904
43,836,3657636070
43,837,3159497196
43,838,1226387690
43,839,362451776
43,840,4239260110
43,841,1476380404
43,842,3788022930
43,843,4052023816
43,844,1990138422
43,845,3618670972
43,846,3337501626
43,847,2027498064
43,848,3533709854
43,849,3109628292
43,850,2815450722
43,851,1056418840
43,852,884881798
43,853,2388127500
43,854,2512188554
43,855,331253600
43,856,1186072686
43,857,2046599700
43,858,120677938
43,859,265372712
43,860,1271379670
43,861,3448801948
43,862,2793577306
43,863,845212272
43,864,2219240638
43,865,165572772
43,866,3557096450
43,867,2557739576
43,868,2287653414
43,869,238722092
43,870,1135898666
43,871,3584988032
43,872,3262779150
43,873,3171603764
43,874,2656853970
43,875,1989813832
43,876,2974731126
43,877,3721290684
43,878,2386539258
43,879,879608464
43,880,421441374
43,881,2225475524
43,882,524341666
43,883,3797282904
43,884,3434275526
43,885,3344703820
43,886,3666453450
43,887,2621224864
43,888,901778862
43,889,132931668
43,890,2243137906
43,891,1058119784
43,892,1154373654
43,893,2626426076
43,894,3983508122
43,895,2995892912
43,896,4037110270
43,897,489817828
43,898,2746081090
43,899,210728568
43,900,3978324838
43,901,513703532
43,902,424054634
43,903,364573632
43,904,3250455630
43,905,2732802932
43,906,4213242642
43,907,938062472
43,908,3881852086
43,909,124493308
43,910,987499066
43,911,1574877904
43,912,365501598
43,913,3095680516
43,914,2868258018
43,915,3432158360
43,916,1753050118
43,917,1919136652
43,918,2524263178
43,919,2113619936
43,920,2200826606
43,921,1471250068
43,922,1007590578
43,923,89414824
43,924,1570691414
43,925,2777612060
43,926,2496612826
43,927,2229721840
43,928,3742353214
43,929,1293876516
43,930,1313055362
43,931,3176221368
43,932,4045661350
43,933,982368428
43,934,1612680874
43,935,3192894464
43,936,843700622
43,937,2442727860
43,938,627471954
43,939,1090756296
43,940,4020489718
43,941,2811770940
43,942,1628651898
43,943,867963664
43,944,2389666270
43,945,50592836
43,946,373315618
43,947,2134743256
43,948,216913222
43,949,679388620
43,950,2614075978
43,951,2374645792
43,952,3268130862
43,953,2103180500
43,954,3549595634
43,955,2586409192
43,956,151599766
43,957,128534876
43,958,3975278874
43,959,1408262960
43,960,4049732734
43,961,1404392292
43,962,2601928130
43,963,3628695288
43,964,3040165350
43,965,1192780524
43,966,646933994
43,967,2415711296
43,968,65900238
43,969,691814388
43,970,1115476370
43,971,4118276872
43,972,3639156534
43,973,2841916028
43,974,221599930
43,975,3432368976
43,976,14784286
43,977,708117124
43,978,611281762
43,979,3555130648
43,980,4141096582
43,981,448591884
43,982,887681418
43,983,2004453472
43,984,1080647022
43,985,2767969044
43,986,3985593138
43,987,2367747368
43,988,4057824214
43,989,2045440924
43,990,3190257754
43,991,2721991536
43,992,2171085246
43,993,50661796
43,994,1232455938
43,995,3808957240
43,996,2451863334
43,997,3243140396
43,998,4075171114
43,999,592598144
44,0,3732481038
44,1,568118836
44,2,1874070738
44,3,282498888
44,4,3925889142
44,5,2413792444
44,6,3281145850
44,7,385606544
44,8,2733614174
44,9,203909316
44,10,2429771426
44,11,4229874008
44,12,2600486854
44,13,305048140
44,14,605102282
44,15,3227072672
44,16,4292272814
44,17,312547668
44,18,592772722
44,19,3318403432
44,20,4209745174
44,21,1264844252
44,22,1220534170
44,23,3395326896
44,24,2700222206
44,25,1159602148
44,26,280112194
44,27,3139241848
44,28,415338598
44,29,3191850860
44,30,3279146090
44,31,3907007680
44,32,566008142
44,33,1267383412
44,34,3260819474
44,35,2796528520
44,36,2713280950
44,37,1981433596
44,38,2155489082
44,39,3648936912
44,40,1651085726
44,41,2666213124
44,42,247214562
44,43,2171921816
44,44,2789363974
44,45,1877195916
44,46,2744659978
44,47,3300477152
44,48,3169077230
44,49,576436116
44,50,104040882
44,51,2209811880
44,52,1057201750
44,53,1663330332
44,54,1158358746
44,55,4276567024
44,56,433060926
44,57,470849060
44,58,2686152578
44,59,2518178744
44,60,299665830
44,61,3942418860
44,62,243813290
44,63,691434752
44,64,3850890894
44,65,2388003508
44,66,1204101970
44,67,580063176
44,68,3068416758
44,69,254042428
44,70,3090996858
44,71,2997695504
44,72,3844038366
44,73,4035990852
44,74,1232725282
44,75,1165584856
44,76,4251597382
44,77,753675980
44,78,1708007242
44,79,3106519328
44,80,3949038894
44,81,1211872724
44,82,528151794
44,83,1584769512
44,84,284524438
44,85,1077686876
44,86,3814280730
44,87,1247953968
44,88,1842461054
44,89,2716626020
44,90,2667680450
44,91,25825272
44,92,2118476518
44,93,2358553580
44,94,3262360298
44,95,82122048
44,96,4188742606
44,97,3931027700
44,98,88014482
44,99,1209064456
44,100,407970870
44,101,2785926012
44,102,1462400442
44,103,421030992
44,104,2296450078
44,105,656857988
44,106,3831265378
44,107,2176601624
44,108,3175613318
44,109,3663200524
44,110,2499997322
44,111,2855962976
44,112,3072242286
44,113,273749012
44,114,4034609202
44,115,1167500840
44,116,4220600534
44,117,4189805724
44,118,3422180698
44,119,2405543024
44,120,3603388094
44,121,146907812
44,122,2897516034
44,123,3808568376
44,124,2529958950
44,125,2149068332
44,126,1166404138
44,127,1954289024
44,128,3858118926
44,129,2005190452
44,130,4162435538
44,131,850987080
44,132,3973043574
44,133,501659068
44,134,3247631610
44,135,1531970704
44,136,1669241182
44,137,2159985092
44,138,2058611618
44,139,3352138328
44,140,984329414
44,141,2704749388
44,142,3548814794
44,143,2088483232
44,144,65779630
44,145,514576980
44,146,4068764530
44,147,2158625384
44,148,3248939542
44,149,1051846364
44,150,524172442
44,151,2289398960
44,152,1182847998
44,153,2594191588
44,154,1619294530
44,155,2014353528
44,156,3426792806
44,157,982978668
44,158,1980696938
44,159,1217099200
44,160,3929615950
44,161,1711814004
44,162,363156754
44,163,1444648072
44,164,2469422774
44,165,4055822332
44,166,3552986170
44,167,2682518736
44,168,1120405150
44,169,1399326724
44,170,2681224930
44,171,20788888
44,172,40187398
44,173,1117373836
44,174,1000942858
44,175,3967633888
44,176,1838718190
44,177,794554516
44,178,2531686066
44,179,2940190376
44,180,1577476950
44,181,1445974300
44,182,1970602970
44,183,3358432496
44,184,1724789054
44,185,3113758500
44,186,1237400706
44,187,1447390392
44,188,3346214566
44,189,3374404268
44,190,2858354858
44,191,698562048
44,192,4265870222
44,193,4259906484
44,194,1261555794
44,195,2110292168
44,196,2722289654
44,197,883329596
44,198,3792993146
44,199,3848557840
44,200,2894943198
44,201,221425220
44,202,3741413922
44,203,1872444120
44,204,3645153094
44,205,395294668
44,206,1606065226
44,207,2395945504
44,208,1207263790
44,209,376532692
44,210,1190224370
44,211,3370638056
44,212,58705046
44,213,524622684
44,214,3740183322
44,215,3105498416
44,216,2575265406
44,217,3753477476
44,218,4022001602
44,219,1798349048
44,220,1764984806
44,221,3502699756
44,222,2965759978
44,223,2555598400
44,224,3521558734
44,225,2671194612
44,226,2114923410
44,227,3444559112
44,228,3906414902
44,229,2444067964
44,230,3100480186
44,231,39914832
44,232,3734929694
44,233,875476100
44,234,3147269474
44,235,2893520664
44,236,3155814534
44,237,287902220
44,238,1242229642
44,239,3489761888
44,240,2664564590
44,241,3220983060
44,242,1677012274
44,243,489838376
44,244,484640214
44,245,285328796
44,246,3824890458
44,247,2647330160
44,248,4167338942
44,249,2668903332
44,250,3519111938
44,251,4234294584
44,252,3394355494
44,253,2392323884
44,254,3482560298
44,255,3979073152
44,256,3438366222
44,257,3254960180
44,258,2341299922
44,259,3225516360
44,260,1841126006
44,261,1273224892
44,262,2621540858
44,263,2775197072
44,264,3469446750
44,265,1718360772
44,266,2967632034
44,267,2841797464
44,268,3753185734
44,269,3094723660
44,270,2095717066
44,271,4104403616
44,272,905874606
44,273,806128468
44,274,1195497586
44,275,1403990888
44,276,1291855638
44,277,980799452
44,278,2229967258
44,279,2429572528
44,280,1431144702
44,281,2713211364
44,282,1730463298
44,283,2808752504
44,284,1000200806
44,285,3617872236
44,286,3306702442
44,287,1488762560
44,288,255050574
44,289,4133203572
44,290,1224507922
44,291,707626376
44,292,1875209142
44,293,1046059260
44,294,1220567354
44,295,1427086800
44,296,719616926
44,297,1509613828
44,298,842157026
44,299,2951448472
44,300,2967870214
44,301,780521100
44,302,4071107082
44,303,424102624
44,304,2303390190
44,305,2192714132
44,306,1109877682
44,307,1810788264
44,308,1856448598
44,309,1118911004
44,310,973922522
44,311,2226781680
44,312,973760062
44,313,2847262756
44,314,523569538
44,315,1641577912
44,316,1172820902
44,317,419175340
44,318,3349398954
44,319,3818256128
44,320,1887312014
44,321,3830578356
44,322,2209119570
44,323,916713928
44,324,1707039990
44,325,3692999484
44,326,4070185082
44,327,1877046800
44,328,1488537822
44,329,3706390340
44,330,2866216738
44,331,1638075352
44,332,3564962886
44,333,745095372
44,334,496310602
44,335,846904096
44,336,3431413550
44,337,3959236564
44,338,2650132210
44,339,3179285480
44,340,2494040470
44,341,1757676636
44,342,4088530970
44,343,1142425136
44,344,3899335550
44,345,2434571876
44,346,1631726786
44,347,2034053624
44,348,2852105446
44,349,1471102444
44,350,2240161002
44,351,1850185536
44,352,2157989326
44,353,1274391284
44,354,15554706
44,355,1765064200
44,356,4269485622
44,357,809708924
44,358,1176416186
44,359,745516624
44,360,1981412894
44,361,3578563972
44,362,2116063842
44,363,3088642072
44,364,659148166
44,365,53482252
44,366,3892373642
44,367,214862688
44,368,3951254638
44,369,3086845460
44,370,2617055794
44,371,4159965224
44,372,164809430
44,373,2210279068
44,374,438964058
44,375,1903849072
44,376,1514127550
44,377,1241306276
44,378,2359046146
44,379,2468890168
44,380,1622500902
44,381,818790444
44,382,621765674
44,383,2975963008
44,384,2271896334
44,385,89569588
44,386,2114917330
44,387,2641357384
44,388,550035318
44,389,3721856956
44,390,1738417914
44,391,2571781776
44,392,1490453342
44,393,1093628868
44,394,123667874
44,395,81605720
44,396,3189536454
44,397,2615821644
44,398,3023804362
44,399,1288879008
44,400,2316263854
44,401,1254310996
44,402,1972192626
44,403,584737896
44,404,1358392342
44,405,45070556
44,406,2378495642
44,407,2272343728
44,408,1096302078
44,409,3731253988
44,410,4170388290
44,411,2905193080
44,412,2597912422
44,413,3647447660
44,414,1150255978
44,415,1031010240
44,416,2225887310
44,417,8726388
44,418,2959191826
44,419,115701384
44,420,3950538934
44,421,535446012
44,422,4083711546
44,423,2634104528
44,424,2394878110
44,425,916699652
44,426,2581747938
44,427,4051687576
44,428,3854893062
44,429,2007488396
44,430,1553278730
44,431,1863797728
44,432,66799342
44,433,543056532
44,434,1542869170
44,435,2646810792
44,436,619048278
44,437,3970474780
44,438,2798829018
44,439,3633078000
44,440,126131006
44,441,1885954340
44,442,4101428866
44,443,483495608
44,444,3241834662
44,445,512550060
44,446,4199973546
44,447,2064562176
44,448,808856974
44,449,1167127988
44,450,1161112146
44,451,824533704
44,452,3042566646
44,453,3381451836
44,454,4258116986
44,455,4129593104
44,456,1570979294
44,457,3820576836
44,458,2163903522
44,459,2140200152
44,460,588474694
44,461,2943928780
44,462,861771338
44,463,3358342176
44,464,1830226990
44,465,3437158612
44,466,2022194162
44,467,540949736
44,468,2020494998
44,469,3770215772
44,470,899900698
44,471,2405164848
44,472,3465861246
44,473,974501732
44,474,3348593090
44,475,2410660600
44,476,1957286374
44,477,1699579628
44,478,3568591338
44,479,2864830528
44,480,4191675086
44,481,4102693876
44,482,3789129106
44,483,4290752264
44,484,222114614
44,485,1171183228
44,486,320720058
44,487,994332496
44,488,3277024030
44,489,2390779524
44,490,4294418274
44,491,144720152
44,492,852996742
44,493,4100791308
44,494,48555402
44,495,2225179744
44,496,2436018542
44,497,4233412372
44,498,3969058610
44,499,3118184744
44,500,1986039766
44,501,368088988
44,502,2189880410
44,503,2926563184
44,504,1884878270
44,505,2373676452
44,506,2974088450
44,507,190076728
44,508,2381777702
44,509,2864285996
44,510,3656982826
44,511,3843905664
44,512,157382670
44,513,1166062132
44,514,597606610
44,515,2923715400
44,516,3119670390
44,517,2545955004
44,518,933807098
44,519,3673188240
44,520,1973385310
44,521,2500381892
44,522,1378456226
44,523,1044251992
44,524,165796806
44,525,2408894028
44,526,226170058
44,527,2835823776
44,528,4095620782
44,529,1926233428
44,530,3513168498
44,531,3526071656
44,532,2173481238
44,533,1532994012
44,534,1305301914
44,535,274208688
44,536,2124477182
44,537,3567944676
44,538,3905904706
44,539,3981396856
44,540,502408294
44,541,2212555628
44,542,2289352810
44,543,447822016
44,544,1050864974
44,545,2290393204
44,546,2681527314
44,547,3494078344
44,548,3125376438
44,549,1517349628
44,550,3888028474
44,551,465100752
44,552,3797378462
44,553,1835176708
44,554,2866832866
44,555,704260504
44,556,3573671174
44,557,1644159116
44,558,225453066
44,559,300764384
44,560,3517553646
44,561,207657876
44,562,944979378
44,563,683528616
44,564,885174870
44,565,404098076
44,566,3485899482
44,567,1738850288
44,568,1128058942
44,569,2444425764
44,570,2642846594
44,571,3945832376
44,572,1835736486
44,573,500411820
44,574,3598139306
44,575,336427264
44,576,829178510
44,577,631631540
44,578,3821786962
44,579,1363989448
44,580,1158833910
44,581,3237020988
44,582,397365882
44,583,472758288
44,584,793457374
44,585,2778577220
44,586,896276770
44,587,761572824
44,588,4178038342
44,589,3837678284
44,590,890508106
44,591,1944304928
44,592,497344814
44,593,3172374996
44,594,715696370
44,595,3575803368
44,596,1657967510
44,597,1260639836
44,598,3099771418
44,599,1055246384
44,600,3220999550
44,601,1587859556
44,602,4139435714
44,603,310924280
44,604,4247910118
44,605,1034014700
44,606,844144362
44,607,1908545856
44,608,831354830
44,609,2633276660
44,610,1960030866
44,611,1961926664
44,612,3374135350
44,613,2521857916
44,614,868936122
44,615,3537825872
44,616,977985566
44,617,3821682564
44,618,354200674
44,619,34443800
44,620,314808198
44,621,685778188
44,622,783737482
44,623,1534758240
44,624,2212497006
44,625,2432825364
44,626,2847339570
44,627,1189702184
44,628,378295510
44,629,2342060188
44,630,823249242
44,631,4171968624
44,632,2930780862
44,633,3985639076
44,634,331074050
44,635,3370543160
44,636,2249633830
44,637,1079726636
44,638,2186337834
44,639,2891913600
44,640,1188465934
44,641,2256579380
44,642,3493621202
44,643,3602828360
44,644,3979995510
44,645,1033853372
44,646,543252730
44,647,240945296
44,648,2569432414
44,649,3858245060
44,650,1698832290
44,651,3112490584
44,652,4144316614
44,653,3614791500
44,654,480809418
44,655,759283104
44,656,1747651502
44,657,2889004628
44,658,2932744050
44,659,1168295528
44,660,2462053910
44,661,142969564
44,662,3640897690
44,663,3481598128
44,664,2166859774
44,665,142908644
44,666,198815042
44,667,3420118136
44,668,4176038246
44,669,454046828
44,670,617086314
44,671,343177664
44,672,823624270
44,673,2455378292
44,674,1800800530
44,675,1783060616
44,676,2419620534
44,677,2985137148
44,678,969062458
44,679,1966506192
44,680,2578307742
44,681,2184670212
44,682,959214306
44,683,3176823448
44,684,2996619782
44,685,831383948
44,686,2570658058
44,687,633949664
44,688,3864391918
44,689,1253627028
44,690,725494450
44,691,4041114280
44,692,1379759958
44,693,2298049820
44,694,3370678234
44,695,3590529264
44,696,1630733630
44,697,2442302244
44,698,3999559810
44,699,821407928
44,700,2121908902
44,701,1523611308
44,702,4026924202
44,703,3532798464
44,704,1746950030
44,705,2291197876
44,706,3010495570
44,707,2065319112
44,708,3370707958
44,709,2253073980
44,710,1413410682
44,711,2247940368
44,712,1102129118
44,713,2794984004
44,714,2620106274
44,715,3474882264
44,716,2321167174
44,717,272227276
44,718,3065548874
44,719,1503739424
44,720,3526407726
44,721,3231994580
44,722,139924978
44,723,3224149736
44,724,131389590
44,725,1812250460
44,726,2433752858
44,727,4139100464
44,728,815940222
44,729,2194270564
44,730,3266057154
44,731,1707533560
44,732,2006457318
44,733,615258348
44,734,844815338
44,735,3880278592
44,736,465636558
44,737,1228215796
44,738,232513426
44,739,2898759944
44,740,3860544822
44,741,3855100028
44,742,3156608698
44,743,2537525584
44,744,1325421854
44,745,1495931012
44,746,2442115426
44,747,140567320
44,748,4211965062
44,749,3834195468
44,750,4285980554
44,751,3042545248
44,752,3079363438
44,753,2047160596
44,754,661184818
44,755,2199722792
44,756,2656442838
44,757,2830592412
44,758,969582170
44,759,4096561520
44,760,2303025086
44,761,3996819364
44,762,2281740034
44,763,803109176
44,764,2098484518
44,765,900930348
44,766,2987825962
44,767,723966592
44,768,868852238
44,769,3428230196
44,770,3622312658
44,771,4208934216
44,772,1855942262
44,773,2473886396
44,774,902299130
44,775,3616450960
44,776,929784414
44,777,3086843588
44,778,346598562
44,779,3669075800
44,780,3112609222
44,781,3079397452
44,782,1975783114
44,783,4253171360
44,784,3660964014
44,785,4209733460
44,786,1640205426
44,787,1631582056
44,788,949041942
44,789,3458298844
44,790,1130892698
44,791,1761073584
44,792,3169606910
44,793,4260672996
44,794,900856386
44,795,2899078520
44,796,1606315622
44,797,3807739244
44,798,2911451754
44,799,1321056960
44,800,1342838606
44,801,570790516
44,802,1726297618
44,803,3102820744
44,804,558202806
44,805,3932175612
44,806,4252292410
44,807,1299849680
44,808,683823006
44,809,4179772676
44,810,415662050
44,811,262196120
44,812,2996154118
44,813,710013580
44,814,2481987082
44,815,3467333344
44,816,905987566
44,817,3748072852
44,818,2293700530
44,819,3659871144
44,820,827735126
44,821,55762460
44,822,2788709594
44,823,3349643760
44,824,3580312126
44,825,4094176292
44,826,3138403714
44,827,1377878456
44,828,677799846
44,829,428031916
44,830,3674388906
44,831,3667720960
44,832,3360844942
44,833,1917968564
44,834,136524114
44,835,2458760648
44,836,4108153078
44,837,3717945148
44,838,3346828410
44,839,3616668176
44,840,148184286
44,841,1789422404
44,842,2302227234
44,843,3367915480
44,844,185243718
44,845,1978361036
44,846,1279987018
44,847,2640625440
44,848,2126154542
44,849,3683126228
44,850,1704166130
44,851,3311194088
44,852,460660118
44,853,123447388
44,854,3532356634
44,855,1523288624
44,856,2491807614
44,857,713359972
44,858,4285227202
44,859,3983242744
44,860,400310502
44,861,1584161260
44,862,1758664938
44,863,794073920
44,864,2893193678
44,865,4249587444
44,866,15862930
44,867,2336522760
44,868,406274614
44,869,4164276604
44,870,3224314810
44,871,744895056
44,872,1970522654
44,873,1923084676
44,874,1230030434
44,875,2140812312
44,876,531980678
44,877,1801991948
44,878,153410698
44,879,3057553248
44,880,540323950
44,881,3143526932
44,882,3114847794
44,883,1383517224
44,884,3250446038
44,885,827052700
44,886,2964423514
44,887,1156838000
44,888,1947767998
44,889,326842532
44,890,3792921602
44,891,2755430968
44,892,2800744998
44,893,3468747820
44,894,4249507882
44,895,2239011712
44,896,3292182286
44,897,453156148
44,898,2392967122
44,899,4272270920
44,900,4062376822
44,901,1564453820
44,902,2346490618
44,903,3666266768
44,904,3295565662
44,905,2400769988
44,906,878524834
44,907,96761944
44,908,2238057158
44,909,1943562572
44,910,2899151818
44,911,1036566432
44,912,1044297134
44,913,1660561492
44,914,1044838770
44,915,151201896
44,916,654344214
44,917,1882414300
44,918,2700765850
44,919,2159065776
44,920,2783908350
44,921,955961060
44,922,978863938
44,923,4095999608
44,924,2255590246
44,925,529581676
44,926,3065542506
44,927,3985439680
44,928,2407181390
44,929,998706036
44,930,3867304722
44,931,2688629384
44,932,561022134
44,933,3351832060
44,934,1188360762
44,935,1216594640
44,936,60081310
44,937,1445142020
44,938,497978594
44,939,2228034712
44,940,149722118
44,941,2420898700
44,942,2442468106
44,943,814960608
44,944,3030948590
44,945,3463136916
44,946,2763916466
44,947,3365004456
44,948,2248999254
44,949,1260537628
44,950,2075537882
44,951,3767657200
44,952,333016894
44,953,1024705828
44,954,3616148098
44,955,2997998264
44,956,2670791846
44,957,2649491628
44,958,728594090
44,959,1345174528
44,960,1174569358
44,961,3874019764
44,962,904126034
44,963,2074552008
44,964,2096100854
44,965,2330034236
44,966,2238196090
44,967,3035437840
44,968,4172747230
44,969,1976484932
44,970,3499409442
44,971,2118394072
44,972,2937650502
44,973,1506995660
44,974,2311817802
44,975,1663975456
44,976,390225966
44,977,297911508
44,978,2522738674
44,979,3367174376
44,980,1370710678
44,981,3777532252
44,982,2436159770
44,983,254241584
44,984,1604824190
44,985,3654687588
44,986,2163781058
44,987,225838840
44,988,301884902
44,989,786606828
44,990,1773753834
44,991,1843846208
44,992,3617732302
44,993,3174565876
44,994,2719365522
44,995,4100420360
44,996,326190902
44,997,2442754684
44,998,1407598778
44,999,911397712
45,0,564477726
45,1,3022768772
45,2,274715490
45,3,3417933080
45,4,3032172166
45,5,24985612
45,6,3753957770
45,7,2183762016
45,8,2983986542
45,9,1494065940
45,10,3027680050
45,11,2566290728
45,12,885236694
45,13,3914742684
45,14,2848350298
45,15,2399228784
45,16,3811166654
45,17,3780235684
45,18,4126421250
45,19,2315295544
45,20,933863206
45,21,1334095148
45,22,4159444266
45,23,3746061440
45,24,3962162190
45,25,1988400692
45,26,1214870738
45,27,3323076424
45,28,734296182
45,29,1593889980
45,30,916404218
45,31,3141856144
45,32,3022998622
45,33,4014616772
45,34,2556413602
45,35,2663205208
45,36,2393075654
45,37,1348137548
45,38,1438976202
45,39,303382688
45,40,2286258862
45,41,3898532180
45,42,2555930226
45,43,552360296
45,44,302892310
45,45,2998617564
45,46,96126874
45,47,3132070832
45,48,2955921150
45,49,1033299940
45,50,3989607490
45,51,98668408
45,52,2701310054
45,53,350359404
45,54,3562386538
45,55,350371008
45,56,3815326030
45,57,3806233716
45,58,1043173394
45,59,70724488
45,60,1153010102
45,61,237473532
45,62,702746426
45,63,173237200
45,64,2653239710
45,65,490338052
45,66,467966434
45,67,2162126232
45,68,3919673606
45,69,2809922700
45,70,640161802
45,71,1870745824
45,72,1448013806
45,73,465928084
45,74,3545428402
45,75,2686752168
45,76,73516630
45,77,610775068
45,78,1566707418
45,79,3301065712
45,80,2424939582
45,81,4038417956
45,82,399628162
45,83,3064521656
45,84,383365542
45,85,738906540
45,86,1967535018
45,87,1464106240
45,88,3576731278
45,89,3931493044
45,90,2427620178
45,91,442931144
45,92,354450166
45,93,1377675580
45,94,2718025338
45,95,3255712784
45,96,2237073118
45,97,1275796804
45,98,1178488098
45,99,1404039640
45,100,2860868166
45,101,4293949132
45,102,54134602
45,103,3472736544
45,104,2412262702
45,105,1733393876
45,106,4004928754
45,107,2922328552
45,108,1586472854
45,109,3177937500
45,110,3775673882
45,111,3083422768
45,112,101147006
45,113,347944036
45,114,458488514
45,115,702978040
45,116,2583595750
45,117,3658413036
45,118,3373109994
45,119,3338607936
45,120,2437925838
45,121,2365227252
45,122,1162372754
45,123,3425723400
45,124,2345225270
45,125,1978868604
45,126,2336972218
45,127,1493529680
45,128,3348411422
45,129,2714608516
45,130,3132940386
45,131,1354683928
45,132,3995020166
45,133,3938994444
45,134,390780554
45,135,1025151328
45,136,1619090030
45,137,1460853780
45,138,1808967730
45,139,983313960
45,140,2875680982
45,141,2497094812
45,142,956906842
45,143,1985262704
45,144,1249443518
45,145,3686689444
45,146,2544041474
45,147,1160424504
45,148,1665221670
45,149,4227757612
45,150,905695786
45,151,1554128256
45,152,2677465358
45,153,3806105396
45,154,1497309650
45,155,891588680
45,156,3481533814
45,157,1555561916
45,158,1242551546
45,159,499715216
45,160,2058240350
45,161,1553041860
45,162,347100066
45,163,161225304
45,164,155112646
45,165,2433973068
45,166,78284234
45,167,2657599904
45,168,2890555310
45,169,2400819796
45,170,3287798642
45,171,2365295208
45,172,2914585110
45,173,1505308380
45,174,2242454682
45,175,3136584880
45,176,1336835070
45,177,2412314852
45,178,604954946
45,179,1174741112
45,180,3815890278
45,181,115955820
45,182,2590044522
45,183,3904732608
45,184,1070978638
45,185,470547828
45,186,3253124370
45,187,3369278600
45,188,1059098294
45,189,2172401660
45,190,3130993722
45,191,921240784
45,192,1819520670
45,193,3529953284
45,194,3882395362
45,195,1742192280
45,196,2293521926
45,197,3017936268
45,198,3853063434
45,199,2943701472
45,200,250823918
45,201,3413489812
45,202,1752555186
45,203,1155352232
45,204,1616153430
45,205,1394809116
45,206,1597762522
45,207,406365424
45,208,3212302654
45,209,2465003300
45,210,1340580994
45,211,3255170232
45,212,3277870758
45,213,132094636
45,214,1284305066
45,215,333528576
45,216,1776069518
45,217,2157497268
45,218,1821325394
45,219,1389103304
45,220,1903099894
45,221,4149203516
45,222,826893178
45,223,2733989136
45,224,582286302
45,225,1901950532
45,226,3191200290
45,227,2902573784
45,228,827311942
45,229,2890137548
45,230,1284932682
45,231,80953888
45,232,3695970862
45,233,3761714900
45,234,3265055218
45,235,1506894568
45,236,4127845526
45,237,1612997468
45,238,3591475994
45,239,4172361008
45,240,4221900414
45,241,1597656420
45,242,2726119362
45,243,2797414648
45,244,3822890982
45,245,2750495980
45,246,449826794
45,247,1587371584
45,248,3447414990
45,249,1888680436
45,250,1049138066
45,251,4137637128
45,252,893342006
45,253,1765985404
45,254,2053012154
45,255,947787088
45,256,3678546206
45,257,3213196420
45,258,476573026
45,259,1923753752
45,260,4292939910
45,261,1799967244
45,262,1136841610
45,263,185700960
45,264,539275118
45,265,3110999316
45,266,867996978
45,267,459792168
45,268,3651743190
45,269,4157410716
45,270,1920604762
45,271,2666403184
45,272,503722942
45,273,2260796324
45,274,2602552066
45,275,968539448
45,276,1572268326
45,277,405684012
45,278,1266257706
45,279,562159232
45,280,3531732494
45,281,1678411828
45,282,354602706
45,283,803012936
45,284,2439086710
45,285,442836668
45,286,3660476922
45,287,2786274704
45,288,2347447902
45,289,1525605060
45,290,2102321314
45,291,2858478424
45,292,691550662
45,293,2046952524
45,294,1300103882
45,295,113263264
45,296,2655859886
45,297,1529500500
45,298,354762866
45,299,825277288
45,300,2919386902
45,301,690821084
45,302,885359002
45,303,629104048
45,304,4167774462
45,305,3012631012
45,306,2971610690
45,307,412004728
45,308,2176778854
45,309,967221612
45,310,2631544426
45,311,2367602368
45,312,2562747214
45,313,3943659124
45,314,3316509202
45,315,3524595080
45,316,3299185590
45,317,3855016188
45,318,218712378
45,319,1917101520
45,320,3800048542
45,321,4188645636
45,322,1413133282
45,323,2645954456
45,324,438649606
45,325,4185790092
45,326,1679299082
45,327,342840032
45,328,3533019630
45,329,3782996372
45,330,3089550258
45,331,2596009896
45,332,1306873942
45,333,2606006812
45,334,2504247514
45,335,2129987056
45,336,346295870
45,337,2814021668
45,338,1405841794
45,339,952698296
45,340,3636788134
45,341,1969906604
45,342,1161932202
45,343,2852388608
45,344,4161192078
45,345,2914108596
45,346,494527826
45,347,148339144
45,348,1172014326
45,349,1048050492
45,350,1195311226
45,351,4221730320
45,352,1154543838
45,353,1774571332
45,354,209413922
45,355,3996750808
45,356,2004364358
45,357,2731378892
45,358,4192272714
45,359,682541856
45,360,4040023854
45,361,2155016148
45,362,1712404210
45,363,2946077672
45,364,3424792982
45,365,2371046492
45,366,2219110426
45,367,1977552432
45,368,3028339582
45,369,1028482660
45,370,3933508802
45,371,3891902968
45,372,597218534
45,373,3498673644
45,374,4076866794
45,375,1489084224
45,376,2149905870
45,377,1812034292
45,378,3788947602
45,379,1471432200
45,380,3285407286
45,381,797472124
45,382,891262906
45,383,2025633360
45,384,3501039134
45,385,2438157700
45,386,157350498
45,387,2507896856
45,388,503379334
45,389,3338689292
45,390,4180201610
45,391,269390688
45,392,3838182510
45,393,2216644116
45,394,1614053938
45,395,525963304
45,396,1938354902
45,397,3594090140
45,398,1780021082
45,399,2899146352
45,400,3520161982
45,401,1717148836
45,402,3563755522
45,403,3417361976
45,404,1527418406
45,405,3893626924
45,406,3429190698
45,407,1374134144
45,408,2028669710
45,409,4262363444
45,410,3491003346
45,411,2587587144
45,412,626853750
45,413,1544048572
45,414,4210757370
45,415,4163063440
45,416,1541811038
45,417,1851931588
45,418,2788912546
45,419,3842751576
45,420,579837638
45,421,1327926604
45,422,3292495818
45,423,1864287136
45,424,1380845998
45,425,1351683156
45,426,3756043634
45,427,4052479080
45,428,3337196566
45,429,3843490012
45,430,655351450
45,431,2656059056
45,432,509994494
45,433,753873636
45,434,1761442626
45,435,3783148152
45,436,2951358310
45,437,4045007468
45,438,1874946922
45,439,637927360
45,440,3794337870
45,441,1407774580
45,442,2642614034
45,443,66911880
45,444,2303236278
45,445,4278684156
45,446,891381306
45,447,1617315536
45,448,1951045790
45,449,386040324
45,450,911917282
45,451,2256167064
45,452,3522439174
45,453,3159367564
45,454,896864010
45,455,3262075872
45,456,2503339758
45,457,1641556628
45,458,375765170
45,459,2243995816
45,460,2165577046
45,461,3237735196
45,462,326739418
45,463,2633459440
45,464,68043582
45,465,3005098276
45,466,4152180354
45,467,2129794744
45,468,2332532902
45,469,3098225836
45,470,4083444394
45,471,1034731520
45,472,1940837774
45,473,1973468596
45,474,4151480914
45,475,545843912
45,476,1181092342
45,477,3952485436
45,478,4158823802
45,479,1880465168
45,480,1605035486
45,481,3108251716
45,482,84866082
45,483,2069325016
45,484,2969473350
45,485,663556556
45,486,2669248074
45,487,1586512928
45,488,3243095086
45,489,1275373780
45,490,756261874
45,491,2475148520
45,492,2497214102
45,493,150484316
45,494,4289088794
45,495,3545427760
45,496,2761588862
45,497,855015268
45,498,3342459330
45,499,1369197304
45,500,2368928230
45,501,2748829420
45,502,3852356074
45,503,3647725632
45,504,2639039182
45,505,2202397684
45,506,2201152914
45,507,3547281160
45,508,3951385398
45,509,2361663100
45,510,3482236090
45,511,3183564624
45,512,467079966
45,513,2604084868
45,514,1437075298
45,515,489867544
45,516,2088688262
45,517,1106076684
45,518,3413953930
45,519,1880200288
45,520,2724551022
45,521,3139864340
45,522,1161457458
45,523,712065320
45,524,755414998
45,525,4095467420
45,526,870700122
45,527,1139988336
45,528,3654983102
45,529,4270339492
45,530,394487042
45,531,1594679096
45,532,2403087142
45,533,2947535148
45,534,1287588138
45,535,299065472
45,536,2261917710
45,537,3035134516
45,538,3725863122
45,539,1480581960
45,540,1064733814
45,541,3852564668
45,542,3228937210
45,543,3086577552
45,544,1587486814
45,545,451646660
45,546,1668676258
45,547,496799064
45,548,692388806
45,549,1417745996
45,550,4243520714
45,551,4219684000
45,552,3159154350
45,553,1934476628
45,554,2016025202
45,555,2987203944
45,556,2892945686
45,557,1366747612
45,558,1887976346
45,559,3378978736
45,560,899586814
45,561,2145602532
45,562,531220546
45,563,80991096
45,564,2717076582
45,565,1900229484
45,566,2803279978
45,567,3614654656
45,568,269456718
45,569,1519937652
45,570,2640725010
45,571,1116401544
45,572,1091149238
45,573,2436772604
45,574,1189577530
45,575,2773346256
45,576,2513636766
45,577,2926664452
45,578,1640549858
45,579,2250551704
45,580,3827371270
45,581,1079519372
45,582,3988786186
45,583,3715454176
45,584,1255425006
45,585,1351246740
45,586,3610420658
45,587,3924515240
45,588,2917194326
45,589,2283361308
45,590,3990717146
45,591,373278704
45,592,28735550
45,593,957858340
45,594,251464578
45,595,4169213880
45,596,237520294
45,597,362935724
45,598,3941935018
45,599,4074471680
45,600,3503614606
45,601,3697653428
45,602,1316568914
45,603,2111855560
45,604,655265526
45,605,3265940796
45,606,1463040634
45,607,2756624400
45,608,3879918302
45,609,3822616900
45,610,2079359266
45,611,3092985304
45,612,300086854
45,613,2122488524
45,614,3493854026
45,615,3396846880
45,616,1103857966
45,617,1189896660
45,618,1805914354
45,619,3919312360
45,620,70040470
45,621,2534612572
45,622,1547020826
45,623,3037515824
45,624,1072838014
45,625,3291846756
45,626,214773442
45,627,1201986552
45,628,1420500710
45,629,1641813996
45,630,2259322602
45,631,77340992
45,632,418521038
45,633,3126879476
45,634,1990007442
45,635,1305487368
45,636,1616207926
45,637,1156958076
45,638,1571541434
45,639,2878077008
45,640,817793054
45,641,1630603140
45,642,3577549922
45,643,1842354712
45,644,1331347334
45,645,537947404
45,646,1321126538
45,647,1327142240
45,648,1292021358
45,649,1652801556
45,650,919493682
45,651,548336168
45,652,3122822358
45,653,359942300
45,654,3823153498
45,655,140392560
45,656,2854343358
45,657,3545026212
45,658,946483714
45,659,1473179704
45,660,776722470
45,661,3003226668
45,662,1619445290
45,663,2235900288
45,664,4030149902
45,665,2358801204
45,666,2468468178
45,667,1307202632
45,668,2477658486
45,669,2066784700
45,670,1050560762
45,671,2308280464
45,672,135664990
45,673,3834310084
45,674,2298382242
45,675,3088277080
45,676,1901619398
45,677,3457261388
45,678,2341239242
45,679,3488466336
45,680,3494491054
45,681,3344989780
45,682,838961010
45,683,1454657128
45,684,311565846
45,685,843895516
45,686,623810714
45,687,1254359216
45,688,2987741182
45,689,812475620
45,690,2837714242
45,691,3868157048
45,692,2346348902
45,693,4263672940
45,694,3604604266
45,695,3311829440
45,696,376711758
45,697,52289908
45,698,425160978
45,699,1908334728
45,700,2682823350
45,701,1617615868
45,702,1448845370
45,703,3841689808
45,704,3139011230
45,705,1140208644
45,706,2860833506
45,707,11862680
45,708,2225861126
45,709,3382063500
45,710,553191690
45,711,2306954720
45,712,3882916078
45,713,2979175572
45,714,1317900978
45,715,2872838824
45,716,2286657366
45,717,3031219484
45,718,946823130
45,719,2395875568
45,720,2174528830
45,721,3181861668
45,722,1850398850
45,723,158742712
45,724,2519132838
45,725,3494821548
45,726,3220432042
45,727,3985654272
45,728,58261390
45,729,3858804660
45,730,1989012562
45,731,81644744
45,732,2614432758
45,733,2276750908
45,734,2033440634
45,735,1011736848
45,736,1335414750
45,737,1837292100
45,738,1159728674
45,739,155518680
45,740,3458554694
45,741,3954058188
45,742,559183946
45,743,2422556192
45,744,1715953198
45,745,1965693652
45,746,1975680498
45,747,2513839848
45,748,3458138262
45,749,4221831004
45,750,2918385434
45,751,3205280048
45,752,4203211390
45,753,1963635044
45,754,2402188226
45,755,773025016
45,756,2919318502
45,757,1318478060
45,758,1780794346
45,759,4266811968
45,760,3876959438
45,761,357621236
45,762,269830034
45,763,2866223368
45,764,3594741046
45,765,471691388
45,766,4084657850
45,767,3860633936
45,768,2204368158
45,769,1732305028
45,770,1545609570
45,771,3948112664
45,772,3398739078
45,773,2775152140
45,774,384747402
45,775,3509163616
45,776,3634234222
45,777,2117531924
45,778,2297448754
45,779,3859981096
45,780,3470541270
45,781,4265783708
45,782,2382990938
45,783,2651822448
45,784,3064399806
45,785,1755801508
45,786,186580738
45,787,435618104
45,788,1815706918
45,789,906584876
45,790,2612822826
45,791,3493651072
45,792,2837072398
45,793,2300472372
45,794,1128104658
45,795,1597687112
45,796,3590559350
45,797,3770010300
45,798,2306139642
45,799,284668304
45,800,3427469918
45,801,1329612484
45,802,3939832994
45,803,410005336
45,804,784977350
45,805,4292356172
45,806,68679370
45,807,274613920
45,808,2185529518
45,809,1355364180
45,810,1634137202
45,811,3280043880
45,812,2907923222
45,813,1268300764
45,814,1493366170
45,815,3328631216
45,816,130680062
45,817,3264052708
45,818,3647758914
45,819,3937465720
45,820,2711590502
45,821,3686253932
45,822,2466980458
45,823,333431488
45,824,3914776398
45,825,1366907508
45,826,1700175378
45,827,1972949384
45,828,1508222902
45,829,814580988
45,830,2004729146
45,831,3278842320
45,832,1478358942
45,833,1536232708
45,834,3834570722
45,835,1512788888
45,836,3885291270
45,837,2617916044
45,838,1663043082
45,839,3935524576
45,840,1594551790
45,841,2297484692
45,842,3497426866
45,843,2914171816
45,844,3293865046
45,845,179709468
45,846,120536282
45,847,2862778864
45,848,4156613182
45,849,3301766180
45,850,3915818370
45,851,366037432
45,852,1459851174
45,853,749832108
45,854,106996138
45,855,1372259072
45,856,4288353422
45,857,2524031156
45,858,3283130706
45,859,2575384008
45,860,1488558326
45,861,4273250108
45,862,1910600826
45,863,3692233232
45,864,212649182
45,865,3661837124
45,866,882744098
45,867,3524581336
45,868,432390214
45,869,3004148940
45,870,643233098
45,871,3562587936
45,872,583086894
45,873,3669873620
45,874,2674846450
45,875,2083936232
45,876,2796504470
45,877,4205506652
45,878,148792346
45,879,2505216560
45,880,1213964158
45,881,3379939940
45,882,576571586
45,883,1760034296
45,884,3442829542
45,885,2919672300
45,886,604831978
45,887,3935216448
45,888,4223093198
45,889,2551666420
45,890,2744874130
45,891,3464759816
45,892,21981750
45,893,3594197372
45,894,2767195066
45,895,292764240
45,896,2277995038
45,897,828815748
45,898,3192991330
45,899,4189895704
45,900,573344134
45,901,368606988
45,902,3087844490
45,903,440309600
45,904,959928430
45,905,306197012
45,906,2409641522
45,907,1587303464
45,908,523503318
45,909,1921456796
45,910,1180724058
45,911,2835806832
45,912,1936342206
45,913,1117257892
45,914,1671547906
45,915,159715896
45,916,2097488422
45,917,2093427756
45,918,2455781418
45,919,381330304
45,920,2776325902
45,921,2927256884
45,922,1114058706
45,923,1882273352
45,924,3128367990
45,925,3660641212
45,926,3036250874
45,927,4062171792
45,928,524156766
45,929,3742080964
45,930,1559863714
45,931,2729640024
45,932,2509845190
45,933,768913740
45,934,4203836362
45,935,3772041120
45,936,3325910446
45,937,327675988
45,938,1515872626
45,939,3698634856
45,940,817014806
45,941,1633330396
45,942,537219738
45,943,3763323568
45,944,2864495102
45,945,3124991716
45,946,2223157058
45,947,1966638712
45,948,390249318
45,949,1308823148
45,950,1873436522
45,951,3873375168
45,952,2092389454
45,953,1235932020
45,954,3580087058
45,955,840483464
45,956,587246774
45,957,3316002300
45,958,3192773178
45,959,3836267216
45,960,3772804254
45,961,2034361860
45,962,3823564002
45,963,4136084632
45,964,1088142342
45,965,4222894988
45,966,1211433738
45,967,615208928
45,968,2778940142
45,969,3668250260
45,970,2968349874
45,971,3578752168
45,972,368781654
45,973,1312132892
45,974,1847400922
45,975,230484720
45,976,3626178366
45,977,3532164388
45,978,1414558338
45,979,2173852344
45,980,2227057830
45,981,1858752684
45,982,1379622570
45,983,1133233152
45,984,3107662222
45,985,4055409076
45,986,2313242194
45,987,533376712
45,988,297541110
45,989,3953838140
45,990,1430065530
45,991,664675088
45,992,2457778654
45,993,2920909892
45,994,510208034
45,995,1992992984
45,996,683943238
45,997,413611468
45,998,1934062154
45,999,3125954592
46,0,1798899758
46,1,2074578132
46,2,1017731058
46,3,2159839464
46,4,1105037974
46,5,1479006556
46,6,2163720474
46,7,3688788784
46,8,2641187966
46,9,1165419364
46,10,2589660610
46,11,1545768696
46,12,3863449062
46,13,3291280108
46,14,1214463466
46,15,3981501504
46,16,1255595726
46,17,1186189300
46,18,2234491282
46,19,2631334664
46,20,2507763510
46,21,927908476
46,22,2249664698
46,23,3515865936
46,24,2984830750
46,25,1134727812
46,26,3486530402
46,27,4245425432
46,28,2317512326
46,29,3049097228
46,30,3323511178
46,31,1314494560
46,32,1657711982
46,33,580872980
46,34,2665358130
46,35,1850475816
46,36,1596574678
46,37,910263196
46,38,551897178
46,39,3443809136
46,40,1416327614
46,41,3843987876
46,42,368220418
46,43,2323194680
46,44,2494482214
46,45,3409638700
46,46,3631349034
46,47,2092852352
46,48,3646583822
46,49,11296308
46,50,3835616466
46,51,1691199304
46,52,4110983286
46,53,732044476
46,54,3576438778
46,55,3507352464
46,56,1961817182
46,57,401406148
46,58,3010211490
46,59,3134968152
46,60,3653670854
46,61,2617719372
46,62,49869002
46,63,1699825824
46,64,2419339950
46,65,329034068
46,66,1893453426
46,67,2240668008
46,68,1353706774
46,69,932351452
46,70,2385883034
46,71,1014932400
46,72,250441470
46,73,2609885156
46,74,2120678466
46,75,3928364920
46,76,549707878
46,77,2567198572
46,78,12033130
46,79,1650738368
46,80,3298158926
46,81,4021439604
46,82,3179214866
46,83,2336142216
46,84,2939793846
46,85,3820279548
46,86,1053554490
46,87,3970460624
46,88,3378569630
46,89,554221316
46,90,2089615842
46,91,969536920
46,92,3296764166
46,93,747916428
46,94,1681391626
46,95,1539922144
46,96,2939787246
46,97,2863613844
46,98,1139956146
46,99,101850536
46,100,826273366
46,101,1126889500
46,102,2167994074
46,103,1545423856
46,104,2529381438
46,105,1792681508
46,106,2198355842
46,107,2964941752
46,108,1398200742
46,109,3667466668
46,110,931404714
46,111,3872556288
46,112,609828494
46,113,4225079988
46,114,488633170
46,115,2075795400
46,116,2061279990
46,117,311882044
46,118,927379066
46,119,3270460432
46,120,1427025630
46,121,1829102916
46,122,3598890274
46,123,1533442520
46,124,790661702
46,125,1618263756
46,126,2619731786
46,127,1716635936
46,128,867097902
46,129,1541883348
46,130,2708587762
46,131,2271787496
46,132,1403637654
46,133,3625632348
46,134,708779546
46,135,917525552
46,136,1841105278
46,137,1829633124
46,138,3408290498
46,139,1807949816
46,140,758624998
46,141,3574152172
46,142,1797749482
46,143,714679616
46,144,3363075022
46,145,623266036
46,146,147967634
46,147,4191153160
46,148,1187083318
46,149,56126332
46,150,2867611066
46,151,3396500560
46,152,1976065054
46,153,569666436
46,154,1688029282
46,155,1497456152
46,156,913724294
46,157,3367538956
46,158,3574775434
46,159,2440730976
46,160,1231290990
46,161,3008668692
46,162,178917426
46,163,4179736104
46,164,1119719638
46,165,225569948
46,166,832054618
46,167,2932325488
46,168,3450513086
46,169,3560649380
46,170,4128335362
46,171,13841464
46,172,3879103526
46,173,1701101100
46,174,32619050
46,175,642262400
46,176,951552270
46,177,2209634100
46,178,2112129490
46,179,554702920
46,180,968369526
46,181,2567521724
46,182,4262247674
46,183,1371673744
46,184,1096673630
46,185,2112115140
46,186,3257711522
46,187,3303711320
46,188,793902278
46,189,2389689164
46,190,2974707146
46,191,3251882400
46,192,3559458734
46,193,1426547284
46,194,4176165746
46,195,2731348584
46,196,3242930710
46,197,2453698268
46,198,3079933082
46,199,2129888432
46,200,2824610814
46,201,3933325540
46,202,2602125634
46,203,2910431352
46,204,4062381414
46,205,12296300
46,206,3660765546
46,207,2859435456
46,208,3035790926
46,209,1200604532
46,210,1906844946
46,211,1695196296
46,212,2995828406
46,213,1320779772
46,214,217584698
46,215,2137918672
46,216,2241812126
46,217,3605370884
46,218,2189496034
46,219,2280801944
46,220,2793637382
46,221,1923765644
46,222,1260977418
46,223,3018676704
46,224,1875766510
46,225,4245651604
46,226,3716499122
46,227,603639464
46,228,3391271766
46,229,2912313628
46,230,1417860058
46,231,969125104
46,232,2812379454
46,233,297910052
46,234,1234046082
46,235,122059960
46,236,4140662438
46,237,3021857452
46,238,1245370538
46,239,1604273664
46,240,888492942
46,241,3100152756
46,242,3513557074
46,243,2437910728
46,244,1209739254
46,245,930683452
46,246,738085754
46,247,1376150800
46,248,3361514462
46,249,2601008708
46,250,820658722
46,251,3823651544
46,252,1624960838
46,253,3463989196
46,254,888302666
46,255,4233579040
46,256,1881322030
46,257,2138898132
46,258,566768114
46,259,1950018280
46,260,2417235094
46,261,1048816476
46,262,414481178
46,263,1237857584
46,264,759873150
46,265,3292206436
46,266,2294263746
46,267,4224299256
46,268,3590707174
46,269,614171884
46,270,542750698
46,271,3328665152
46,272,1754269902
46,273,930005492
46,274,2189556626
46,275,3379485960
46,276,3374807350
46,277,4267185276
46,278,661611194
46,279,2686131536
46,280,1197855006
46,281,1348224132
46,282,1354257762
46,283,1918676760
46,284,1529362566
46,285,2464782860
46,286,2029697930
46,287,128031328
46,288,3774306158
46,289,3361725716
46,290,654572850
46,291,3810354984
46,292,2112837078
46,293,3155711388
46,294,2356740698
46,295,4052819312
46,296,1395121086
46,297,2481834916
46,298,3623760642
46,299,3499312440
46,300,2828800294
46,301,2403632940
46,302,2732554026
46,303,928507520
46,304,3079839246
46,305,999444532
46,306,1647851218
46,307,2297989448
46,308,1015392886
46,309,3865472700
46,310,1134254586
46,311,406599056
46,312,4169850462
46,313,2498865860
46,314,1564166306
46,315,618623832
46,316,3392889286
46,317,1225673804
46,318,2576476874
46,319,442256032
46,320,2249972910
46,321,3687324500
46,322,1183361138
46,323,405947240
46,324,914650902
46,325,895770588
46,326,2954914202
46,327,1269720496
46,328,3943225598
46,329,719970788
46,330,2929301058
46,331,590559608
46,332,3210750566
46,333,3374901612
46,334,2417759850
46,335,3808478912
46,336,1103958862
46,337,1430470260
46,338,1172263442
46,339,2742850952
46,340,3775249334
46,341,3400804604
46,342,1020408122
46,343,1090104784
46,344,2308688798
46,345,517501188
46,346,3385007074
46,347,1157666712
46,348,451177222
46,349,301358732
46,350,2433219082
46,351,1360485088
46,352,3680518638
46,353,3586505108
46,354,3517330354
46,355,319389608
46,356,2493741142
46,357,1366805020
46,358,4227510490
46,359,1253051888
46,360,2126362174
46,361,1262442532
46,362,2078398850
46,363,3912863160
46,364,2736923558
46,365,1062775724
46,366,509580714
46,367,3522299648
46,368,3742328974
46,369,747736244
46,370,4207365458
46,371,1149960648
46,372,762817782
46,373,508642108
46,374,1197729914
46,375,2028176912
46,376,1617467614
46,377,3156252484
46,378,27250466
46,379,1951407064
46,380,4059255878
46,381,2796671180
46,382,3517770058
46,383,2690829088
46,384,345278254
46,385,3932731348
46,386,296525554
46,387,724769768
46,388,2870761878
46,389,1331860572
46,390,1616369690
46,391,3106281008
46,392,1343648638
46,393,3472764516
46,394,2804350146
46,395,1882604024
46,396,347208934
46,397,4142124524
46,398,4227462378
46,399,3837503296
46,400,522821070
46,401,2173516532
46,402,1178609810
46,403,4021538312
46,404,3500899894
46,405,3964517756
46,406,262176698
46,407,4136222288
46,408,2596357662
46,409,1390026116
46,410,1747018338
46,411,2891841560
46,412,741875078
46,413,1481679628
46,414,1171306634
46,415,3570309984
46,416,495496302
46,417,1707152916
46,418,1206643250
46,419,272570408
46,420,3300858582
46,421,104119964
46,422,1166532442
46,423,966819440
46,424,1491275966
46,425,2822136996
46,426,2411266050
46,427,1572427320
46,428,215987750
46,429,2363117612
46,430,1329280042
46,431,3555567488
46,432,1240183566
46,433,742803764
46,434,3852067794
46,435,2156329544
46,436,2976984950
46,437,3619264444
46,438,3117938426
46,439,3363591824
46,440,242602846
46,441,3776250820
46,442,1486345634
46,443,1052394584
46,444,3733112518
46,445,266523980
46,446,1338206154
46,447,2464861088
46,448,2584523182
46,449,2883507284
46,450,2914260338
46,451,3384636520
46,452,1683733526
46,453,3841870044
46,454,2346370714
46,455,1185892016
46,456,1257475582
46,457,3774348004
46,458,2364007234
46,459,2941438584
46,460,3162197862
46,461,910963308
46,462,3061011306
46,463,806881216
46,464,1596303438
46,465,483178356
46,466,2384756498
46,467,714376840
46,468,4002988214
46,469,463786492
46,470,3797569082
46,471,3578482384
46,472,1230389406
46,473,2095139332
46,474,642984162
46,475,3572820120
46,476,1436766214
46,477,1316513676
46,478,3386177290
46,479,1464294368
46,480,3857749742
46,481,953283220
46,482,1951735986
46,483,3074306216
46,484,1153580374
46,485,4073665308
46,486,2342555098
46,487,853700336
46,488,2417486654
46,489,2605904164
46,490,3993216642
46,491,3130171064
46,492,2354366630
46,493,3226039468
46,494,1207063210
46,495,1640679424
46,496,380075406
46,497,1529906612
46,498,3979344466
46,499,2037150408
46,500,3740414454
46,501,2334092348
46,502,2641855866
46,503,3683034896
46,504,2436009438
46,505,1414459460
46,506,480468002
46,507,1889397976
46,508,376027462
46,509,757160396
46,510,106260042
46,511,1987333152
46,512,352607278
46,513,2695524564
46,514,3307146226
46,515,2421247208
46,516,1489149590
46,517,3468131676
46,518,355022106
46,519,684324656
46,520,1243621502
46,521,290932580
46,522,4200352194
46,523,755553016
46,524,490480102
46,525,2413958892
46,526,2450010602
46,527,2845173824
46,528,3762369230
46,529,125940724
46,530,2819380626
46,531,1352580872
46,532,290292534
46,533,2436458108
46,534,2004851898
46,535,1908301648
46,536,3822762782
46,537,2909664900
46,538,2128113506
46,539,1799704856
46,540,3718644358
46,541,1559079948
46,542,3482629514
46,543,486644832
46,544,4078436718
46,545,2407026452
46,546,3244414770
46,547,1686554920
46,548,3408715734
46,549,2949064604
46,550,1891941466
46,551,720756592
46,552,1390167486
46,553,2501180836
46,554,4047621378
46,555,205875000
46,556,1208048422
46,557,2720405804
46,558,2600792362
46,559,537487488
46,560,3821193230
46,561,1506820660
46,562,1544130770
46,563,3954928456
46,564,1283110006
46,565,822263996
46,566,1958908922
46,567,109213584
46,568,4145989726
46,569,3863895236
46,570,2286052002
46,571,1987777880
46,572,2686987206
46,573,653090380
46,574,1742922954
46,575,1333742752
46,576,66815662
46,577,3377171796
46,578,2188214898
46,579,2607719784
46,580,4275110166
46,581,1695429084
46,582,1589846938
46,583,334899120
46,584,1008485118
46,585,2426147812
46,586,168046658
46,587,3050855288
46,588,494171238
46,589,2351266668
46,590,3778580586
46,591,3048556736
46,592,16530766
46,593,2720804980
46,594,2658642962
46,595,3729946504
46,596,2403976630
46,597,93027068
46,598,294677306
46,599,3764580304
46,600,953071006
46,601,1962943236
46,602,1815164386
46,603,2614049176
46,604,2327852294
46,605,1815113868
46,606,2307912714
46,607,3934084320
46,608,2206133230
46,609,708062100
46,610,429002162
46,611,4103659944
46,612,2390688342
46,613,1436326940
46,614,393505498
46,615,2522533872
46,616,1336942654
46,617,2247920164
46,618,1945334658
46,619,3746672568
46,620,3865406886
46,621,2062564780
46,622,1525878698
46,623,858360064
46,624,3485307534
46,625,1218805428
46,626,4238780242
46,627,334750664
46,628,277526262
46,629,1105433916
46,630,1111040634
46,631,502253584
46,632,3468329694
46,633,3885189444
46,634,1442113826
46,635,1020378584
46,636,37625414
46,637,2781274828
46,638,1726735178
46,639,2727071008
46,640,1701982510
46,641,2789353940
46,642,2417981682
46,643,2274721256
46,644,1292297110
46,645,2156029532
46,646,1260950042
46,647,1018419248
46,648,2405948798
46,649,256270436
46,650,1449105090
46,651,2520867832
46,652,597968614
46,653,865492972
46,654,1988390634
46,655,955656512
46,656,2681653198
46,657,3444321524
46,658,4226187922
46,659,3492786184
46,660,1057851446
46,661,2971340668
46,662,1930213818
46,663,3048800336
46,664,2528260126
46,665,3826765700
46,666,1759345762
46,667,319988248
46,668,2742151046
46,669,3837834508
46,670,2856759946
46,671,70950240
46,672,1436898926
46,673,1233487892
46,674,3882206258
46,675,3287579176
46,676,1161340118
46,677,2093977756
46,678,573544794
46,679,1771126896
46,680,3037952702
46,681,3733558948
46,682,3499661826
46,683,1077377080
46,684,2382430246
46,685,321380908
46,686,440184362
46,687,1068181888
46,688,2031607054
46,689,3358604084
46,690,428293586
46,691,2929056840
46,692,3248634230
46,693,3057772988
46,694,2287677690
46,695,1984862352
46,696,646298974
46,697,681424324
46,698,3225087906
46,699,807528024
46,700,1126928582
46,701,3526223692
46,702,1978687946
46,703,1947848096
46,704,3085458350
46,705,940459604
46,706,414510962
46,707,1900402280
46,708,3118745110
46,709,2039749340
46,710,1020887194
46,711,1468205232
46,712,847443966
46,713,3184930020
46,714,4193156418
46,715,2596531320
46,716,374053222
46,717,246727788
46,718,2758528362
46,719,2547550656
46,720,458281550
46,721,3915491700
46,722,3403208978
46,723,2729863304
46,724,1998113462
46,725,1281893372
46,726,3732179002
46,727,104894672
46,728,3422890654
46,729,2335505412
46,730,1868382946
46,731,4254042776
46,732,3996850694
46,733,2938009996
46,734,1681453322
46,735,783900128
46,736,2819309806
46,737,2917950612
46,738,358415026
46,739,2937688744
46,740,635029334
46,741,1038091548
46,742,3010873306
46,743,421081328
46,744,830887230
46,745,2403083044
46,746,3786489986
46,747,3145121976
46,748,3847492262
46,749,3008169644
46,750,3949055146
46,751,1779321344
46,752,4266764174
46,753,4176508852
46,754,2099991634
46,755,4162933960
46,756,1983986678
46,757,111001148
46,758,1235795834
46,759,3827230992
46,760,2365618142
46,761,4193100356
46,762,2173990434
46,763,1022070488
46,764,3916464966
46,765,1419930572
46,766,2272288842
46,767,1219055136
46,768,4192077358
46,769,4281328340
46,770,3333285362
46,771,4110397160
46,772,1005136022
46,773,683888476
46,774,374730522
46,775,2565060912
46,776,2481820286
46,777,1288403300
46,778,2402345922
46,779,266335480
46,780,1542089702
46,781,637577452
46,782,1030663146
46,783,3067898432
46,784,1374313678
46,785,3605833204
46,786,2513350546
46,787,1382457608
46,788,233540918
46,789,267565180
46,790,373806778
46,791,1719247184
46,792,659006750
46,793,2060953732
46,794,4197484898
46,795,130413336
46,796,2979777670
46,797,868859404
46,798,1776725898
46,799,2927205984
46,800,959490926
46,801,2548613396
46,802,234336562
46,803,310913832
46,804,3873597910
46,805,827193756
46,806,1841854042
46,807,2574426480
46,808,4085821374
46,809,143929252
46,810,29189890
46,811,1569687864
46,812,316581158
46,813,601860908
46,814,1625451306
46,815,1456663168
46,816,4260033038
46,817,2070295604
46,818,1913842386
46,819,2903919944
46,820,3303521910
46,821,729223868
46,822,144821754
46,823,3152066960
46,824,279622238
46,825,738397892
46,826,3565255842
46,827,3484333912
46,828,4220319174
46,829,1436840012
46,830,233561802
46,831,616189600
46,832,2849190062
46,833,4230414164
46,834,3297401970
46,835,792921960
46,836,1234537238
46,837,3868197852
46,838,975035802
46,839,3042306480
46,840,2720509182
46,841,3970319844
46,842,816237122
46,843,3256188280
46,844,3674259046
46,845,33164652
46,846,2483882602
46,847,4202810048
46,848,2720229198
46,849,4134347380
46,850,1732773394
46,851,1539332488
46,852,1510330294
46,853,3023752444
46,854,1560716602
46,855,3940823504
46,856,1996070814
46,857,1132451076
46,858,64442338
46,859,1580587928
46,860,3021209350
46,861,1531085452
46,862,3989827082
46,863,1207656160
46,864,1200985582
46,865,3355090324
46,866,3149260722
46,867,3401597864
46,868,3201469526
46,869,1872326172
46,870,1940268250
46,871,1595773424
46,872,2845477438
46,873,991018020
46,874,188550530
46,875,3003240888
46,876,3173037990
46,877,2908737452
46,878,2369685930
46,879,712575744
46,880,2523118734
46,881,1880191156
46,882,3267232082
46,883,167036360
46,884,3289759990
46,885,2639128380
46,886,3351665786
46,887,3524528656
46,888,1074031838
46,889,257817412
46,890,1937900322
46,891,3572195288
46,892,59462
46,893,2108945612
46,894,4225949002
46,895,2362232608
46,896,3326597934
46,897,2943589332
46,898,3167376114
46,899,3163545576
46,900,3647565206
46,901,2340042844
46,902,2326875162
46,903,3780745776
46,904,3417393022
46,905,1306956388
46,906,2026909890
46,907,4259612152
46,908,4195258598
46,909,2871063020
46,910,2059856106
46,911,1195944768
46,912,3933991374
46,913,677584628
46,914,3385121938
46,915,3141767688
46,916,837259830
46,917,1908433276
46,918,1966142394
46,919,671105616
46,920,161159710
46,921,4121788804
46,922,114398818
46,923,2908701720
46,924,1008972166
46,925,2382939916
46,926,2725555338
46,927,1069457248
46,928,2444886126
46,929,2124544532
46,930,2300026418
46,931,876731432
46,932,1680486102
46,933,2437046940
46,934,1737446234
46,935,1587151472
46,936,2184963262
46,937,2536818852
46,938,1487942658
46,939,3360528952
46,940,177883686
46,941,407729196
46,942,49686570
46,943,2306911104
46,944,1715209998
46,945,2003971380
46,946,3115096018
46,947,3409755720
46,948,172704630
46,949,1419918268
46,950,160852730
46,951,2067323536
46,952,697149278
46,953,1954441156
46,954,2568358306
46,955,3105982552
46,956,4249639622
46,957,4115724620
46,958,3285539786
46,959,2237714336
46,960,3451651502
46,961,429242452
46,962,3656239474
46,963,3110484072
46,964,1642385430
46,965,1879174364
46,966,1787837082
46,967,3513698992
46,968,4278870526
46,969,2701942500
46,970,2183993154
46,971,2412580472
46,972,2677269350
46,973,2851427948
46,974,1142703978
46,975,28380096
46,976,2306079822
46,977,3444480884
46,978,3351589650
46,979,3983559304
46,980,3960526006
46,981,17004028
46,982,2705769018
46,983,843961040
46,984,2913735838
46,985,568372740
46,986,4255079650
46,987,566373528
46,988,273343494
46,989,3030158220
46,990,3126127370
46,991,1514364896
46,992,1444801262
46,993,2086590100
46,994,1620890802
46,995,730657960
46,996,225005910
46,997,2932397852
46,998,1812201946
46,999,208138992
47,0,736935742
47,1,226317604
47,2,3298220674
47,3,703783608
47,4,2714459302
47,5,2905118892
47,6,3565766314
47,7,2557070336
47,8,2348011918
47,9,2986895796
47,10,559853138
47,11,762197704
47,12,2919777782
47,13,3388215356
47,14,3499227514
47,15,2345610000
47,16,1539727838
47,17,2883867716
47,18,4290613282
47,19,1758539992
47,20,2045726022
47,21,1694203340
47,22,1480809034
47,23,2465615904
47,24,3199184942
47,25,3138213076
47,26,3329540082
47,27,3259371752
47,28,3649548950
47,29,1822892380
47,30,3157960986
47,31,3121969968
47,32,2863856766
47,33,2526522212
47,34,3879566786
47,35,3293517560
47,36,839955942
47,37,116865772
47,38,3264030186
47,39,238742592
47,40,1569425102
47,41,3316619252
47,42,3955820946
47,43,4005987080
47,44,1593939766
47,45,2592344700
47,46,2747797690
47,47,2655839056
47,48,2980876062
47,49,3633928836
47,50,1656791906
47,51,1742640408
47,52,1997117062
47,53,930992140
47,54,3891308938
47,55,3691618400
47,56,1396790638
47,57,28390164
47,58,2898627378
47,59,220302632
47,60,1896870870
47,61,1621937052
47,62,595865690
47,63,1560765296
47,64,3576502718
47,65,241918372
47,66,2842755330
47,67,3832654648
47,68,2838753062
47,69,879836460
47,70,2490885418
47,71,4222905472
47,72,2785745934
47,73,3226740276
47,74,1146373330
47,75,3976802120
47,76,1171048566
47,77,4123223228
47,78,2671314938
47,79,1482095504
47,80,3845037150
47,81,2249179332
47,82,3791165090
47,83,1350195544
47,84,2087305158
47,85,4113793612
47,86,732747978
47,87,3121434784
47,88,396548782
47,89,2488955220
47,90,2900309618
47,91,4088359272
47,92,3067221270
47,93,3655980508
47,94,3794835354
47,95,1338878896
47,96,3173717758
47,97,1594390500
47,98,3263259714
47,99,1743429496
47,100,2550466662
47,101,1252433772
47,102,1218020458
47,103,3513142464
47,104,3309474126
47,105,1913001076
47,106,1079009298
47,107,1002847112
47,108,3778664886
47,109,4139917052
47,110,3207913274
47,111,2155705296
47,112,3827075486
47,113,2857862916
47,114,817195490
47,115,2889121176
47,116,920635654
47,117,4281111692
47,118,1573382154
47,119,2308006112
47,120,3349430254
47,121,3474526100
47,122,1477558706
47,123,3045041576
47,124,3315471958
47,125,3211673628
47,126,2962218714
47,127,3304608752
47,128,746386494
47,129,2323574308
47,130,3787368322
47,131,2219439032
47,132,3344171430
47,133,4138164652
47,134,1430389674
47,135,3621817600
47,136,3540117134
47,137,3268764340
47,138,3977075538
47,139,1183688648
47,140,3893938934
47,141,1351629116
47,142,2014025338
47,143,3041938448
47,144,1413895902
47,145,1400941892
47,146,4198964514
47,147,1553793496
47,148,2335945286
47,149,1316554444
47,150,814864202
47,151,2133184800
47,152,3608511790
47,153,637341140
47,154,934096114
47,155,3928113640
47,156,4030986134
47,157,2420771420
47,158,3203532314
47,159,3340196912
47,160,2767368574
47,161,2866725988
47,162,2927151810
47,163,3340740600
47,164,938531558
47,165,2105770988
47,166,2831246058
47,167,800271680
47,168,2669222862
47,169,3000111348
47,170,1339766418
47,171,3505353736
47,172,1228512310
47,173,1312666492
47,174,3054316986
47,175,1834976336
47,176,2474378270
47,177,2811966340
47,178,3791499362
47,179,2604918296
47,180,2521660294
47,181,1948834060
47,182,3462047370
47,183,2807734624
47,184,1908845166
47,185,622226452
47,186,3439425586
47,187,2166832680
47,188,3247683798
47,189,1670198428
47,190,3047624026
47,191,951764080
47,192,1616662206
47,193,4063754916
47,194,3355430402
47,195,368819256
47,196,581669926
47,197,3159033388
47,198,2842141226
47,199,3513658752
47,200,2975346958
47,201,1510743860
47,202,1711927762
47,203,4135297096
47,204,728518006
47,205,3537538492
47,206,3716785402
47,207,4147846288
47,208,3079508318
47,209,3837204932
47,210,2200511394
47,211,4189661784
47,212,2900698310
47,213,2571897676
47,214,3648148938
47,215,3871330720
47,216,2072489902
47,217,1886726740
47,218,2438898546
47,219,3256785512
47,220,4233976342
47,221,3897016028
47,222,3036607642
47,223,3564276912
47,224,1351207934
47,225,2862256356
47,226,3315839298
47,227,2926456952
47,228,4166266214
47,229,672000108
47,230,897892714
47,231,2376175040
47,232,1234118222
47,233,3901984116
47,234,619285778
47,235,717368456
47,236,3984645814
47,237,1500956668
47,238,3402693690
47,239,2037585104
47,240,2387279518
47,241,1625579524
47,242,1897494242
47,243,1636617880
47,244,1540533766
47,245,2129829260
47,246,1814619402
47,247,4192559584
47,248,2418578670
47,249,3291039892
47,250,4128550578
47,251,1285052072
47,252,2607864662
47,253,1703520540
47,254,1430895578
47,255,751744240
47,256,525019454
47,257,907446052
47,258,917795970
47,259,637994168
47,260,1639622310
47,261,3453758124
47,262,2741551274
47,263,215830016
47,264,1603140494
47,265,2792905652
47,266,2043283538
47,267,961747144
47,268,642207734
47,269,4112671292
47,270,3526570874
47,271,4070010128
47,272,2642693086
47,273,2318599748
47,274,924756514
47,275,340710104
47,276,1743132486
47,277,2116849612
47,278,416175178
47,279,1968919072
47,280,58284590
47,281,4098016980
47,282,1685297650
47,283,405041896
47,284,3516808342
47,285,3127047004
47,286,2799133466
47,287,2891922736
47,288,779118206
47,289,247192932
47,290,2726434754
47,291,1784035576
47,292,1068433382
47,293,1388694764
47,294,3244531690
47,295,3484511808
47,296,2737090766
47,297,4090137076
47,298,1241211794
47,299,1170105608
47,300,2760876342
47,301,1357732988
47,302,3221244602
47,303,959980880
47,304,587823390
47,305,3870493828
47,306,1485356386
47,307,2878289688
47,308,3455017094
47,309,2282349068
47,310,3920798602
47,311,3316752992
47,312,3779723118
47,313,3973162260
47,314,1036739890
47,315,1951592232
47,316,162889174
47,317,1575198108
47,318,838330970
47,319,2511611248
47,320,2546566078
47,321,3332019108
47,322,2287770370
47,323,3236678968
47,324,2868984102
47,325,4091203372
47,326,3586481962
47,327,783150720
47,328,2082686478
47,329,1218058292
47,330,1926078162
47,331,3415478600
47,332,1865011830
47,333,2951198396
47,334,3632808442
47,335,4226104720
47,336,346719838
47,337,343175876
47,338,1353167010
47,339,417200984
47,340,3267267014
47,341,630887500
47,342,1629868746
47,343,796414624
47,344,3983180974
47,345,2984633172
47,346,3681292402
47,347,146000744
47,348,3867582230
47,349,1595647964
47,350,4143665562
47,351,56454576
47,352,757498110
47,353,130197988
47,354,1603534402
47,355,3344417144
47,356,4102115942
47,357,2250977644
47,358,2665348714
47,359,1516424896
47,360,173652814
47,361,888604276
47,362,3381705234
47,363,2657361288
47,364,3303400374
47,365,3978391804
47,366,3625654586
47,367,3241063888
47,368,540504990
47,369,3381082372
47,370,2462811106
47,371,2781552536
47,372,3005453062
47,373,2012128908
47,374,2037899786
47,375,3477037792
47,376,2745887214
47,377,1603240340
47,378,2393217970
47,379,3570861992
47,380,1122082902
47,381,1696272924
47,382,1848744154
47,383,3890943472
47,384,2018991678
47,385,2487492644
47,386,2541240706
47,387,1932137912
47,388,2768194470
47,389,1992749996
47,390,1392344490
47,391,1533021952
47,392,630722702
47,393,1626428596
47,394,462730578
47,395,3921578440
47,396,479450358
47,397,2074774332
47,398,4077441146
47,399,3886321168
47,400,2877309150
47,401,3556466500
47,402,2319726370
47,403,4091978712
47,404,1139702854
47,405,940972236
47,406,2767769930
47,407,2576798496
47,408,937111342
47,409,702447572
47,410,2697463538
47,411,810329064
47,412,831947158
47,413,2935086172
47,414,2280308762
47,415,233643568
47,416,3140230014
47,417,1177482852
47,418,2539218114
47,419,301124088
47,420,2102076646
47,421,3401455084
47,422,2691947754
47,423,305508160
47,424,1571702222
47,425,2358838004
47,426,774475922
47,427,825447944
47,428,620996150
47,429,1720911228
47,430,3584124858
47,431,2782316112
47,432,3562335774
47,433,434169220
47,434,2590100066
47,435,4240476184
47,436,1374635398
47,437,3072387852
47,438,3455623306
47,439,1527685984
47,440,2513130606
47,441,1558371860
47,442,1394823730
47,443,3399786536
47,444,4252320470
47,445,330303132
47,446,2893465434
47,447,401835632
47,448,4017404094
47,449,261303460
47,450,3196545026
47,451,1229053496
47,452,1983176230
47,453,522229804
47,454,2911968298
47,455,930328448
47,456,4201405198
47,457,2415792436
47,458,3198110674
47,459,1347584584
47,460,3305461622
47,461,1357569980
47,462,2754928378
47,463,173366928
47,464,1887796062
47,465,2571619268
47,466,510934434
47,467,300469336
47,468,4059426502
47,469,3726581068
47,470,1455902666
47,471,3090600864
47,472,1632328110
47,473,1554816084
47,474,3741810034
47,475,2876177512
47,476,692970518
47,477,40210652
47,478,3156586138
47,479,2156809904
47,480,3338745342
47,481,4202742500
47,482,1683114818
47,483,380064376
47,484,3230431078
47,485,2835249772
47,486,413481834
47,487,1537871808
47,488,4221718606
47,489,1529905012
47,490,2185619218
47,491,2058096264
47,492,459860150
47,493,1975654908
47,494,4212340282
47,495,4222637776
47,496,232908958
47,497,1749029380
47,498,1774948578
47,499,3706679448
47,500,1892841478
47,501,773894028
47,502,431283978
47,503,765420512
47,504,4130029294
47,505,2773203604
47,506,1975814322
47,507,842774696
47,508,1878025558
47,509,2183297820
47,510,256341466
47,511,2588767984
47,512,2879492926
47,513,688372004
47,514,3624537730
47,515,3484624568
47,516,3307335846
47,517,895990956
47,518,4160764586
47,519,3882405888
47,520,421537166
47,521,4131409332
47,522,644702802
47,523,1003485896
47,524,2130598390
47,525,2821239868
47,526,4002180474
47,527,947367696
47,528,4063901150
47,529,3034167364
47,530,3350709282
47,531,1600419032
47,532,1398071622
47,533,3224740300
47,534,1762741834
47,535,265835552
47,536,1748698158
47,537,3402643668
47,538,1084912626
47,539,379245800
47,540,3291268758
47,541,838255964
47,542,1982602522
47,543,2411790128
47,544,3206926462
47,545,3577220964
47,546,1627304386
47,547,569727736
47,548,616909286
47,549,694968044
47,550,3656522218
47,551,457175104
47,552,3266697934
47,553,2168290292
47,554,1348844946
47,555,2001618696
47,556,2123737910
47,557,1395568252
47,558,183534778
47,559,1463510864
47,560,459170590
47,561,3307519620
47,562,2072565602
47,563,4074232088
47,564,1447897734
47,565,1164833804
47,566,254582154
47,567,2339480672
47,568,2202708334
47,569,2034898708
47,570,1627995954
47,571,1746686248
47,572,1356007382
47,573,1223847836
47,574,958637146
47,575,1668867952
47,576,3680366014
47,577,1361167780
47,578,1048589570
47,579,318631736
47,580,3091628838
47,581,2182897964
47,582,3301628202
47,583,264204416
47,584,540241934
47,585,876087860
47,586,2642344146
47,587,1756820296
47,588,3774798966
47,589,2044987580
47,590,1418689530
47,591,3331030928
47,592,1058959454
47,593,4147193028
47,594,3230583458
47,595,1222221144
47,596,1854624710
47,597,114927180
47,598,1314311370
47,599,2767934624
47,600,3408539310
47,601,1959351636
47,602,4029737586
47,603,2387619176
47,604,2025007382
47,605,2519038428
47,606,410913690
47,607,4026871728
47,608,2451172094
47,609,114613220
47,610,2816383042
47,611,6087544
47,612,2423626854
47,613,3565667180
47,614,920287338
47,615,3044495552
47,616,292087118
47,617,1598027892
47,618,2735281170
47,619,2744778632
47,620,2768891318
47,621,3076047612
47,622,1203327802
47,623,3438802896
47,624,3410648478
47,625,3238980356
47,626,3390676450
47,627,1794752920
47,628,3370081542
47,629,3850942604
47,630,3772767242
47,631,956654816
47,632,2074711022
47,633,2573071252
47,634,4285625778
47,635,1220962728
47,636,3600624214
47,637,2157962268
47,638,1284199130
47,639,3891648496
47,640,757712958
47,641,2019643940
47,642,3429489538
47,643,2678208440
47,644,4129461670
47,645,1304331692
47,646,644937642
47,647,3572994304
47,648,774257294
47,649,1785022132
47,650,3998486354
47,651,327642056
47,652,25616118
47,653,1050467644
47,654,3636333178
47,655,2299580432
47,656,3853658846
47,657,2966294852
47,658,3279507746
47,659,3133687256
47,660,3390654022
47,661,1519069900
47,662,4179086154
47,663,4229944608
47,664,2291718446
47,665,3675779540
47,666,2551898354
47,667,2936997352
47,668,1029770134
47,669,124890716
47,670,2241559066
47,671,3587891248
47,672,2925364606
47,673,1071065188
47,674,3547463362
47,675,4267568120
47,676,1780313830
47,677,3000018924
47,678,31348458
47,679,248525120
47,680,3325784014
47,681,3585602804
47,682,78637714
47,683,4228855816
47,684,1699065910
47,685,3670038396
47,686,1944953274
47,687,4049995856
47,688,1814419486
47,689,1820235652
47,690,3489522786
47,691,4057279000
47,692,252252038
47,693,1995504908
47,694,1095670410
47,695,2061149536
47,696,2647129710
47,697,1174884372
47,698,3145542706
47,699,817496616
47,700,3083783382
47,701,3249199260
47,702,3959325018
47,703,474237040
47,704,3481608894
47,705,256269988
47,706,3695641090
47,707,2183135288
47,708,2771789862
47,709,1624123948
47,710,2943522346
47,711,3683725696
47,712,3782771982
47,713,961020724
47,714,1668064722
47,715,4173423688
47,716,1997955446
47,717,4006818236
47,718,4254603514
47,719,3565658256
47,720,4101334366
47,721,2989522372
47,722,183981986
47,723,565210712
47,724,1820244166
47,725,3821678412
47,726,3688122826
47,727,432395680
47,728,520553390
47,729,4265348692
47,730,1659393906
47,731,2505530984
47,732,2293657110
47,733,3730531036
47,734,537159834
47,735,4123136176
47,736,40935422
47,737,2965304548
47,738,4265141570
47,739,3900208248
47,740,2554118502
47,741,1288113260
47,742,2373825898
47,743,2345308608
47,744,1068333646
47,745,1160081780
47,746,2145009938
47,747,4247646344
47,748,365490870
47,749,1977969660
47,750,3524096058
47,751,3641022672
47,752,3429946014
47,753,1475593220
47,754,2276829922
47,755,3018461848
47,756,4014621190
47,757,3794190732
47,758,1660475658
47,759,359753184
47,760,673573102
47,761,1069952148
47,762,2142003890
47,763,4235664040
47,764,719843158
47,765,613633308
47,766,972894170
47,767,1961113840
47,768,1894776126
47,769,105966372
47,770,1217898626
47,771,1190611128
47,772,1812019878
47,773,63655596
47,774,1917826218
47,775,1208766976
47,776,1487556494
47,777,3244310452
47,778,3343432786
47,779,1424284872
47,780,1479369718
47,781,50791996
47,782,3315443578
47,783,2104488208
47,784,4192739294
47,785,1272474180
47,786,1367924258
47,787,1779570392
47,788,3694897990
47,789,1259779020
47,790,3909896266
47,791,2188203552
47,792,2364845614
47,793,1588964052
47,794,4212739570
47,795,3718854376
47,796,1362317462
47,797,4083324764
47,798,3392722714
47,799,2218443056
47,800,4241701502
47,801,168575332
47,802,3266530242
47,803,187464952
47,804,2169738214
47,805,2867523820
47,806,2889389034
47,807,283537984
47,808,1547633870
47,809,2382917108
47,810,2668107666
47,811,2742429960
47,812,2366879030
47,813,3242721404
47,814,613990074
47,815,408332624
47,816,984304926
47,817,2481877124
47,818,1807806818
47,819,1572371224
47,820,2955080838
47,821,2410284556
47,822,4166948746
47,823,1296672352
47,824,3645068142
47,825,3340405012
47,826,3061782834
47,827,142455592
47,828,3865612758
47,829,1104757148
47,830,3641138778
47,831,3864373616
47,832,1072322494
47,833,3456169892
47,834,1809567490
47,835,4205318456
47,836,1896074534
47,837,4281725740
47,838,25711402
47,839,3202937472
47,840,842766862
47,841,2737699892
47,842,1684558546
47,843,3832665416
47,844,994829942
47,845,1941461692
47,846,3008280058
47,847,3628712336
47,848,76175966
47,849,1313199812
47,850,3517834402
47,851,7159640
47,852,533732806
47,853,3102783564
47,854,2470430410
47,855,982931104
47,856,1356978350
47,857,4244948820
47,858,2335032434
47,859,2760150888
47,860,223851286
47,861,2668055516
47,862,3870868890
47,863,902099376
47,864,2349159678
47,865,2084507108
47,866,996225602
47,867,855246200
47,868,199353958
47,869,1438405996
47,870,2962158186
47,871,44290752
47,872,2054164302
47,873,283175540
47,874,1824091666
47,875,1801970056
47,876,564524982
47,877,1969755388
47,878,2920254778
47,879,3285793232
47,880,2236958622
47,881,2968427780
47,882,1990178786
47,883,465593240
47,884,403908358
47,885,1744489100
47,886,872404490
47,887,3873662688
47,888,4020256238
47,889,2625922452
47,890,1249202098
47,891,827181992
47,892,550548566
47,893,838645276
47,894,3952938202
47,895,3843594736
47,896,3941872190
47,897,1456899108
47,898,546534786
47,899,699554232
47,900,1522392998
47,901,2609780652
47,902,1872523690
47,903,1688670976
47,904,2360108174
47,905,4281415860
47,906,88828242
47,907,3823652296
47,908,921823478
47,909,3110547260
47,910,3375055994
47,911,3113554448
47,912,2732332254
47,913,167297860
47,914,1172728610
47,915,3510757336
47,916,3183218758
47,917,3587718348
47,918,3438200138
47,919,3334526752
47,920,1766753070
47,921,1504273364
47,922,3181755122
47,923,2255054824
47,924,3013842326
47,925,3116990556
47,926,1476670490
47,927,1054908976
47,928,512159614
47,929,3084343908
47,930,46307522
47,931,2892041720
47,932,2657597670
47,933,1438333420
47,934,1828770026
47,935,1166193472
47,936,2025888206
47,937,2922309364
47,938,1936606354
47,939,1367546376
47,940,2852108854
47,941,3401951612
47,942,821156794
47,943,1879919184
47,944,4209951262
47,945,3212069252
47,946,584187490
47,947,2592197656
47,948,1838864774
47,949,3550023436
47,950,3361510538
47,951,650028896
47,952,700229742
47,953,8634900
47,954,2786002482
47,955,3546768424
47,956,2426427094
47,957,2373823132
47,958,339622746
47,959,1705839216
47,960,2693631166
47,961,290558116
47,962,3242105858
47,963,3767935544
47,964,1336898086
47,965,2706619436
47,966,1326190634
47,967,3720786816
47,968,108834574
47,969,1978266932
47,970,4101111762
47,971,264783432
47,972,3785321334
47,973,3432219580
47,974,2310230778
47,975,1976689296
47,976,3814543198
47,977,1332817860
47,978,3904008610
47,979,1225789528
47,980,3162473158
47,981,3394060620
47,982,144262090
47,983,728553376
47,984,1421520302
47,985,1965260884
47,986,3170972018
47,987,2681716840
47,988,3130456086
47,989,2619946204
47,990,2157650586
47,991,1410192048
47,992,2732067326
47,993,3981780708
47,994,861372226
47,995,1138857592
47,996,526715750
47,997,862428780
47,998,873344874
47,999,1040389056
48,0,3048252494
48,1,3329385332
48,2,3181812498
48,3,3527922312
48,4,2090925238
48,5,2044771836
48,6,4022315578
48,7,829610704
48,8,1777843358
48,9,1342141956
48,10,1792525538
48,11,108835992
48,12,2000292870
48,13,3137655692
48,14,3891581706
48,15,3512428512
48,16,3323499246
48,17,3013123732
48,18,3016506546
48,19,3410656424
48,20,1817672022
48,21,1826365212
48,22,1969940954
48,23,3700620016
48,24,255223614
48,25,3992067364
48,26,677200514
48,27,2882759352
48,28,4132996262
48,29,1493622956
48,30,2992058026
48,31,1321718784
48,32,3190585742
48,33,668479924
48,34,4233893458
48,35,2761014984
48,36,1372876278
48,37,633165884
48,38,4150714746
48,39,3783275280
48,40,1418594782
48,41,1865358404
48,42,1955723298
48,43,1415035096
48,44,2728031558
48,45,1053803980
48,46,952058442
48,47,3977926688
48,48,296114222
48,49,3488816340
48,50,868231154
48,51,2370803944
48,52,414309014
48,53,514222428
48,54,1123914010
48,55,2848752432
48,56,2272830590
48,57,3443028836
48,58,1738532290
48,59,1174118136
48,60,4116307430
48,61,4148265708
48,62,3627486698
48,63,3500471360
48,64,264253134
48,65,975921140
48,66,3588387218
48,67,3929410312
48,68,1879686966
48,69,3141096060
48,70,2901997754
48,71,2626284368
48,72,552613662
48,73,1930437252
48,74,3375434594
48,75,204545304
48,76,2070986374
48,77,2260604940
48,78,1162383754
48,79,725198944
48,80,2201222510
48,81,4131584788
48,82,3727487794
48,83,1970738472
48,84,1786125270
48,85,1754796956
48,86,2980255834
48,87,1045064560
48,88,1701757374
48,89,1563961764
48,90,2960091394
48,91,2548708152
48,92,1966675750
48,93,2334623020
48,94,738053418
48,95,1546286208
48,96,1379648526
48,97,3044798004
48,98,1737075922
48,99,1589950280
48,100,504426614
48,101,3177491644
48,102,2495999994
48,103,1361052560
48,104,82723934
48,105,968001732
48,106,604307106
48,107,1603854680
48,108,1988945862
48,109,1541392972
48,110,3487613130
48,111,273242272
48,112,512852654
48,113,1788361044
48,114,1281531506
48,115,1800466792
48,116,1148468502
48,117,2579570140
48,118,28016538
48,119,4103910320
48,120,3135815422
48,121,2281783268
48,122,3122383938
48,123,2133796728
48,124,113651814
48,125,701032300
48,126,2885381226
48,127,1642616000
48,128,3849271630
48,129,1775885428
48,130,3332491282
48,131,365806472
48,132,3669623222
48,133,1196386044
48,134,2870855482
48,135,3318905808
48,136,3998757278
48,137,3106295556
48,138,945672674
48,139,3625911704
48,140,1086255366
48,141,524606604
48,142,316133386
48,143,4174997728
48,144,2676942830
48,145,2298664852
48,146,263268786
48,147,2926390696
48,148,3246145110
48,149,2570160156
48,150,3949381338
48,151,4283653104
48,152,1370922046
48,153,1336129060
48,154,871698306
48,155,828013496
48,156,1926310310
48,157,2151000492
48,158,3464489898
48,159,711890176
48,160,3777662606
48,161,1062546100
48,162,8045394
48,163,2061578184
48,164,1557459702
48,165,201949500
48,166,1682996858
48,167,2570146832
48,168,2197683934
48,169,4286281028
48,170,2978710818
48,171,1465092568
48,172,3201751622
48,173,3388821196
48,174,3229466442
48,175,427415840
48,176,2046569774
48,177,3314734548
48,178,2976421106
48,179,3596339688
48,180,878583702
48,181,3858322012
48,182,2669997594
48,183,1761502256
48,184,2879936894
48,185,3459222628
48,186,3310039746
48,187,1006383096
48,188,3123315430
48,189,3548236780
48,190,2178632426
48,191,3595384128
48,192,356369358
48,193,905828596
48,194,442801810
48,195,1368325128
48,196,2469512246
48,197,1453521788
48,198,2897089978
48,199,1103924304
48,200,548383774
48,201,851573636
48,202,853416034
48,203,382103064
48,204,228893574
48,205,3977847052
48,206,52596362
48,207,2126162272
48,208,3651752558
48,209,2891461652
48,210,3000557618
48,211,3534538280
48,212,669638870
48,213,2536012956
48,214,3308647770
48,215,338545776
48,216,42858174
48,217,901038756
48,218,225326594
48,219,2225357880
48,220,362855462
48,221,11619884
48,222,744327722
48,223,1578382720
48,224,158914830
48,225,1709434676
48,226,296704466
48,227,3043436616
48,228,2761979254
48,229,170644924
48,230,3901132026
48,231,238298256
48,232,3711777118
48,233,2433343940
48,234,1470466978
48,235,2819076696
48,236,2180533446
48,237,2980598604
48,238,2098609610
48,239,220977568
48,240,2724616110
48,241,3781358164
48,242,2370964338
48,243,3941605992
48,244,1592754710
48,245,1540294364
48,246,2112478362
48,247,3144783024
48,248,1211593726
48,249,3494074596
48,250,2746095938
48,251,1222817912
48,252,4127544678
48,253,2095067244
48,254,2891360618
48,255,2454951360
48,256,4255895118
48,257,4279719284
48,258,3685414162
48,259,435795080
48,260,4025550518
48,261,2712932348
48,262,4096386106
48,263,620240080
48,264,2255922846
48,265,1885546500
48,266,3006389986
48,267,4104607384
48,268,2829178374
48,269,3636127116
48,270,1219022090
48,271,2170382816
48,272,1879260398
48,273,549654676
48,274,2988709554
48,275,3199590056
48,276,3560899414
48,277,2063397148
48,278,1636869082
48,279,4049190128
48,280,645189950
48,281,4293611300
48,282,391830658
48,283,508005560
48,284,69717670
48,285,1427796652
48,286,1477879978
48,287,463164928
48,288,3920012174
48,289,1235755956
48,290,1705472082
48,291,1255579848
48,292,200505334
48,293,810265148
48,294,602413946
48,295,2225632528
48,296,2720789470
48,297,1054723652
48,298,3503493666
48,299,1043684056
48,300,1181826886
48,301,3143686092
48,302,4163517514
48,303,1876908576
48,304,2521825838
48,305,1049136852
48,306,2325676530
48,307,1166932712
48,308,3131597974
48,309,3552721756
48,310,2155498266
48,311,544621872
48,312,4279635582
48,313,1052550500
48,314,4022632386
48,315,4066558200
48,316,551036902
48,317,779097324
48,318,4260202474
48,319,2054911552
48,320,2100910286
48,321,2779140596
48,322,2499070866
48,323,1804463368
48,324,3346516278
48,325,1627563132
48,326,1141977786
48,327,64302416
48,328,1848451358
48,329,2190070916
48,330,869868898
48,331,507625240
48,332,1479968902
48,333,1252665868
48,334,2515176330
48,335,1161931360
48,336,555525998
48,337,650341652
48,338,2014498098
48,339,3473438504
48,340,2096866774
48,341,3710838172
48,342,1660342874
48,343,2337746288
48,344,3958057918
48,345,516381604
48,346,2889548546
48,347,180639032
48,348,1692819750
48,349,1173428012
48,350,3828041514
48,351,126088832
48,352,540274190
48,353,2334253108
48,354,1189283538
48,355,4155480392
48,356,692976246
48,357,1994981052
48,358,2566203898
48,359,1359889808
48,360,3762957918
48,361,3648469700
48,362,1469323426
48,363,2254209880
48,364,314683846
48,365,262593612
48,366,2755246794
48,367,1175739040
48,368,3560516782
48,369,3716393812
48,370,3553589362
48,371,45437800
48,372,3188246294
48,373,2790453212
48,374,156645786
48,375,1284273584
48,376,3200526590
48,377,1243312612
48,378,3289278018
48,379,83642744
48,380,555907686
48,381,1890417004
48,382,3374311018
48,383,4081374912
48,384,4066796366
48,385,2318061172
48,386,1354899986
48,387,3268126088
48,388,1883638710
48,389,1292810492
48,390,3739484474
48,391,4075011536
48,392,2790464414
48,393,4189454596
48,394,2941512674
48,395,3222644632
48,396,3806509830
48,397,728166028
48,398,493341194
48,399,2397530848
48,400,729125358
48,401,2128169364
48,402,4012180402
48,403,3760492456
48,404,1486866518
48,405,3594410524
48,406,3957883098
48,407,1453727216
48,408,24184382
48,409,2194204708
48,410,2794367362
48,411,3600457144
48,412,3730600870
48,413,464862124
48,414,3810223530
48,415,1179522816
48,416,3416307854
48,417,1255218356
48,418,2145525074
48,419,4168225224
48,420,321912054
48,421,1451479868
48,422,1244510330
48,423,1206228496
48,424,639101150
48,425,2975213380
48,426,2791874338
48,427,1828531160
48,428,1835639878
48,429,1459249356
48,430,1942272330
48,431,340450080
48,432,1520555822
48,433,1054099412
48,434,325283570
48,435,3202755560
48,436,1603316118
48,437,2885755996
48,438,4210927642
48,439,1949574704
48,440,4123116414
48,441,2732572260
48,442,3138112706
48,443,3442430456
48,444,1566854374
48,445,1276665324
48,446,3765290218
48,447,3778000704
48,448,1001582030
48,449,2367998708
48,450,2576545938
48,451,473095688
48,452,3235630646
48,453,2656587132
48,454,2267172794
48,455,2258882128
48,456,2104006174
48,457,3865554308
48,458,2686595682
48,459,2258833432
48,460,2401660294
48,461,3815846668
48,462,2443217034
48,463,2731453280
48,464,1301150830
48,465,1770300948
48,466,2178595378
48,467,1317677096
48,468,497773270
48,469,4272639644
48,470,2665852762
48,471,1204194928
48,472,2508611774
48,473,2624582820
48,474,1624625154
48,475,2387240504
48,476,2534016550
48,477,2665930796
48,478,3882288170
48,479,2088351616
48,480,2322400014
48,481,691394868
48,482,1529131986
48,483,161352264
48,484,1612283766
48,485,3348899772
48,486,3121727226
48,487,3182323344
48,488,2182423390
48,489,2533004228
48,490,4157646242
48,491,1586975832
48,492,1558779590
48,493,3118163276
48,494,3645585354
48,495,3741506464
48,496,2819228078
48,497,1660576852
48,498,1943725426
48,499,2527102056
48,500,364907542
48,501,1028446428
48,502,3085997722
48,503,1273845424
48,504,2458836478
48,505,2039057124
48,506,4013732674
48,507,393992824
48,508,3156057958
48,509,1227932268
48,510,2522293098
48,511,2830899136
48,512,3080648782
48,513,252987252
48,514,2045202194
48,515,4098070152
48,516,263786678
48,517,224354812
48,518,2135694906
48,519,3549781712
48,520,3253571742
48,521,3642677764
48,522,12843234
48,523,2657745048
48,524,595697670
48,525,1531508620
48,526,622118666
48,527,1165454304
48,528,3320178414
48,529,2806350484
48,530,448000178
48,531,4139335848
48,532,43945302
48,533,1861600028
48,534,2658033114
48,535,3543695088
48,536,1454062398
48,537,1547469092
48,538,3046143618
48,539,3193155256
48,540,896473254
48,541,403047596
48,542,59646634
48,543,3464943616
48,544,2065223054
48,545,1188042164
48,546,2737490514
48,547,1739817672
48,548,646611446
48,549,1118960700
48,550,3944830330
48,551,2263398160
48,552,2193743326
48,553,3672408132
48,554,105655330
48,555,1202388184
48,556,1740638534
48,557,3771328972
48,558,3343726154
48,559,716987424
48,560,3136400430
48,561,3396731092
48,562,2679495666
48,563,644111592
48,564,3608604310
48,565,850791772
48,566,581895450
48,567,137889584
48,568,61569150
48,569,2123945828
48,570,4213250498
48,571,811721464
48,572,2748215782
48,573,1886824172
48,574,3176923626
48,575,778696768
48,576,1152025294
48,577,4034479092
48,578,2084513170
48,579,1199427336
48,580,861786934
48,581,3533960828
48,582,2313252026
48,583,1849192272
48,584,3261205278
48,585,3797649028
48,586,1270431586
48,587,3018481944
48,588,3866382982
48,589,4218305548
48,590,2319746442
48,591,3143740512
48,592,1392333166
48,593,2023481108
48,594,607168306
48,595,892459304
48,596,3187224534
48,597,3214784412
48,598,2365754458
48,599,3984322416
48,600,1935644094
48,601,850300324
48,602,4282293506
48,603,1932949304
48,604,3758861094
48,605,1335011628
48,606,3390095658
48,607,3774183552
48,608,1008998414
48,609,1142936116
48,610,2725535954
48,611,3476192072
48,612,4244833398
48,613,3225768124
48,614,1608279034
48,615,4162094992
48,616,916330590
48,617,1301540036
48,618,207303330
48,619,2495096152
48,620,2490268614
48,621,4098223692
48,622,2957685962
48,623,4227292320
48,624,299423406
48,625,1975983444
48,626,3245625970
48,627,2326902120
48,628,437604630
48,629,3837575644
48,630,2646143898
48,631,1569994672
48,632,932680446
48,633,3800933348
48,634,4181262402
48,635,3831589752
48,636,4210476134
48,637,1248463724
48,638,2818334826
48,639,3602471104
48,640,1096125774
48,641,2446573684
48,642,2870639634
48,643,2455865224
48,644,2185893302
48,645,2795899644
48,646,3915529018
48,647,1796014032
48,648,1296434590
48,649,2459808516
48,650,2072118754
48,651,4087630232
48,652,2659091718
48,653,2892038284
48,654,4088382474
48,655,3373100256
48,656,861158382
48,657,2651306900
48,658,2295389618
48,659,3866358184
48,660,2252034646
48,661,153299996
48,662,2367830746
48,663,185655280
48,664,2586013758
48,665,273029668
48,666,408961922
48,667,963821496
48,668,1029684646
48,669,2383203756
48,670,1299111850
48,671,3628439808
48,672,3960398478
48,673,1101336244
48,674,595687250
48,675,2090529736
48,676,4194502390
48,677,3101041980
48,678,448983674
48,679,3853637648
48,680,740938462
48,681,1065933124
48,682,3296573730
48,683,842976728
48,684,1769238086
48,685,2630841036
48,686,2260972362
48,687,3610500384
48,688,2873065774
48,689,3849173460
48,690,2207664370
48,691,1611173352
48,692,3577426838
48,693,736163420
48,694,193880602
48,695,2155997232
48,696,2631085438
48,697,1441263716
48,698,2214880962
48,699,2147120120
48,700,672569062
48,701,3750424556
48,702,683163370
48,703,2250914112
48,704,2350913486
48,705,3550723316
48,706,2432258706
48,707,3513696264
48,708,3539851318
48,709,3253051260
48,710,1615759802
48,711,1586696272
48,712,2971238430
48,713,4200947588
48,714,178146402
48,715,169325080
48,716,2451584902
48,717,3600893196
48,718,332825226
48,719,3002772832
48,720,627746414
48,721,1476990996
48,722,3004470322
48,723,1728023080
48,724,300217558
48,725,3825606812
48,726,1095592282
48,727,544690288
48,728,4185311934
48,729,1703093924
48,730,1534421506
48,731,495487032
48,732,1944801318
48,733,2616488492
48,734,539524650
48,735,1492597120
48,736,693710094
48,737,3755985716
48,738,1892814290
48,739,745335880
48,740,3020589430
48,741,618953148
48,742,2656370938
48,743,2755700880
48,744,1910836574
48,745,2168669636
48,746,1764999074
48,747,2361325144
48,748,3981566150
48,749,48658252
48,750,3174576586
48,751,3237076384
48,752,94743470
48,753,434755156
48,754,278642546
48,755,3270043240
48,756,2131269142
48,757,1621273308
48,758,3467595930
48,759,629217456
48,760,568215550
48,761,153599204
48,762,3053669698
48,763,3484220536
48,764,296610150
48,765,3092862060
48,766,2450496874
48,767,2705103296
48,768,2206868046
48,769,375994740
48,770,945531154
48,771,2166716552
48,772,2079922870
48,773,3705844732
48,774,824596538
48,775,1565171920
48,776,3160177310
48,777,2855439364
48,778,4086174434
48,779,600087192
48,780,2279172614
48,781,1655638412
48,782,490258698
48,783,1034513888
48,784,1740673262
48,785,1730147476
48,786,2373700274
48,787,2471797416
48,788,2541098838
48,789,1757844764
48,790,3422820314
48,791,2721005808
48,792,1071228222
48,793,585478948
48,794,2734559362
48,795,2885144760
48,796,707682982
48,797,3251213996
48,798,1421712554
48,799,2273991168
48,800,310572942
48,801,1062209460
48,802,1424368722
48,803,455632072
48,804,1100581878
48,805,2096123452
48,806,3977416570
48,807,138475792
48,808,2521810910
48,809,1665348164
48,810,3036497442
48,811,2428018392
48,812,2793853766
48,813,3473603532
48,814,1177038922
48,815,1035034144
48,816,529225262
48,817,2478535380
48,818,319075826
48,819,1339211496
48,820,234715286
48,821,1535237980
48,822,3382427418
48,823,2165426480
48,824,892920446
48,825,2899118436
48,826,699773890
48,827,536413432
48,828,507296742
48,829,3713349868
48,830,3062004714
48,831,208697920
48,832,101952718
48,833,983840244
48,834,734101394
48,835,2651173128
48,836,1404820790
48,837,807225468
48,838,510240442
48,839,4222857552
48,840,3180262686
48,841,2995075204
48,842,2966509922
48,843,3979019032
48,844,3324648582
48,845,3104460300
48,846,3260448650
48,847,2912530016
48,848,3101031278
48,849,197939476
48,850,2189852978
48,851,3354606376
48,852,3446585814
48,853,803506588
48,854,3485877850
48,855,2226696560
48,856,2613837758
48,857,3102588836
48,858,1232746242
48,859,4047542584
48,860,2259219750
48,861,3356244780
48,862,2108570410
48,863,142539392
48,864,1175208462
48,865,7717940
48,866,440253138
48,867,88956232
48,868,959450742
48,869,3111756476
48,870,2306579962
48,871,1714604432
48,872,2817131102
48,873,3054018244
48,874,3797568674
48,875,2863384408
48,876,2610120134
48,877,700252236
48,878,2484317898
48,879,1374838432
48,880,2003861678
48,881,1398968148
48,882,3041995890
48,883,591796072
48,884,4170832662
48,885,1962841052
48,886,1590930842
48,887,1202977200
48,888,3311598846
48,889,1901581796
48,890,4187724354
48,891,1029606776
48,892,876809830
48,893,3607010668
48,894,3901807210
48,895,742775488
48,896,1916581710
48,897,2698293876
48,898,1974130194
48,899,2760862088
48,900,2965774262
48,901,1947557116
48,902,1788376378
48,903,1313751504
48,904,2201022366
48,905,2749195524
48,906,1021845474
48,907,2462772120
48,908,328355590
48,909,3258126988
48,910,900709898
48,911,3343609568
48,912,1462429166
48,913,109981076
48,914,2092218290
48,915,3780858792
48,916,3931036758
48,917,1373634076
48,918,1863578842
48,919,1016308208
48,920,3150830142
48,921,404442148
48,922,694803842
48,923,2044912056
48,924,802883494
48,925,4147929004
48,926,2910476714
48,927,5577472
48,928,3799321742
48,929,1137770676
48,930,2337853778
48,931,660329928
48,932,2974683382
48,933,1392539452
48,934,1980771450
48,935,2459310608
48,936,892583134
48,937,3390278468
48,938,2882196258
48,939,3340267480
48,940,1391933510
48,941,3145499852
48,942,2574953802
48,943,2184503072
48,944,198519598
48,945,3646893012
48,946,2717983474
48,947,3653431272
48,948,895335830
48,949,2241382492
48,950,1893145626
48,951,2917640752
48,952,1088198526
48,953,122167908
48,954,3224699074
48,955,1952290296
48,956,3124814054
48,957,2916450796
48,958,4206541034
48,959,3845962560
48,960,2793750990
48,961,695906036
48,962,2694294674
48,963,2437063176
48,964,1771561526
48,965,3779785084
48,966,3627205562
48,967,3919204944
48,968,1539467806
48,969,2394624388
48,970,307390050
48,971,3240383512
48,972,3063021958
48,973,3869857548
48,974,700742794
48,975,3476991840
48,976,20926574
48,977,2548402708
48,978,3867569714
48,979,1007479848
48,980,2761326294
48,981,1731785372
48,982,1282220890
48,983,3191870064
48,984,3462345918
48,985,2968410276
48,986,2639070210
48,987,1381935672
48,988,1279564326
48,989,400163884
48,990,1990326314
48,991,327990144
48,992,2252166926
48,993,2850143540
48,994,4072105938
48,995,1037291080
48,996,1081316214
48,997,1107610556
48,998,894450426
48,999,3790269072
49,0,1286403934
49,1,1877211076
49,2,1271847330
49,3,1384028248
49,4,3543313094
49,5,2898889036
49,6,3369937866
49,7,3539525536
49,8,1530484142
49,9,640763988
49,10,60070258
49,11,2412333160
49,12,986259478
49,13,3855645916
49,14,1646660250
49,15,1747770032
49,16,2519052798
49,17,2669539044
49,18,2550261570
49,19,2440437368
49,20,2528523110
49,21,3931760236
49,22,1065359210
49,23,2614434752
49,24,23940174
49,25,890645364
49,26,3070755602
49,27,3768539784
49,28,3568379062
49,29,809371132
49,30,2847445562
49,31,3793216208
49,32,365126814
49,33,60702212
49,34,730868962
49,35,2763472024
49,36,1974023174
49,37,250420108
49,38,3507796746
49,39,2314432480
49,40,4120066798
49,41,2152883860
49,42,2860229810
49,43,3028812968
49,44,851812694
49,45,2289002268
49,46,2320617946
49,47,2117993200
49,48,2181041982
49,49,1944511780
49,50,2141432450
49,51,120844984
49,52,2187701414
49,53,1919232172
49,54,3953465002
49,55,1722145792
49,56,1340416398
49,57,1395128756
49,58,450461266
49,59,2234861256
49,60,4246771190
49,61,4278624316
49,62,3384527226
49,63,682703632
49,64,2094379486
49,65,4160349252
49,66,2095472674
49,67,962478296
49,68,2730859846
49,69,2787380684
49,70,347810378
49,71,3367919648
49,72,1679622190
49,73,3126387924
49,74,2223738866
49,75,3789103336
49,76,4284220054
49,77,1847963996
49,78,356546842
49,79,2869136176
49,80,868109438
49,81,3914939236
49,82,461524418
49,83,3777505016
49,84,807601638
49,85,2500578028
49,86,2304833002
49,87,881785920
49,88,1635047118
49,89,2754029556
49,90,1132190098
49,91,2401604360
49,92,3365005110
49,93,2574162556
49,94,2712264890
49,95,3427201872
49,96,4289978142
49,97,319220356
49,98,52523874
49,99,3926107416
49,100,2539120262
49,101,2742968332
49,102,3726670218
49,103,1005170784
49,104,4071007598
49,105,5554964
49,106,856972082
49,107,2806816040
49,108,1264337878
49,109,1308842908
49,110,3410100314
49,111,1896706928
49,112,87058878
49,113,3515150756
49,114,720228610
49,115,2766322488
49,116,4173217574
49,117,3479031084
49,118,2667820330
49,119,2652929152
49,120,3723258894
49,121,3760436788
49,122,1312756946
49,123,3120578376
49,124,2111117430
49,125,2189817020
49,126,3050493946
49,127,3144223632
49,128,3559779422
49,129,852840644
49,130,2039572130
49,131,3895945560
49,132,3358592966
49,133,3490452044
49,134,4019497162
49,135,1745182880
49,136,2768251566
49,137,2522218836
49,138,1332086386
49,139,3966925160
49,140,4187383062
49,141,1998087644
49,142,3970328474
49,143,720092080
49,144,136734462
49,145,377096164
49,146,1698051138
49,147,804499320
49,148,1829197926
49,149,912994156
49,150,719148138
49,151,334126272
49,152,622584142
49,153,3610092660
49,154,1349726226
49,155,425020296
49,156,2612668854
49,157,3579621116
49,158,42381114
49,159,3165094864
49,160,3893615006
49,161,1299519236
49,162,2475047394
49,163,3179908504
49,164,3793623302
49,165,2363303052
49,166,2204612618
49,167,2845929696
49,168,922324974
49,169,3630997396
49,170,1792053682
49,171,4040865192
49,172,618292822
49,173,3497316380
49,174,834514650
49,175,187589616
49,176,108020798
49,177,3125313060
49,178,2041280386
49,179,3085632440
49,180,1439584678
49,181,2000941484
49,182,2738738090
49,183,3732708608
49,184,1322464910
49,185,1901392564
49,186,1466444626
49,187,414496712
49,188,3641776886
49,189,1157810492
49,190,4229260922
49,191,1855085584
49,192,3778389726
49,193,1895185732
49,194,4233096482
49,195,1267339736
49,196,3388080710
49,197,3540096716
49,198,1273603914
49,199,894296352
49,200,476239150
49,201,984128980
49,202,245628146
49,203,1276465640
49,204,536364950
49,205,3643316828
49,206,3403142682
49,207,476408880
49,208,2178810238
49,209,3607123044
49,210,261987010
49,211,3394811896
49,212,3018009318
49,213,3606582252
49,214,4134875882
49,215,510082368
49,216,719481806
49,217,2930352372
49,218,1752041106
49,219,2075034632
49,220,615115830
49,221,478692220
49,222,2395930042
49,223,1203344464
49,224,493048862
49,225,3278422916
49,226,1463713890
49,227,3418945048
49,228,2625358726
49,229,864643340
49,230,1936357002
49,231,396013920
49,232,2165045870
49,233,1226439700
49,234,3157280818
49,235,3987885608
49,236,1975519446
49,237,2823013532
49,238,1615125850
49,239,1092670576
49,240,3024068286
49,241,2662435492
49,242,3327958530
49,243,1288490040
49,244,3222660134
49,245,848795180
49,246,2329113130
49,247,3426368896
49,248,1092190478
49,249,2805706548
49,250,2161426898
49,251,1574088776
49,252,2773785974
49,253,1056775612
49,254,520320250
49,255,2527931536
49,256,2993480030
49,257,2195499460
49,258,1067578274
49,259,3486923352
49,260,2928374982
49,261,3615791948
49,262,2621056458
49,263,890757536
49,264,1220870062
49,265,2815474260
49,266,3972363122
49,267,490842728
49,268,3909200406
49,269,3973467868
49,270,307545242
49,271,871406768
49,272,2405768190
49,273,1533812964
49,274,892895554
49,275,2094481528
49,276,3946216806
49,277,4281497708
49,278,1051234666
49,279,3095764416
49,280,3511187022
49,281,2333810036
49,282,2515295506
49,283,850476168
49,284,3118542518
49,285,661739516
49,286,2298661946
49,287,2180850896
49,288,1847742110
49,289,90304516
49,290,1221215970
49,291,1094835864
49,292,2364603910
49,293,2147691916
49,294,3769152778
49,295,1247113696
49,296,257811694
49,297,316463252
49,298,296976050
49,299,2052286120
49,300,1955408726
49,301,3991943452
49,302,2035780570
49,303,2271528176
49,304,3172890942
49,305,1866471204
49,306,3951117442
49,307,4027061432
49,308,3725915814
49,309,1238940332
49,310,1749323946
49,311,2346278400
49,312,3544140686
49,313,2723670964
49,314,2500122706
49,315,3319408840
49,316,4179599350
49,317,3908366908
49,318,555549562
49,319,137985296
49,320,3595803614
49,321,3104347716
49,322,4261902882
49,323,1637606104
49,324,4236011334
49,325,2249531340
49,326,3540395082
49,327,3957547552
49,328,682011182
49,329,1582192340
49,330,2487904754
49,331,4235690728
49,332,1261603990
49,333,2325840732
49,334,2778542874
49,335,2785889584
49,336,2671490686
49,337,1413311844
49,338,1887889346
49,339,2481932536
49,340,2038517734
49,341,3080346860
49,342,3589763050
49,343,3334831680
49,344,4140695758
49,345,1291983348
49,346,1668166546
49,347,987591944
49,348,836759862
49,349,781708412
49,350,3013745338
49,351,4294063440
49,352,684771614
49,353,601922692
49,354,3802762594
49,355,3396618008
49,356,4194152582
49,357,3670700556
49,358,2107798410
49,359,2253501024
49,360,2691649390
49,361,1983198484
49,362,3587847474
49,363,4080926504
49,364,3619802582
49,365,972696988
49,366,527809114
49,367,3531224432
49,368,1334629310
49,369,2624856996
49,370,1134127874
49,371,2921127224
49,372,3595274534
49,373,2240241452
49,374,3457232682
49,375,3252289152
49,376,2747569678
49,377,53061684
49,378,3732434642
49,379,223027528
49,380,1794253430
49,381,996820668
49,382,2229408250
49,383,397888912
49,384,1533662814
49,385,3824812740
49,386,1912635554
49,387,1834683224
49,388,3125074374
49,389,120792140
49,390,1657643722
49,391,1580229280
49,392,981980334
49,393,1587639124
49,394,800252018
49,395,104258408
49,396,3171610390
49,397,185219036
49,398,3878756762
49,399,658210224
49,400,2682376446
49,401,4059314660
49,402,3691564610
49,403,3693138296
49,404,1162060390
49,405,2293219692
49,406,249679466
49,407,2913394368
49,408,4193454926
49,409,1423873652
49,410,3681782290
49,411,280178056
49,412,3810931638
49,413,3933995260
49,414,1361897786
49,415,3591947728
49,416,468632478
49,417,2942617860
49,418,526144482
49,419,2480943000
49,420,2854347526
49,421,744437388
49,422,2094510602
49,423,2416931552
49,424,1925200366
49,425,866324884
49,426,4079250354
49,427,888281000
49,428,3588091990
49,429,2766250524
49,430,1964992730
49,431,2531337712
49,432,436907582
49,433,382578724
49,434,2837778818
49,435,327886264
49,436,1329175462
49,437,774079404
49,438,3468250538
49,439,2461802240
49,440,3509149838
49,441,3929072820
49,442,665814354
49,443,1889901000
49,444,290202870
49,445,2933726012
49,446,1288872058
49,447,2577833488
49,448,3492778206
49,449,1412493124
49,450,1443694370
49,451,3750999000
49,452,1852099654
49,453,56535244
49,454,1041277258
49,455,276751136
49,456,2095611694
49,457,692719572
49,458,1769920242
49,459,3607081960
49,460,889901462
49,461,1183870044
49,462,3113259034
49,463,3959107120
49,464,4292307838
49,465,3843065444
49,466,306066626
49,467,2716588536
49,468,3036509414
49,469,2062722540
49,470,3152522474
49,471,1370079040
49,472,3107427790
49,473,2200998644
49,474,2289852562
49,475,2964481544
49,476,2754868790
49,477,2476578172
49,478,606287802
49,479,2565920336
49,480,2516336158
49,481,3094246788
49,482,2036505186
49,483,1241880600
49,484,3822949766
49,485,3712056076
49,486,2429055114
49,487,2886644576
49,488,1154524270
49,489,2342940180
49,490,3557958194
49,491,2616176680
49,492,627151574
49,493,3341194908
49,494,483694426
49,495,3373897328
49,496,1259866302
49,497,1322040484
49,498,1990473730
49,499,752021048
49,500,1868508710
49,501,204285996
49,502,4240239658
49,503,2734669696
49,504,4193102606
49,505,4159545652
49,506,3140099026
49,507,2892599880
49,508,2192418678
49,509,1003319228
49,510,4218334970
49,511,3800526480
49,512,1126484830
49,513,3660405700
49,514,3836546466
49,515,616946776
49,516,526139078
49,517,2736237900
49,518,3612286922
49,519,122610592
49,520,1850255790
49,521,3200789588
49,522,1814973810
49,523,2337410152
49,524,699544598
49,525,2511610076
49,526,2134605466
49,527,2831965872
49,528,2912716286
49,529,1578259172
49,530,765926210
49,531,2983223928
49,532,2939078502
49,533,383978092
49,534,797510506
49,535,390995904
49,536,2468061262
49,537,947392372
49,538,1963505426
49,539,2539331208
49,540,3414767798
49,541,3799820796
49,542,1862600250
49,543,1559914192
49,544,1702443166
49,545,3481117188
49,546,3946602722
49,547,426016920
49,548,1840302086
49,549,3589357452
49,550,3958681354
49,551,2664395744
49,552,1428197102
49,553,1052723860
49,554,1663260850
49,555,79087784
49,556,4241274198
49,557,3108571932
49,558,957695450
49,559,3718481648
49,560,2436162366
49,561,888228132
49,562,2258034306
49,563,2255763128
49,564,3711713446
49,565,1747209388
49,566,1788611242
49,567,388292608
49,568,1016165774
49,569,1289739700
49,570,1667773010
49,571,4246145736
49,572,3583420918
49,573,1522222140
49,574,2469805434
49,575,3336158992
49,576,1120503262
49,577,3329181764
49,578,3630208034
49,579,695305432
49,580,1403728198
49,581,2396926412
49,582,554245706
49,583,3340788768
49,584,220746798
49,585,2677786836
49,586,3795928050
49,587,3215844584
49,588,2441156246
49,589,3505739100
49,590,447868186
49,591,2452557616
49,592,397484158
49,593,226074468
49,594,3368255938
49,595,1481534200
49,596,2589432294
49,597,1694559980
49,598,1011214826
49,599,3809738816
49,600,1713318606
49,601,1429539828
49,602,731418002
49,603,3240974088
49,604,799406902
49,605,261701244
49,606,4099036346
49,607,3065345872
49,608,3638932254
49,609,85085828
49,610,4016678754
49,611,2927421720
49,612,2384165510
49,613,2129560588
49,614,1088187786
49,615,2899424352
49,616,1647311214
49,617,2372773652
49,618,181931826
49,619,3418841384
49,620,312432598
49,621,331939740
49,622,1818326106
49,623,3372152688
49,624,450969022
49,625,968578468
49,626,863831298
49,627,753860408
49,628,3209745190
49,629,176746796
49,630,2866194730
49,631,2477490304
49,632,932495374
49,633,2307365428
49,634,1793706194
49,635,523109192
49,636,2693213302
49,637,69638332
49,638,2527677434
49,639,2602405776
49,640,3718103134
49,641,3916870852
49,642,1806146210
49,643,1511435608
49,644,298951622
49,645,4013045324
49,646,2378079434
49,647,1416848544
49,648,3624369838
49,649,3427067220
49,650,4130847346
49,651,2425568616
49,652,3807869206
49,653,1356073436
49,654,4000570266
49,655,1554202544
49,656,747977470
49,657,600206308
49,658,4262684738
49,659,1642460024
49,660,1559751782
49,661,3989590892
49,662,882788458
49,663,427516096
49,664,2428646734
49,665,971475060
49,666,3064718354
49,667,2863206280
49,668,654982582
49,669,3547550460
49,670,4136313658
49,671,3131181008
49,672,3200363934
49,673,3920395012
49,674,2154458594
49,675,902746520
49,676,194882822
49,677,3233368204
49,678,3254758410
49,679,2593486048
49,680,2860442606
49,681,942769044
49,682,3048228274
49,683,3449911720
49,684,2639886934
49,685,4012274716
49,686,3644400346
49,687,4289456112
49,688,2526877758
49,689,1303044644
49,690,1473686402
49,691,2898479032
49,692,3156010406
49,693,1004213676
49,694,3488401322
49,695,1024696576
49,696,158829198
49,697,3462715060
49,698,2620317522
49,699,1328446408
49,700,4194250486
49,701,2962189628
49,702,138926714
49,703,869457936
49,704,2720103134
49,705,2479071556
49,706,1493311778
49,707,2738181592
49,708,3763312198
49,709,1821620940
49,710,267361098
49,711,868738336
49,712,3446024494
49,713,3309535700
49,714,1385279730
49,715,2592216552
49,716,345332630
49,717,3989847644
49,718,3707849242
49,719,1017704496
49,720,1523111294
49,721,1366866020
49,722,1746325186
49,723,454491128
49,724,1569701606
49,725,3116709868
49,726,3943835370
49,727,2667856192
49,728,4052008910
49,729,3339683060
49,730,2697116306
49,731,1347307528
49,732,2285240374
49,733,1720379260
49,734,942633402
49,735,4248836176
49,736,1703749662
49,737,2378966916
49,738,415151202
49,739,1541028376
49,740,750215046
49,741,64064780
49,742,568224394
49,743,2895820128
49,744,3968683630
49,745,2139807764
49,746,3458989106
49,747,1724191272
49,748,1400577238
49,749,3823200412
49,750,572281178
49,751,1982486640
49,752,854094526
49,753,3779063460
49,754,1310970370
49,755,309399608
49,756,4196431910
49,757,3298474540
49,758,1818125866
49,759,3084730752
49,760,1354355982
49,761,3153564468
49,762,1102542290
49,763,1234728008
49,764,2021568886
49,765,1484112316
49,766,1787947258
49,767,3849957520
49,768,2664740190
49,769,2513833412
49,770,3673171874
49,771,1900904024
49,772,3315927238
49,773,797097804
49,774,438049226
49,775,1771955616
49,776,1808028590
49,777,2333580884
49,778,567224178
49,779,4193939048
49,780,2631581206
49,781,6943452
49,782,1222260890
49,783,3871350960
49,784,2429284350
49,785,3339748580
49,786,558740802
49,787,1348568184
49,788,2191462758
49,789,1366006892
49,790,2988541290
49,791,3626934720
49,792,3873884750
49,793,1563230580
49,794,4099739922
49,795,782041224
49,796,2846442166
49,797,2170551292
49,798,4223615034
49,799,2467277008
49,800,2613584542
49,801,2180076548
49,802,3001449186
49,803,1293886104
49,804,3085472262
49,805,817320332
49,806,2465769738
49,807,2808182240
49,808,1725642990
49,809,603569300
49,810,1053504178
49,811,1941056168
49,812,1803829078
49,813,175758620
49,814,1770717146
49,815,2700757232
49,816,2655210814
49,817,3841620772
49,818,4041504898
49,819,3933755576
49,820,534481574
49,821,3980910252
49,822,2460714154
49,823,680026624
49,824,735813518
49,825,1925173172
49,826,637766738
49,827,1256975560
49,828,847623158
49,829,1952028220
49,830,3221714810
49,831,2224161040
49,832,1647800286
49,833,1076755012
49,834,2884742690
49,835,2967414488
49,836,1213332294
49,837,3766436812
49,838,2663651402
49,839,2054514208
49,840,2980183598
49,841,2655075028
49,842,242228722
49,843,1266435816
49,844,1917296790
49,845,1629562716
49,846,343844634
49,847,2406011184
49,848,1025411710
49,849,890098020
49,850,3292011458
49,851,1313180920
49,852,849732582
49,853,3175055596
49,854,1548510186
49,855,2843378240
49,856,1332237518
49,857,3703569908
49,858,1006299026
49,859,1108687112
49,860,1642333494
49,861,1551011964
49,862,62557882
49,863,277920080
49,864,2951912734
49,865,3600547972
49,866,3378626914
49,867,3055389464
49,868,4088480902
49,869,2951386636
49,870,3352192906
49,871,3479811680
49,872,3622347630
49,873,1711151380
49,874,1913514290
49,875,1357431592
49,876,2616517078
49,877,4218409372
49,878,1376071258
49,879,1956362608
49,880,120432574
49,881,3378153380
49,882,2593693442
49,883,1096360248
49,884,1406016806
49,885,2120385324
49,886,3579061034
49,887,865403520
49,888,962390542
49,889,2470284340
49,890,2475893458
49,891,262726984
49,892,3197384310
49,893,4240108220
49,894,2334688762
49,895,1704710544
49,896,4207520350
49,897,1665885892
49,898,109491362
49,899,3463073624
49,900,1859546566
49,901,2819180620
49,902,275224266
49,903,1791911584
49,904,494872750
49,905,4282406740
49,906,1123325042
49,907,2877792104
49,908,190579478
49,909,1752554460
49,910,2725156250
49,911,3944939952
49,912,1312859390
49,913,3421543908
49,914,1800798786
49,915,3779270008
49,916,1411659366
49,917,2244011372
49,918,1007862378
49,919,2003296960
49,920,2307481422
49,921,2789767796
49,922,2182888978
49,923,121041288
49,924,124143542
49,925,2957157628
49,926,2460048698
49,927,2319665616
49,928,1888262046
49,929,474754308
49,930,1454409698
49,931,3277157272
49,932,2794551046
49,933,1777031820
49,934,4074743306
49,935,3912464096
49,936,2117438958
49,937,102233492
49,938,1383342002
49,939,3672693672
49,940,458032214
49,941,3477292572
49,942,4262124762
49,943,1703848432
49,944,472351294
49,945,2128614436
49,946,633357698
49,947,2744347064
49,948,1014509478
49,949,3228215212
49,950,1188577706
49,951,4253229824
49,952,2545792142
49,953,1039190196
49,954,1424374098
49,955,3561971144
49,956,858405110
49,957,1780072252
49,958,3463779450
49,959,1561797136
49,960,4144719070
49,961,1336824644
49,962,2771335970
49,963,3060725720
49,964,3216138310
49,965,782290124
49,966,1636209994
49,967,3207128864
49,968,2916864814
49,969,781513684
49,970,1776061170
49,971,3063707624
49,972,1587013014
49,973,4008185948
49,974,3576300570
49,975,779006512
49,976,850542462
49,977,1010362980
49,978,2972149954
49,979,1440357880
49,980,1301940454
49,981,3010447852
49,982,603234538
49,983,645317440
49,984,1942612430
49,985,2588309236
49,986,1363219602
49,987,2055350792
49,988,1890585142
49,989,3041933692
49,990,1794354106
49,991,2493995600
49,992,739643934
49,993,1669454212
49,994,3578973794
49,995,558291992
49,996,386476422
49,997,3342442252
49,998,3333186698
49,999,960411488
